storage,alicasmd IG Story 2023-05-19 #AlicaSchmidt #portrait #fashion #HugoBoss #modelhttps://instagram.com/alicasmd/,"Fragnance Name:Hugo BossPure Oil Concerned: 03ml, 06ml, 12ml, 24ml, 32mlSpray Perfume:15ml, 30ml, 50ml, 100mlVisit Our Website: http://perfumechowk.comFor Info & Detail, Call Us: +92346278987#perfumechowk #perfume #hugoboss",
Perfume Chowk Official,"Fragnance Name:Hugo BossPure Oil Concerned: 03ml, 06ml, 12ml, 24ml, 32mlSpray Perfume:15ml, 30ml, 50ml, 100mlVisit Our Website: http://perfumechowk.comFor Info & Detail, Call Us: +92346278987#perfumechowk #perfume #hugoboss",New #HugoBoss $278 Tailored Red Cotton Dress Shirt Long Sleeve Size Extra Large https://ebay.com/itm/394619351882?mkcid=16&mkevt=1&mkrid=711-127632-2357-0&ssspo=cT_LQTzcSVi&sssrc=2047675&ssuid=cT_LQTzcSVi&widget_ver=artemis&media=TW… #Style #MensWear,Boss- In-Store Only#boss #hugoboss #shoplocaluk #newry #northernireland #mensclothing
McCartan Bros Newry,New #HugoBoss $278 Tailored Red Cotton Dress Shirt Long Sleeve Size Extra Large https://ebay.com/itm/394619351882?mkcid=16&mkevt=1&mkrid=711-127632-2357-0&ssspo=cT_LQTzcSVi&sssrc=2047675&ssuid=cT_LQTzcSVi&widget_ver=artemis&media=TW… #Style #MensWear,Partying like a BOSS with Hugo Boss x Nordstrom at Tash @TS_ResortWe hope that everyone has a fun-filled weekend! #hugoboss #talkingstickresort #eventpros #eventproduction #eventphotographer,
Haute Media,Boss- In-Store Only#boss #hugoboss #shoplocaluk #newry #northernireland #mensclothing,What does Fanta and Hugo Boss have in common? #fanta #hugoboss,New Vintage Adverts ready to frame in our store now #hugoboss #hamnet #issymiyake #sisley #moschino #poster #fashion #vintageposter #vintageposters #retro #80s #90s #wallart #fashionposter #instapic #retroadvertising #musicadvertising #vintage #fashionadvertising
,,New #HugoBoss $278 Tailored Red Cotton Dress Shirt Long Sleeve Size Extra Large https://ebay.com/itm/394619351882?mkcid=16&mkevt=1&mkrid=711-127632-2357-0&ssspo=cT_LQTzcSVi&sssrc=2047675&ssuid=cT_LQTzcSVi&widget_ver=artemis&media=TW… #Style #MensWear,
MK Kaden,Partying like a BOSS with Hugo Boss x Nordstrom at Tash @TS_ResortWe hope that everyone has a fun-filled weekend! #hugoboss #talkingstickresort #eventpros #eventproduction #eventphotographer,New #HugoBoss $278 Tailored Red Cotton Dress Shirt Long Sleeve Size Extra Large https://ebay.com/itm/394619351882?mkcid=16&mkevt=1&mkrid=711-127632-2357-0&ssspo=cT_LQTzcSVi&sssrc=2047675&ssuid=cT_LQTzcSVi&widget_ver=artemis&media=TW… #Style #MensWear,
AdRockMusic,What does Fanta and Hugo Boss have in common? #fanta #hugoboss,Boss- In-Store Only#boss #hugoboss #shoplocaluk #newry #northernireland #mensclothing,
McCartan Bros Newry,Boss- In-Store Only#boss #hugoboss #shoplocaluk #newry #northernireland #mensclothing,Partying like a BOSS with Hugo Boss x Nordstrom at Tash @TS_ResortWe hope that everyone has a fun-filled weekend! #hugoboss #talkingstickresort #eventpros #eventproduction #eventphotographer,
McCartan Bros Newry,Boss- In-Store Only#boss #hugoboss #shoplocaluk #newry #northernireland #mensclothing,Partying like a BOSS with Hugo Boss x Nordstrom at Tash @TS_ResortWe hope that everyone has a fun-filled weekend! #hugoboss #talkingstickresort #eventpros #eventproduction #eventphotographer,What does Fanta and Hugo Boss have in common? #fanta #hugoboss
Haute Media,Partying like a BOSS with Hugo Boss x Nordstrom at Tash @TS_ResortWe hope that everyone has a fun-filled weekend! #hugoboss #talkingstickresort #eventpros #eventproduction #eventphotographer,What does Fanta and Hugo Boss have in common? #fanta #hugoboss,New Vintage Adverts ready to frame in our store now #hugoboss #hamnet #issymiyake #sisley #moschino #poster #fashion #vintageposter #vintageposters #retro #80s #90s #wallart #fashionposter #instapic #retroadvertising #musicadvertising #vintage #fashionadvertising
,Boss- In-Store Only#boss #hugoboss #shoplocaluk #newry #northernireland #mensclothing,Partying like a BOSS with Hugo Boss x Nordstrom at Tash @TS_ResortWe hope that everyone has a fun-filled weekend! #hugoboss #talkingstickresort #eventpros #eventproduction #eventphotographer,
MK Kaden,Boss- In-Store Only#boss #hugoboss #shoplocaluk #newry #northernireland #mensclothing,Partying like a BOSS with Hugo Boss x Nordstrom at Tash @TS_ResortWe hope that everyone has a fun-filled weekend! #hugoboss #talkingstickresort #eventpros #eventproduction #eventphotographer,
AdRockMusic,Partying like a BOSS with Hugo Boss x Nordstrom at Tash @TS_ResortWe hope that everyone has a fun-filled weekend! #hugoboss #talkingstickresort #eventpros #eventproduction #eventphotographer,What does Fanta and Hugo Boss have in common? #fanta #hugoboss,
Mark Montgomery,New #HugoBoss $278 Tailored Red Cotton Dress Shirt Long Sleeve Size Extra Large https://ebay.com/itm/394619351882?mkcid=16&mkevt=1&mkrid=711-127632-2357-0&ssspo=cT_LQTzcSVi&sssrc=2047675&ssuid=cT_LQTzcSVi&widget_ver=artemis&media=TW… #Style #MensWear,Boss- In-Store Only#boss #hugoboss #shoplocaluk #newry #northernireland #mensclothing,Partying like a BOSS with Hugo Boss x Nordstrom at Tash @TS_ResortWe hope that everyone has a fun-filled weekend! #hugoboss #talkingstickresort #eventpros #eventproduction #eventphotographer
Haute Media,Boss- In-Store Only#boss #hugoboss #shoplocaluk #newry #northernireland #mensclothing,,
Haute Media,Boss- In-Store Only#boss #hugoboss #shoplocaluk #newry #northernireland #mensclothing,What does Fanta and Hugo Boss have in common? #fanta #hugoboss,
MK Kaden,Partying like a BOSS with Hugo Boss x Nordstrom at Tash @TS_ResortWe hope that everyone has a fun-filled weekend! #hugoboss #talkingstickresort #eventpros #eventproduction #eventphotographer,New Vintage Adverts ready to frame in our store now #hugoboss #hamnet #issymiyake #sisley #moschino #poster #fashion #vintageposter #vintageposters #retro #80s #90s #wallart #fashionposter #instapic #retroadvertising #musicadvertising #vintage #fashionadvertising,
McCartan Bros Newry,Boss- In-Store Only,Partying like a BOSS with Hugo Boss x Nordstrom at Tash @TS_ResortWe hope that everyone has a fun-filled weekend! #hugoboss #talkingstickresort #eventpros #eventproduction #eventphotographer,
McCartan Bros Newry,Boss- In-Store Only,Partying like a BOSS with Hugo Boss x Nordstrom at Tash @TS_ResortWe hope that everyone has a fun-filled weekend! #hugoboss #talkingstickresort #eventpros #eventproduction #eventphotographer,What does Fanta and Hugo Boss have in common? #fanta #hugoboss
Haute Media,Partying like a BOSS with Hugo Boss x Nordstrom at Tash ,What does Fanta and Hugo Boss have in common? #fanta #hugoboss,New Vintage Adverts ready to frame in our store now #hugoboss #hamnet #issymiyake #sisley #moschino #poster #fashion #vintageposter #vintageposters #retro #80s #90s #wallart #fashionposter #instapic #retroadvertising #musicadvertising #vintage #fashionadvertising
,Boss- In-Store Only#boss #hugoboss #shoplocaluk #newry #northernireland #mensclothing,Partying like a BOSS with Hugo Boss x Nordstrom at Tash @TS_ResortWe hope that everyone has a fun-filled weekend! #hugoboss #talkingstickresort #eventpros #eventproduction #eventphotographer,
AdRockMusic,Boss- In-Store Only#boss #hugoboss #shoplocaluk #newry #northernireland #mensclothing,Partying like a BOSS with Hugo Boss x Nordstrom at Tash @TS_ResortWe hope that everyone has a fun-filled weekend! #hugoboss #talkingstickresort #eventpros #eventproduction #eventphotographer,What does Fanta and Hugo Boss have in common? #fanta #hugoboss
A&M CLOTHING,Partying like a BOSS with Hugo Boss x Nordstrom at Tash @TS_ResortWe hope that everyone has a fun-filled weekend! #hugoboss #talkingstickresort #eventpros #eventproduction #eventphotographer,What does Fanta and Hugo Boss have in common? #fanta #hugoboss,New Vintage Adverts ready to frame in our store now #hugoboss #hamnet #issymiyake #sisley #moschino #poster #fashion #vintageposter #vintageposters #retro #80s #90s #wallart #fashionposter #instapic #retroadvertising #musicadvertising #vintage #fashionadvertising
A&M CLOTHING,What does Fanta and Hugo Boss have in common? #fanta #hugoboss,New Vintage Adverts ready to frame in our store now #hugoboss #hamnet #issymiyake #sisley #moschino #poster #fashion #vintageposter #vintageposters #retro #80s #90s #wallart #fashionposter #instapic #retroadvertising #musicadvertising #vintage #fashionadvertising,Check out HUGO BOSS 040 TABER MENS W33 L32 TAPERED FIT STRETCH BLUE DENIM JEANS GREAT CON. https://ebay.co.uk/itm/325661224393?mkcid=16&mkevt=1&mkrid=711-127632-2357-0&ssspo=YMBH25N0TXy&sssrc=2047675&ssuid=YMBH25N0TXy&widget_ver=artemis&media=TW… #eBay via @eBay_UK #hugoboss #taber #tapered #denim #jeans #mens #mensfashion #menswear #style #fashion #shop #online #shopping #sale #designer #branded #genuine
,New Vintage Adverts ready to frame in our store now #hugoboss #hamnet #issymiyake #sisley #moschino #poster #fashion #vintageposter #vintageposters #retro #80s #90s #wallart #fashionposter #instapic #retroadvertising #musicadvertising #vintage #fashionadvertising,Check out HUGO BOSS 040 TABER MENS W33 L32 TAPERED FIT STRETCH BLUE DENIM JEANS GREAT CON. https://ebay.co.uk/itm/325661224393?mkcid=16&mkevt=1&mkrid=711-127632-2357-0&ssspo=YMBH25N0TXy&sssrc=2047675&ssuid=YMBH25N0TXy&widget_ver=artemis&media=TW… #eBay via @eBay_UK #hugoboss #taber #tapered #denim #jeans #mens #mensfashion #menswear #style #fashion #shop #online #shopping #sale #designer #branded #genuine,Check out HUGO BOSS DELAWARE 3-1 SLIM FIT MENS W34 L32 STRETCH BLUE DENIM JEANS https://ebay.co.uk/itm/325661214441?mkcid=16&mkevt=1&mkrid=711-127632-2357-0&ssspo=YMBH25N0TXy&sssrc=2047675&ssuid=YMBH25N0TXy&widget_ver=artemis&media=TW… #eBay via @eBay_UK #hugoboss #delaware #slimfit #denim #jeans #mens #mensfashion #menswear #style #fashion #shop #online #shopping #sale #designer #branded #genuine
McCartan Bros Newry,Boss- In-Store Only,Partying like a BOSS with Hugo Boss x Nordstrom at Tash @TS_ResortWe hope that everyone has a fun-filled weekend! #hugoboss #talkingstickresort #eventpros #eventproduction #eventphotographer,
McCartan Bros Newry,Boss- In-Store Only,Partying like a BOSS with Hugo Boss x Nordstrom at Tash @TS_ResortWe hope that everyone has a fun-filled weekend! #hugoboss #talkingstickresort #eventpros #eventproduction #eventphotographer,What does Fanta and Hugo Boss have in common? #fanta #hugoboss
Haute Media,Partying like a BOSS with Hugo Boss x Nordstrom at Tash ,What does Fanta and Hugo Boss have in common? #fanta #hugoboss,New Vintage Adverts ready to frame in our store now #hugoboss #hamnet #issymiyake #sisley #moschino #poster #fashion #vintageposter #vintageposters #retro #80s #90s #wallart #fashionposter #instapic #retroadvertising #musicadvertising #vintage #fashionadvertising
Haute Media,Partying like a BOSS with Hugo Boss x Nordstrom at Tash @TS_ResortWe hope that everyone has a fun-filled weekend! #hugoboss #talkingstickresort #eventpros #eventproduction #eventphotographer,,
Haute Media,Partying like a BOSS with Hugo Boss x Nordstrom at Tash @TS_ResortWe hope that everyone has a fun-filled weekend! #hugoboss #talkingstickresort #eventpros #eventproduction #eventphotographer,12,What does Fanta and Hugo Boss have in common? #fanta #hugoboss
MK Kaden,What does Fanta and Hugo Boss have in common? #fanta #hugoboss,,New Vintage Adverts ready to frame in our store now #hugoboss #hamnet #issymiyake #sisley #moschino #poster #fashion #vintageposter #vintageposters #retro #80s #90s #wallart #fashionposter #instapic #retroadvertising #musicadvertising #vintage #fashionadvertising
AdRockMusic,New Vintage Adverts ready to frame in our store now #hugoboss #hamnet #issymiyake #sisley #moschino #poster #fashion #vintageposter #vintageposters #retro #80s #90s #wallart #fashionposter #instapic #retroadvertising #musicadvertising #vintage #fashionadvertising,ebay.co.ukHUGO BOSS 040 TABER MENS W33 L32 TAPERED FIT STRETCH BLUE DENIM JEANS GREAT CON.Find many great new & used options and get the best deals for HUGO BOSS 040 TABER MENS W33 L32 TAPERED FIT STRETCH BLUE DENIM JEANS GREAT CON. at the best online prices at eBay! Free delivery for...,Check out HUGO BOSS 040 TABER MENS W33 L32 TAPERED FIT STRETCH BLUE DENIM JEANS GREAT CON. https://ebay.co.uk/itm/325661224393?mkcid=16&mkevt=1&mkrid=711-127632-2357-0&ssspo=YMBH25N0TXy&sssrc=2047675&ssuid=YMBH25N0TXy&widget_ver=artemis&media=TW… #eBay via @eBay_UK #hugoboss #taber #tapered #denim #jeans #mens #mensfashion #menswear #style #fashion #shop #online #shopping #sale #designer #branded #genuine
Haute Media,Partying like a BOSS with Hugo Boss x Nordstrom at Tash @TS_ResortWe hope that everyone has a fun-filled weekend! #hugoboss #talkingstickresort #eventpros #eventproduction #eventphotographer,What does Fanta and Hugo Boss have in common? #fanta #hugoboss,New Vintage Adverts ready to frame in our store now #hugoboss #hamnet #issymiyake #sisley #moschino #poster #fashion #vintageposter #vintageposters #retro #80s #90s #wallart #fashionposter #instapic #retroadvertising #musicadvertising #vintage #fashionadvertising
MK Kaden,What does Fanta and Hugo Boss have in common? #fanta #hugoboss,New Vintage Adverts ready to frame in our store now #hugoboss #hamnet #issymiyake #sisley #moschino #poster #fashion #vintageposter #vintageposters #retro #80s #90s #wallart #fashionposter #instapic #retroadvertising #musicadvertising #vintage #fashionadvertising,
MK Kaden,15,,
AdRockMusic,,Check out HUGO BOSS DELAWARE 3-1 SLIM FIT MENS W34 L32 STRETCH BLUE DENIM JEANS https://ebay.co.uk/itm/325661214441?mkcid=16&mkevt=1&mkrid=711-127632-2357-0&ssspo=YMBH25N0TXy&sssrc=2047675&ssuid=YMBH25N0TXy&widget_ver=artemis&media=TW… #eBay via @eBay_UK #hugoboss #delaware #slimfit #denim #jeans #mens #mensfashion #menswear #style #fashion #shop #online #shopping #sale #designer #branded #genuine,ebay.co.ukHUGO BOSS 040 TABER MENS W33 L32 TAPERED FIT STRETCH BLUE DENIM JEANS GREAT CON.Find many great new & used options and get the best deals for HUGO BOSS 040 TABER MENS W33 L32 TAPERED FIT STRETCH BLUE DENIM JEANS GREAT CON. at the best online prices at eBay! Free delivery for...
A&M CLOTHING,ebay.co.ukHUGO BOSS 040 TABER MENS W33 L32 TAPERED FIT STRETCH BLUE DENIM JEANS GREAT CON.Find many great new & used options and get the best deals for HUGO BOSS 040 TABER MENS W33 L32 TAPERED FIT STRETCH BLUE DENIM JEANS GREAT CON. at the best online prices at eBay! Free delivery for...,,ebay.co.ukHUGO BOSS DELAWARE 3-1 SLIM FIT MENS W34 L32 STRETCH BLUE DENIM JEANSFind many great new & used options and get the best deals for HUGO BOSS DELAWARE 3-1 SLIM FIT MENS W34 L32 STRETCH BLUE DENIM JEANS at the best online prices at eBay! Free delivery for many products!
A&M CLOTHING,ebay.co.ukHUGO BOSS DELAWARE 3-1 SLIM FIT MENS W34 L32 STRETCH BLUE DENIM JEANSFind many great new & used options and get the best deals for HUGO BOSS DELAWARE 3-1 SLIM FIT MENS W34 L32 STRETCH BLUE DENIM JEANS at the best online prices at eBay! Free delivery for many products!,"Feeling like a Babuska today, Happy Friday#keithharing #hugoboss",
,,"Discover the latest #mensfragrances from #hugoboss modern, fresh, refined and distinctly masculine. BOSS Bottled perfectly encapsulates what it means to be a man of today. #menscolognehttps://phlaunt.com/products/Hugo-Boss-Boss-Bottled-Eau-De-Parfum-200-ml-p555996331…",
Phlaunt,read image descriptionALT,Check out HUGO BOSS MENS W34 L32 STRETCH BUTTON FLY JEANS GREEN LABEL - EXCELLENT CONDIT. https://ebay.co.uk/itm/325659915225?mkcid=16&mkevt=1&mkrid=711-127632-2357-0&ssspo=YMBH25N0TXy&sssrc=2047675&ssuid=YMBH25N0TXy&widget_ver=artemis&media=TW… #eBay via @eBay_UK #hugoboss #stretch #denim #jeans #mens #mensfashion #menswear #style #fashion #shop #online #shopping #sale #designer #branded #genuine #ebay,ebay.co.ukHUGO BOSS DELAWARE 3 SLIM FIT MENS W33 L32 STRETCH JEANS FINEST ITALIAN FABRICFind many great new & used options and get the best deals for HUGO BOSS DELAWARE 3 SLIM FIT MENS W33 L32 STRETCH JEANS FINEST ITALIAN FABRIC at the best online prices at eBay! Free delivery for many...
A&M CLOTHING,ebay.co.ukHUGO BOSS MENS W34 L32 STRETCH BUTTON FLY JEANS GREEN LABEL - EXCELLENT CONDIT.Find many great new & used options and get the best deals for HUGO BOSS MENS W34 L32 STRETCH BUTTON FLY JEANS GREEN LABEL - EXCELLENT CONDIT. at the best online prices at eBay! Free delivery for many...,So #HugoBoss is going to issue a #Xiwinger #Hanfu highfashion line? ROFL What a suck up... #JustSaying,
Dan Garrett,"Quote TweetJonathan Cheng@JChengWSJ·May 17Hugo Boss CEO to Xinhua: China has become the world's new fashion and technology trendsetter. ""The Chinese people…expect not just high-quality products from a brand, but also high-quality consumption experience like our trendiest products.""https://english.news.cn/20230515/f12ffe8153a149d2ae31752329f1df82/c.html…",Hugo Boss Polo Shirts - The epitome of summer style.#HugoBoss #PoloShirts #SummerStyle #MensFashion #MensStyle #WardrobeEssentials #ClassicFashion #SummerVibes #OOTD #OutfitInspiration #StyleInspo #chicago #topsandbottoms,
G.J.H. ,,Hugo Boss The Scent 100 ml - Eau de Toilette - Herenparfum #HugoBoss https://pic2shop.com/item/0737052972305_2…,
Tops and Bottoms,,Rollerball pen / Fountain pen Formation Herringbone Chrome..https://bit.ly/42yp5pO..#HugoBoss #WritingInstrument #Fountainpen #BallPoint #Rollerball #Gifts #wholesale #gifts #custommade #corporategifts #hb #newcollection #newseason #accessories #luxury #premium,
GiftandPaper,,Much Loved Trainers by Boss and Tommy Hilfiger#hugoboss #TommyHilfiger #trainershoes #shoplocaluk #northernireland #mensclothing,ebay.caHugo Boss Men Textured Black Label 6576 Timothy Red Dress Shirt Size 39 | eBayFind many great new & used options and get the best deals for Hugo Boss Men Textured Black Label 6576 Timothy Red Dress Shirt Size 39 at the best online prices at eBay! Free shipping for many...
McCartan Bros Newry,,"Explore the exotic blend of spicy ginger and leather with #BossTheScent.A sensational scent that exudes feminine spirit and sophistication; leaving a trail of desire wherever you goSo, step in the spotlight with #HugoBoss https://glamorx.com/products/cid_perfume-am-536167-lid_b-am-pid_73242w-products/38230085-2f0d-44c4-b84c-70d7f57027d9…",
GlamorX,,Hugo Boss Bottled 100 ml - Eau de Toilette - Herenparfum #HugoBoss https://pic2shop.com/item/0737052351100_0…,
TRENDYGOLF,,"May 10, DE: Point72 Europe (London) reduces its short position in Hugo Boss from 0.53% to 0.5% http://shortsell.nl/short/HugoBoss #HugoBoss",
Steve P Clarke,,Carla Riccobono's in town....catch up with Camille and the gang at http://isseyissey.com#fashion #GUCCI #PRADA #versace #Balenciaga #BottegaVeneta #burberry #saintlaurent #lvmh #Hermes #CHANEL #fiorucci #ferragamo #paulsmith #hugoboss #TOMFORD,
Issey Issey,,"#MathiasLauridsen - Danish model who has worked with brands such as #LouisVuitton, #HugoBoss, and #JilSander. He has also appeared in editorials for magazines such as #GQ and Esquire.",ebay.comHugo Boss Necktie Tie Burgundy Blue Polka Dot Silk Made in Italy 58 x 3.5 inchFind many great new & used options and get the best deals for Hugo Boss Necktie Tie Burgundy Blue Polka Dot Silk Made in Italy 58 x 3.5 inch at the best online prices at eBay! Free shipping for many...
jensfashions4u,ebay.comHugo Boss Necktie Tie Burgundy Blue Polka Dot Silk Made in Italy 58 x 3.5 inchFind many great new & used options and get the best deals for Hugo Boss Necktie Tie Burgundy Blue Polka Dot Silk Made in Italy 58 x 3.5 inch at the best online prices at eBay! Free shipping for many...,MEW SUPPASIT FOR BOSS?!!!! #MewSuppasit @MSuppasit #มิวศุภศิษฏ์ #HUGOBOSS @HUGOBOSS,
ujee ♡,,Beeindruckendes Comeback von #hugoboss auf der #OMR2023,
MW,"Quote TweetOMR@officially_omr·May 10""Jeder, der den Mut hat etwas zu bewegen, ist ein BOSS – egal ob mann oder Frau."" Auf der Conference Stage: 'Comeback of HUGO BOSS – a report from the inside' w/ @HUGOBOSS CEO Daniel Grieder#OMR230:10","While black suggests a uniform elegance that transcends fashion, adding a hint of red can bring an outstanding and intriguing touch. A strong and powerful shade that has been a guiding thread through our HUGO BOSS line#HugoBoss #Speaker #Notebook #pen #Earphones #Cardholder #red",8574
Quartic International Limited | B2B Gifts Shop,read image descriptionALT,"Any interest in this?Mens Hugo BOSS Bronze plated pendant boxed ,unwanted gift £50 #boss #hugoboss #adifamily #menswear #designer #mensfashion #jewelleryre tweets welcome @mcooper06068 @hirdy1888 @paulos1976",ebay.comHugo Boss Orange Label Vest Mens XXL Brown Fleece Lined Pockets Full Zip 2XLFind many great new & used options and get the best deals for Hugo Boss Orange Label Vest Mens XXL Brown Fleece Lined Pockets Full Zip 2XL at the best online prices at eBay! Free shipping for many...
jensfashions4u,ebay.comHugo Boss Orange Label Vest Mens XXL Brown Fleece Lined Pockets Full Zip 2XLFind many great new & used options and get the best deals for Hugo Boss Orange Label Vest Mens XXL Brown Fleece Lined Pockets Full Zip 2XL at the best online prices at eBay! Free shipping for many...,"#WhyLearnGerman? German companies employ approx. 400,000 people in . Knowledge of German &can help you get employed by & excel in these companies. German companies with a presence ininclude #Adidas, #Audi, #BASF, #BMW, #Bosch, #HugoBoss, #Lufthansa, #Siemens etc.",
Steve P Clarke,,Hugo Boss launches a new product line dedicated to denim #fashion #news https://is.gd/VpdmP6 #Clothing #HugoBoss #Menswear #Womenswear,920628
MK Kaden,15,,
AdRockMusic,,Check out HUGO BOSS DELAWARE 3-1 SLIM FIT MENS W34 L32 STRETCH BLUE DENIM JEANS https://ebay.co.uk/itm/325661214441?mkcid=16&mkevt=1&mkrid=711-127632-2357-0&ssspo=YMBH25N0TXy&sssrc=2047675&ssuid=YMBH25N0TXy&widget_ver=artemis&media=TW… #eBay via @eBay_UK #hugoboss #delaware #slimfit #denim #jeans #mens #mensfashion #menswear #style #fashion #shop #online #shopping #sale #designer #branded #genuine,ebay.co.ukHUGO BOSS 040 TABER MENS W33 L32 TAPERED FIT STRETCH BLUE DENIM JEANS GREAT CON.Find many great new & used options and get the best deals for HUGO BOSS 040 TABER MENS W33 L32 TAPERED FIT STRETCH BLUE DENIM JEANS GREAT CON. at the best online prices at eBay! Free delivery for...
A&M CLOTHING,ebay.co.ukHUGO BOSS 040 TABER MENS W33 L32 TAPERED FIT STRETCH BLUE DENIM JEANS GREAT CON.Find many great new & used options and get the best deals for HUGO BOSS 040 TABER MENS W33 L32 TAPERED FIT STRETCH BLUE DENIM JEANS GREAT CON. at the best online prices at eBay! Free delivery for...,"Feeling like a Babuska today, Happy Friday#keithharing #hugoboss",ebay.co.ukHUGO BOSS DELAWARE 3-1 SLIM FIT MENS W34 L32 STRETCH BLUE DENIM JEANSFind many great new & used options and get the best deals for HUGO BOSS DELAWARE 3-1 SLIM FIT MENS W34 L32 STRETCH BLUE DENIM JEANS at the best online prices at eBay! Free delivery for many products!
A&M CLOTHING,ebay.co.ukHUGO BOSS DELAWARE 3-1 SLIM FIT MENS W34 L32 STRETCH BLUE DENIM JEANSFind many great new & used options and get the best deals for HUGO BOSS DELAWARE 3-1 SLIM FIT MENS W34 L32 STRETCH BLUE DENIM JEANS at the best online prices at eBay! Free delivery for many products!,"Discover the latest #mensfragrances from #hugoboss modern, fresh, refined and distinctly masculine. BOSS Bottled perfectly encapsulates what it means to be a man of today. #menscolognehttps://phlaunt.com/products/Hugo-Boss-Boss-Bottled-Eau-De-Parfum-200-ml-p555996331…",
KiwiInBarnes,,Check out HUGO BOSS DELAWARE 3 SLIM FIT MENS W33 L32 STRETCH JEANS FINEST ITALIAN FABRIC https://ebay.co.uk/itm/325659942330?mkcid=16&mkevt=1&mkrid=711-127632-2357-0&ssspo=YMBH25N0TXy&sssrc=2047675&ssuid=YMBH25N0TXy&widget_ver=artemis&media=TW… #eBay via @eBay_UK #hugoboss #delaware #slimfit #denim #jeans #mens #mensfashion #menswear #style #fashion #shop #online #shopping #sale #designer #branded #genuine,read image descriptionALT
A&M CLOTHING,ebay.co.ukHUGO BOSS DELAWARE 3 SLIM FIT MENS W33 L32 STRETCH JEANS FINEST ITALIAN FABRICFind many great new & used options and get the best deals for HUGO BOSS DELAWARE 3 SLIM FIT MENS W33 L32 STRETCH JEANS FINEST ITALIAN FABRIC at the best online prices at eBay! Free delivery for many...,Hugo Boss The Scent 100 ml - Eau de Toilette - Herenparfum #HugoBoss https://pic2shop.com/item/0737052972305_3…,ebay.co.ukHUGO BOSS MENS W34 L32 STRETCH BUTTON FLY JEANS GREEN LABEL - EXCELLENT CONDIT.Find many great new & used options and get the best deals for HUGO BOSS MENS W34 L32 STRETCH BUTTON FLY JEANS GREEN LABEL - EXCELLENT CONDIT. at the best online prices at eBay! Free delivery for many...
A&M CLOTHING,ebay.co.ukHUGO BOSS MENS W34 L32 STRETCH BUTTON FLY JEANS GREEN LABEL - EXCELLENT CONDIT.Find many great new & used options and get the best deals for HUGO BOSS MENS W34 L32 STRETCH BUTTON FLY JEANS GREEN LABEL - EXCELLENT CONDIT. at the best online prices at eBay! Free delivery for many...,So #HugoBoss is going to issue a #Xiwinger #Hanfu highfashion line? ROFL What a suck up... #JustSaying,
Dan Garrett,"Quote TweetJonathan Cheng@JChengWSJ·May 17Hugo Boss CEO to Xinhua: China has become the world's new fashion and technology trendsetter. ""The Chinese people…expect not just high-quality products from a brand, but also high-quality consumption experience like our trendiest products.""https://english.news.cn/20230515/f12ffe8153a149d2ae31752329f1df82/c.html…",Hugo Boss Polo Shirts - The epitome of summer style.#HugoBoss #PoloShirts #SummerStyle #MensFashion #MensStyle #WardrobeEssentials #ClassicFashion #SummerVibes #OOTD #OutfitInspiration #StyleInspo #chicago #topsandbottoms,
G.J.H. ,,Hugo Boss The Scent 100 ml - Eau de Toilette - Herenparfum #HugoBoss https://pic2shop.com/item/0737052972305_2…,
Tops and Bottoms,,Rollerball pen / Fountain pen Formation Herringbone Chrome..https://bit.ly/42yp5pO..#HugoBoss #WritingInstrument #Fountainpen #BallPoint #Rollerball #Gifts #wholesale #gifts #custommade #corporategifts #hb #newcollection #newseason #accessories #luxury #premium,
GiftandPaper,,Much Loved Trainers by Boss and Tommy Hilfiger#hugoboss #TommyHilfiger #trainershoes #shoplocaluk #northernireland #mensclothing,ebay.caHugo Boss Men Textured Black Label 6576 Timothy Red Dress Shirt Size 39 | eBayFind many great new & used options and get the best deals for Hugo Boss Men Textured Black Label 6576 Timothy Red Dress Shirt Size 39 at the best online prices at eBay! Free shipping for many...
McCartan Bros Newry,,"Explore the exotic blend of spicy ginger and leather with #BossTheScent.A sensational scent that exudes feminine spirit and sophistication; leaving a trail of desire wherever you goSo, step in the spotlight with #HugoBoss https://glamorx.com/products/cid_perfume-am-536167-lid_b-am-pid_73242w-products/38230085-2f0d-44c4-b84c-70d7f57027d9…",
GlamorX,,Hugo Boss Bottled 100 ml - Eau de Toilette - Herenparfum #HugoBoss https://pic2shop.com/item/0737052351100_0…,
TRENDYGOLF,,"May 10, DE: Point72 Europe (London) reduces its short position in Hugo Boss from 0.53% to 0.5% http://shortsell.nl/short/HugoBoss #HugoBoss",
Steve P Clarke,,Carla Riccobono's in town....catch up with Camille and the gang at http://isseyissey.com#fashion #GUCCI #PRADA #versace #Balenciaga #BottegaVeneta #burberry #saintlaurent #lvmh #Hermes #CHANEL #fiorucci #ferragamo #paulsmith #hugoboss #TOMFORD,
Issey Issey,,"#MathiasLauridsen - Danish model who has worked with brands such as #LouisVuitton, #HugoBoss, and #JilSander. He has also appeared in editorials for magazines such as #GQ and Esquire.",ebay.comHugo Boss Necktie Tie Burgundy Blue Polka Dot Silk Made in Italy 58 x 3.5 inchFind many great new & used options and get the best deals for Hugo Boss Necktie Tie Burgundy Blue Polka Dot Silk Made in Italy 58 x 3.5 inch at the best online prices at eBay! Free shipping for many...
jensfashions4u,ebay.comHugo Boss Necktie Tie Burgundy Blue Polka Dot Silk Made in Italy 58 x 3.5 inchFind many great new & used options and get the best deals for Hugo Boss Necktie Tie Burgundy Blue Polka Dot Silk Made in Italy 58 x 3.5 inch at the best online prices at eBay! Free shipping for many...,MEW SUPPASIT FOR BOSS?!!!! #MewSuppasit @MSuppasit #มิวศุภศิษฏ์ #HUGOBOSS @HUGOBOSS,
ujee ♡,,#HugoBoss: ex-Dividende (1 €),"Quote TweetOMR@officially_omr·May 10""Jeder, der den Mut hat etwas zu bewegen, ist ein BOSS – egal ob mann oder Frau."" Auf der Conference Stage: 'Comeback of HUGO BOSS – a report from the inside' w/ @HUGOBOSS CEO Daniel Grieder#OMR23"
Lars Winter,8575,Check out Hugo Boss Orange Label Vest Mens XXL Brown Fleece Lined Pockets Full Zip 2XL #HugoBoss #HugoBossOrangeLabelVest #HugoBossVesthttps://ebay.com/itm/166087836434?mkcid=16&mkevt=1&mkrid=711-127632-2357-0&ssspo=Y5OZes4US6O&sssrc=2566055&ssuid=Y5OZes4US6O&widget_ver=artemis&media=TW… #eBay via @eBay,read image descriptionALT
jensfashions4u,ebay.comHugo Boss Orange Label Vest Mens XXL Brown Fleece Lined Pockets Full Zip 2XLFind many great new & used options and get the best deals for Hugo Boss Orange Label Vest Mens XXL Brown Fleece Lined Pockets Full Zip 2XL at the best online prices at eBay! Free shipping for many...,"#WhyLearnGerman? German companies employ approx. 400,000 people in . Knowledge of German &can help you get employed by & excel in these companies. German companies with a presence ininclude #Adidas, #Audi, #BASF, #BMW, #Bosch, #HugoBoss, #Lufthansa, #Siemens etc.",
Steve P Clarke,,Hugo Boss launches a new product line dedicated to denim #fashion #news https://is.gd/VpdmP6 #Clothing #HugoBoss #Menswear #Womenswear,920629
,Partying like a BOSS with Hugo Boss x Nordstrom at Tash @TS_ResortWe hope that everyone has a fun-filled weekend! #hugoboss #talkingstickresort #eventpros #eventproduction #eventphotographer,What does Fanta and Hugo Boss have in common? #fanta #hugoboss,
KiwiInBarnes,Partying like a BOSS with Hugo Boss x Nordstrom at Tash @TS_ResortWe hope that everyone has a fun-filled weekend! #hugoboss #talkingstickresort #eventpros #eventproduction #eventphotographer,What does Fanta and Hugo Boss have in common? #fanta #hugoboss,Check out HUGO BOSS 040 TABER MENS W33 L32 TAPERED FIT STRETCH BLUE DENIM JEANS GREAT CON. https://ebay.co.uk/itm/325661224393?mkcid=16&mkevt=1&mkrid=711-127632-2357-0&ssspo=YMBH25N0TXy&sssrc=2047675&ssuid=YMBH25N0TXy&widget_ver=artemis&media=TW… #eBay via @eBay_UK #hugoboss #taber #tapered #denim #jeans #mens #mensfashion #menswear #style #fashion #shop #online #shopping #sale #designer #branded #genuine
A&M CLOTHING,Check out HUGO BOSS 040 TABER MENS W33 L32 TAPERED FIT STRETCH BLUE DENIM JEANS GREAT CON. https://ebay.co.uk/itm/325661224393?mkcid=16&mkevt=1&mkrid=711-127632-2357-0&ssspo=YMBH25N0TXy&sssrc=2047675&ssuid=YMBH25N0TXy&widget_ver=artemis&media=TW… #eBay via @eBay_UK #hugoboss #taber #tapered #denim #jeans #mens #mensfashion #menswear #style #fashion #shop #online #shopping #sale #designer #branded #genuine,Check out HUGO BOSS DELAWARE 3-1 SLIM FIT MENS W34 L32 STRETCH BLUE DENIM JEANS https://ebay.co.uk/itm/325661214441?mkcid=16&mkevt=1&mkrid=711-127632-2357-0&ssspo=YMBH25N0TXy&sssrc=2047675&ssuid=YMBH25N0TXy&widget_ver=artemis&media=TW… #eBay via @eBay_UK #hugoboss #delaware #slimfit #denim #jeans #mens #mensfashion #menswear #style #fashion #shop #online #shopping #sale #designer #branded #genuine,"Discover the latest #mensfragrances from #hugoboss modern, fresh, refined and distinctly masculine. BOSS Bottled perfectly encapsulates what it means to be a man of today. #menscolognehttps://phlaunt.com/products/Hugo-Boss-Boss-Bottled-Eau-De-Parfum-200-ml-p555996331…"
G.J.H. ,"Discover the latest #mensfragrances from #hugoboss modern, fresh, refined and distinctly masculine. BOSS Bottled perfectly encapsulates what it means to be a man of today. #menscolognehttps://phlaunt.com/products/Hugo-Boss-Boss-Bottled-Eau-De-Parfum-200-ml-p555996331…",Check out HUGO BOSS DELAWARE 3 SLIM FIT MENS W33 L32 STRETCH JEANS FINEST ITALIAN FABRIC https://ebay.co.uk/itm/325659942330?mkcid=16&mkevt=1&mkrid=711-127632-2357-0&ssspo=YMBH25N0TXy&sssrc=2047675&ssuid=YMBH25N0TXy&widget_ver=artemis&media=TW… #eBay via @eBay_UK #hugoboss #delaware #slimfit #denim #jeans #mens #mensfashion #menswear #style #fashion #shop #online #shopping #sale #designer #branded #genuine,Hugo Boss The Scent 100 ml - Eau de Toilette - Herenparfum #HugoBoss https://pic2shop.com/item/0737052972305_3…
GiftandPaper,Hugo Boss The Scent 100 ml - Eau de Toilette - Herenparfum #HugoBoss https://pic2shop.com/item/0737052972305_3…,So #HugoBoss is going to issue a #Xiwinger #Hanfu highfashion line? ROFL What a suck up... #JustSaying,Hugo Boss Polo Shirts - The epitome of summer style.#HugoBoss #PoloShirts #SummerStyle #MensFashion #MensStyle #WardrobeEssentials #ClassicFashion #SummerVibes #OOTD #OutfitInspiration #StyleInspo #chicago #topsandbottoms
TRENDYGOLF,Hugo Boss The Scent 100 ml - Eau de Toilette - Herenparfum #HugoBoss https://pic2shop.com/item/0737052972305_2…,Rollerball pen / Fountain pen Formation Herringbone Chrome..https://bit.ly/42yp5pO..#HugoBoss #WritingInstrument #Fountainpen #BallPoint #Rollerball #Gifts #wholesale #gifts #custommade #corporategifts #hb #newcollection #newseason #accessories #luxury #premium,Much Loved Trainers by Boss and Tommy Hilfiger#hugoboss #TommyHilfiger #trainershoes #shoplocaluk #northernireland #mensclothing
TRENDYGOLF,,Sunday's best with @boss Check out the new collection online now and elevate your golf wardrobe!#trendygolf #boss #hugoboss #golf #golffashion #golffits #golfcourse #fits #fashion #golfswing #goodwood #golfer #sundaybest,Show some love to yourself #hugoboss #ugccreator #ukugc #ugccommunity
Issey Issey,Who's getting a round in this weekend? #trendygolf #golf #golfcourse #golfer #weekend #weekendgolf #boss #hugoboss #golfshot #golffashion #fashion #golfwear,Check out this stunning handrail we supplied and installed for @HUGOBOSSback in 2016! Impressive steel staircase by @Canal_Arch #HandrailCreations #HugoBoss #BeautifulDesign #Handrails #RetailDesign #Shopfitting #InteriorDesign,"Any interest in this?Mens Hugo BOSS Bronze plated pendant boxed ,unwanted gift £45 #boss #hugoboss #adifamily #menswear #designer #mensfashion #jewelleryre tweets welcome @mcooper06068 @hirdy1888 @paulos1976"
ujee ♡,"Any interest in this?Mens Hugo BOSS Bronze plated pendant boxed ,unwanted gift £45 #boss #hugoboss #adifamily #menswear #designer #mensfashion #jewelleryre tweets welcome @mcooper06068 @hirdy1888 @paulos1976",Game Like a Boss - Hugo Boss #Fragrances #HugoBoss #Hugo #Boss #PS5,Check out Hugo Boss Necktie Tie Burgundy Blue Polka Dot Silk Made in Italy 58 x 3.5 inch #HugoBoss #HugoBossNeckTie #HugoBossTie #polkadottiehttps://ebay.com/itm/166092722736?mkcid=16&mkevt=1&mkrid=711-127632-2357-0&ssspo=Y5OZes4US6O&sssrc=2566055&ssuid=Y5OZes4US6O&widget_ver=artemis&media=TW… #eBay via @eBay
jensfashions4u,"#MathiasLauridsen - Danish model who has worked with brands such as #LouisVuitton, #HugoBoss, and #JilSander. He has also appeared in editorials for magazines such as #GQ and Esquire.",MEW SUPPASIT FOR BOSS?!!!! #MewSuppasit @MSuppasit #มิวศุภศิษฏ์ #HUGOBOSS @HUGOBOSS,#HugoBoss: ex-Dividende (1 €)
TheIndustry.fashion,"While black suggests a uniform elegance that transcends fashion, adding a hint of red can bring an outstanding and intriguing touch. A strong and powerful shade that has been a guiding thread through our HUGO BOSS line#HugoBoss #Speaker #Notebook #pen #Earphones #Cardholder #red",Check out Hugo Boss Orange Label Vest Mens XXL Brown Fleece Lined Pockets Full Zip 2XL #HugoBoss #HugoBossOrangeLabelVest #HugoBossVesthttps://ebay.com/itm/166087836434?mkcid=16&mkevt=1&mkrid=711-127632-2357-0&ssspo=Y5OZes4US6O&sssrc=2566055&ssuid=Y5OZes4US6O&widget_ver=artemis&media=TW… #eBay via @eBay,"#WhyLearnGerman? German companies employ approx. 400,000 people in . Knowledge of German &can help you get employed by & excel in these companies. German companies with a presence ininclude #Adidas, #Audi, #BASF, #BMW, #Bosch, #HugoBoss, #Lufthansa, #Siemens etc."
FalcoWilson,"Any interest in this?Mens Hugo BOSS Bronze plated pendant boxed ,unwanted gift £50 #boss #hugoboss #adifamily #menswear #designer #mensfashion #jewelleryre tweets welcome @mcooper06068 @hirdy1888 @paulos1976","#WhyLearnGerman? German companies employ approx. 400,000 people in . Knowledge of German &can help you get employed by & excel in these companies. German companies with a presence ininclude #Adidas, #Audi, #BASF, #BMW, #Bosch, #HugoBoss, #Lufthansa, #Siemens etc.","Thanks to its successful rebrand last year, @HUGOBOSS is expanding its portfolio with its new line Hugo Blue, set to launch in the summer of 2024.#hugoboss #hugoblue #retailnews #hugo #fashion #retail #fashionnews #fashionindustry #denim #luxury"
OWS Pakistan,Hugo Boss launches a new product line dedicated to denim #fashion #news https://is.gd/VpdmP6 #Clothing #HugoBoss #Menswear #Womenswear,"Thanks to its successful rebrand last year, @HUGOBOSS is expanding its portfolio with its new line Hugo Blue, set to launch in the summer of 2024.#hugoboss #hugoblue #retailnews #hugo #fashion #retail #fashionnews #fashionindustry #denim #luxury","#JohannesHuebl - German model and photographer who has worked with brands such as #HugoBoss, #TommyHilfiger, and #Montblanc. He has also appeared in editorials for magazines such as #GQ and #Elle."
MoreLuxury,HUGO BOSS Premium Fountain Pen Collection - Corporate Gifts Supplier in Singapore..https://bit.ly/3GSKb9L..#HugoBoss #WritingInstrument #Fountainpen #Gifts #wholesale #gifts #custommade #corporategifts #hb #newcollection #newseason #accessories #luxury #premium,"Hugo Boss Flawless Analogue Quartz in silver that never go out of style, with a touch of refined 3 sundials. Order now at: https://bit.ly/43rdvOhWhatsApp us: 0346 0081268#HugoBoss",Replying to @TifaAuntie
EuropeanOutlet.com,Check out Hugo Boss Hugo pink shirt size 15 brand new https://ebay.co.uk/itm/325647892793?mkcid=16&mkevt=1&mkrid=711-127632-2357-0&ssspo=z8xcGJqYRp2&sssrc=2566055&ssuid=z8xcGJqYRp2&widget_ver=artemis&media=TW… #eBay via @eBay_UK #HugoBoss #Shirt #Mensfashion #Pink,#MensMonday Boss x Khaby Relaxed-Fit Cotton-blend Hoodie with gradient Monogram $298 at Hugo Boss - https://tinyurl.com/22397su6 #HugoBoss #Khaby #Fashion #Designer #Luxury,
pic2shop® barcode scanner,& of course #HugoBoss & #LouisVuitton you get it? Anyways I also said that most likely I would not be doing any retail shopping in #Japan for sure! Even though the likelihood that I meet any of my #Japanese #Twitter followers at random is low? I don't want to see them 1st there!,,"“Make it simple, but significant.” -Don Draper.Just in love with these colorful bags! Shop nowhttps://europeanoutlet.com#moschino #vintage #calvinklein #fashionblogger #marcjacobs #guess #stoneisland #love #designer #ralphlauren #moncler #shopping #balmain #moda #hugoboss"
A&M CLOTHING,"#HugoBoss #Watch Hugo Boss Watch - Great Gift For a Man In Your Life - Brother, Dad, Husband #HugoBossWatch Quality Countes with Style https://vinted.co.uk/men/accessories/watches/2993353118-hugo-boss-watch…","“Make it simple, but significant.” -Don Draper.Just in love with these colorful bags! Shop nowhttps://europeanoutlet.com#moschino #vintage #calvinklein #fashionblogger #marcjacobs #guess #stoneisland #love #designer #ralphlauren #moncler #shopping #balmain #moda #hugoboss",Hugo Boss Bottled 100 ml - Eau de Toilette - Herenparfum #HugoBoss https://pic2shop.com/item/0737052351100_0…
CPP-LUXURY.COM,Hugo Boss Bottled 100 ml - Eau de Toilette - Herenparfum #HugoBoss https://pic2shop.com/item/0737052351100_0…,Replying to @BrookeHarperNZP,"#KitButler - British model who has worked with brands such as #HugoBoss, #TomFord, and #Givenchy. He has also appeared in editorials for magazines such as #GQ and #Vogue. #fashion #model"
christstyle,Check out HUGO BOSS DELAWARE 3-1 SLIM FIT MENS W31 L32 STRETCH BLUE DENIM JEANS https://ebay.co.uk/itm/325643407703?mkcid=16&mkevt=1&mkrid=711-127632-2357-0&ssspo=YMBH25N0TXy&sssrc=2047675&ssuid=YMBH25N0TXy&widget_ver=artemis&media=TW… #eBay via @eBay_UK #hugoboss #slimfit #slim #stretch #denim #jeans #mens #mensfashion #menswear #style #fashion #shop #online #shopping #sale #designer #branded #genuine,"#KitButler - British model who has worked with brands such as #HugoBoss, #TomFord, and #Givenchy. He has also appeared in editorials for magazines such as #GQ and #Vogue. #fashion #model",Hugo Boss Group Q1 sales up 25% at 968 million eurohttps://cpp-luxury.com/hugo-boss-group-q1-sales-up-25-at-968-million-euro/… #HugoBoss #HugoBossGroup #BOSS #Hugo #Maluma #celebrities #luxury #luxuryfashion #fashion #luxurybusiness #luxuryretail @HUGOBOSS
Brandkloud,#BeYourOwnBOSSSo hot my Riki@itsrikimaru x @HUGOBOSS #RikimaruxBossSS2023#Rikimaru #力丸 #RikimaruChikada #BeYourOwnBOSS #HugoBoss,Check out Hugo Boss Men Pinstripe Black Label Timothy Size 39 US Med Shirt Blue 15 30/31 https://ebay.ca/itm/175712993126?mkcid=16&mkevt=1&mkrid=711-127632-2357-0&ssspo=zuAWYallTBC&sssrc=0&ssuid=zuAWYallTBC&var=&widget_ver=artemis&media=TW… #eBay via @eBay #designer #HugoBoss #BlackLabel #Timothy #Pinstripe #dressshirt #Shirts #wedding #prom #formal,Check out Hugo Boss Orange White T Shirt Size 2XL #hugoboss #bossorange #mens #tshirt #menswear #fashion #summer https://ebay.co.uk/itm/354761787624?mkcid=16&mkevt=1&mkrid=711-127632-2357-0&ssspo=C7KEPCdZRw-&sssrc=2566055&ssuid=C7KEPCdZRw-&widget_ver=artemis&media=TW… #eBay via @eBay_UK
TECHNICAL TEXTILE VALUE CHAIN,Check out Hugo Boss Orange White T Shirt Size 2XL #hugoboss #bossorange #mens #tshirt #menswear #fashion #summer https://ebay.co.uk/itm/354761787624?mkcid=16&mkevt=1&mkrid=711-127632-2357-0&ssspo=C7KEPCdZRw-&sssrc=2566055&ssuid=C7KEPCdZRw-&widget_ver=artemis&media=TW… #eBay via @eBay_UK,"Building on from last year’s record-breaking momentum, @HUGOBOSS reports revenues are up by 25% percent to £851m (€968m) in the first quarter of 2023.#hugoboss #boss #fashionnews #retailnews #finance #retail #fashion #britishretail #luxury",German fashion giant @HUGOBOSS said it would raise its full-year profit guidance on the back of “an excellent start to 2023”. Read the details.#fashionretail #fashionretailnews #HugoBoss #boss https://bit.ly/44uV0sM
GiftandPaper,German fashion giant @HUGOBOSS said it would raise its full-year profit guidance on the back of “an excellent start to 2023”. Read the details.#fashionretail #fashionretailnews #HugoBoss #boss https://bit.ly/44uV0sM,We have just launched our 10th Sustainability Report! Check it out and explore how we are changing fashion for a more sustainable future.Read the report here: http://on.hugoboss.com/SR22#SustainabilityReport #HUGOBOSS,Cliff Khalalwe likes cool bowtie #HugoBoss #MTV #Moschino #Martini #TOMFORD #Brio http://brandkloud.com/Pic/348?f=tw
,HUGO BOSS Premium aPen Collection - Corporate Gifts Supplier in Singapore..https://bit.ly/41hzfdY..#HugoBoss #WritingInstrument #Fountainpen #BallPoint #Rollerball #Gifts #wholesale #gifts #custommade #corporategifts #hb #newcollection #newseason #accessories #luxury,HUGO BOSS Premium Fountain Pen Collection - Corporate Gifts Supplier in Singapore..https://bit.ly/41nrLWY..#HugoBoss #WritingInstrument #Fountainpen #Gifts #wholesale #gifts #custommade #corporategifts #hb #newcollection #newseason #accessories #luxury #premium,Happy May Day to you All. If you didn't have the right outfit for this Bank Holiday then prepare yourself for the next! Next Weekend!!#mayday #hugoboss #tommyhilfiger #ralphlauren #shoplocaluk #newry #northernireland #mensclothing
,Happy May Day to you All. If you didn't have the right outfit for this Bank Holiday then prepare yourself for the next! Next Weekend!!#mayday #hugoboss #tommyhilfiger #ralphlauren #shoplocaluk #newry #northernireland #mensclothing,"Spring/Summer essentials for your little ones from Boss, shop online at Cruise Fashion.#cruisefashion #boss #hugoboss #bosskids #kidswear","The mysterious #Russian soul. Cynically lies. Cynically steals. Cynically rapes. Cynically kills. Cynically blames its #victims for her own #atrocities. The mysterious Russian soul. Very similar to the mysterious #German soul, but alas #HugoBoss doesn't make its uniform.#Russia"
,"The mysterious #Russian soul. Cynically lies. Cynically steals. Cynically rapes. Cynically kills. Cynically blames its #victims for her own #atrocities. The mysterious Russian soul. Very similar to the mysterious #German soul, but alas #HugoBoss doesn't make its uniform.#Russia",Almost ready for the weekend! I wish an incredible weekend to everyone. #suits #event #weekend #hugoboss,
Norminho,"The mysterious #Russian soul. Cynically lies. Cynically steals. Cynically rapes. Cynically kills. Cynically blames its #victims for her own #atrocities. The mysterious Russian soul. Very similar to the mysterious #German soul, but alas #HugoBoss doesn't make its uniform.#Russia",Almost ready for the weekend! I wish an incredible weekend to everyone. #suits #event #weekend #hugoboss,
,I’m so glad to see boss of bosses in KSA #LeeMinHo is world domination #BeYourOwnBoss#HUGOBOSS #Boss,I think Paxlovid makes me feel worse. #KatherineHamnett vintage silk shirt with condom pocket #HugoBoss copper wash jeans #RickOwens brown suede Ramones #Hermes gloves #RickOwens Babel Spring 2019 tendril mask, D E S T O C K A G E#HugoBoss #tenis https://chat.whatsapp.com/GsgjIA0FXvnIxjPXS0HPmM…
ThePerfumeShopRedditch, D E S T O C K A G E#HugoBoss #tenis https://chat.whatsapp.com/GsgjIA0FXvnIxjPXS0HPmM…,May Day This Weekend!! What other excuse is better for being seen in all the right gear!!#mayday #hugoboss #tommyhilfiger #ralphlauren #shoplocaluk #newry #northernireland #mensclothing,"Apr 19, DE: WorldQuant holds a 0.45% short position in Hugo Boss (was 0.56%) now dropping below the 0.5% threshold http://shortsell.nl/short/HugoBoss #HugoBoss"
checo throwbacks,"Apr 19, DE: WorldQuant holds a 0.45% short position in Hugo Boss (was 0.56%) now dropping below the 0.5% threshold http://shortsell.nl/short/HugoBoss #HugoBoss",BOSS Bottled Eau de Toilette 50ml Aftershave for Me#Fragrances #HUGOBOSS #PersonalCare #SaverDeal #SuperSaverDeal https://k4s.uk/l/853, Create immersive experiences like the HUGO BOSS launch on @Spatial_io https://lnkd.in/gfndUW4A ft. #HUGOBOSS #virtualworlds #spatialnetworking
,"checo 8 years ago‘Thanks to #HUGOBOSS for dressing me yesterday. As always, my favorite outfits!’april 24, 2015",The range celebrates individuality through a diverse new clothing collection that blends performance and panache.https://sustainhealth.fit/lifestyle/boss-nfl-collection/…#nfl #hugoboss #bossxnfl #nflclothing,"Philippine Deals: Hugo BossHugo BossBOSS Bottled Unlimited Eau de Toilette 100ml Php 6,500.00 #hugoboss #shoparoundph #bossbottledunlimitedhttps://go.shopple.co/spopm0"
,"Philippine Deals: Hugo BossHugo BossBOSS Bottled Unlimited Eau de Toilette 100ml Php 6,500.00 #hugoboss #shoparoundph #bossbottledunlimitedhttps://go.shopple.co/spopm0",Me just finding out that #HugoBoss factory made brown shirts for the Nazi army,"A fragrance for rebels and rule-breakers: Introducing #HUGOJEANS, a bold new #fragrance for those who dare to go their own way #HUGOYourWayShop online @ https://bh.jashanmal.com/collections/hugo-boss…#HugoBoss #fragrances #perfumes #Jashanmal #Bahrain"
Marie Schulte-Bockum,Come In-Store and take a Browse at Hugo Boss for Summer.#hugoboss #shoplocaluk #newry #northernireland #mensclothing,"A fragrance for rebels and rule-breakers: Introducing #HUGOJEANS, a bold new #fragrance for those who dare to go their own way #HUGOYourWayShop online @ https://bh.jashanmal.com/collections/hugo-boss…#HugoBoss #fragrances #perfumes #Jashanmal #Bahrain","7/7Overall, the #NFCenabled cap from #HugoBoss is an exciting example of how wearable tech is evolving to create more personalized and interactive experiences for users. What do you think about this new technology? Wld luv to hear your thoughts! #smartfashion"
trend_literati,"3/The NFC-enabled cap also connects to the #HugoBoss #app, allowing users to customize their experience even further. This is a great way for brands to build customer loyalty and engagement through personalized experiences. #customerengagement #brandloyalty","[2/x] ""That is why I tweeted Thursday morning that there are forces trying to get #Kahn out of his job.He is the CEO of #Bayern. He took over one of the global companies in Germany. I mean, you can compare them with #HugoBoss and #BMW, all the big brands."" @JanAageFjortoft","HM Queen Letizia & King Felipe of #Spain attended National Sports Awards at the Royal Palace of El Pardo in #Madrid on Tuesday. Amongst them, they honoured Spanish golfer Jon Rahm, #FCBarcelona midfielder Alexia Putellas & Venezuelan athlete Yulimar Rojas.( #HugoBoss )"
Fabfragrancessa,"The signature tricolor strap is enhanced by luxe dark chrome metal accents, metal accents, converting the everyday essentials into modern & understated accessories.#HugoBoss #Fashion #Accessories #Fashionaccessories #Iconic #Keyrings #Keychains #Keyholders #Airtag #Airtagholder","HM Queen Letizia & King Felipe of #Spain attended National Sports Awards at the Royal Palace of El Pardo in #Madrid on Tuesday. Amongst them, they honoured Spanish golfer Jon Rahm, #FCBarcelona midfielder Alexia Putellas & Venezuelan athlete Yulimar Rojas.( #HugoBoss )",Time to discover some fascinating facts about the iconic Hugo Boss brand!#HugoBoss #FashionFacts #StyleInspo
Macks,#Repost @karin.k.5000 with @use.repost・・・BOSSミノ#イミンホ　#李敏镐 #LeeMinho #이민호@ActorLeeMinHo#HUGOBOSS #BeYourOwnBOSS,Bottled Oud 100ml/EDTR 349 Hugo Boss #male #hugoboss http://fabfragrancessa.co.za/products/bottled-oud…,https://spatial.io/s/HUMBLELIFEs-3D-Scene-63ebee531376a3a005a7f0f8?share=8694432762328040268…AND check out my new suit from #HugoBoss Nice addition to the collection! Thank you #BossImmersiveShowroom in spatial!!!
pic2shop® barcode scanner,"With the help of cutting-edge technology, customers can explore and interact with HUGO BOSS products in a completely new way. From virtual product displays to interactive touch screens, this showroom has it all!#RetailTech #Digitalfashion #AI #Innovation #HugoBoss Link ","Hugo Boss has introduced Near Field Communication (NFC) tags to its baseball cap lineup, providing customers with a unique opportunity to create Non-Fungible Token (NFT) digital twins and style their Metaverse avatars#HUGOBOSS #NFT #WEB3",Hugo Boss pastel coloured Tales teesAvailable Now #nauticabathgate #shoplocal #independentretailer #hugoboss #hugobosstalestee
Short News AI NFT Web3 Metaverse,"Hugo Boss has introduced Near Field Communication (NFC) tags to its baseball cap lineup, providing customers with a unique opportunity to create Non-Fungible Token (NFT) digital twins and style their Metaverse avatars#HUGOBOSS #NFT #WEB3",Boss Bottled Unlimited For Men By Hugo Boss Eau De Toilette Spray 3.3 Oz #HugoBoss https://pic2shop.com/item/0737052766775_0…,"The Cloud writing instruments embrace both balance and functionality, while maintaining a lightweight feel through slim silhouettes and minimalistic aesthetics. #hugoboss #writinginstruments #cloud #pen #pens #ballpointpen #accessories #premiumgifts #brandedgifts #corporategifts"
Crypto Navigator,"#HugoBoss Blends the Physical and Digital with #NFC Baseball CapsHugo Boss has begun adding NFC tags to a range of baseball caps, allowing buyers to create NFT digital twins and dress their Metaverse avatars.","Reference: HB1513767 Japanese-Made Quartz Chronograph Movement. Millisecond Counter. Running Seconds. Seconds Counter, 60 Minute Counter. Date.44mm Stainless Steel Case. Scratch Resistant Mineral Crystal. #hugoboss #watches #hot #hugobosswatches","Bold and self-assured. Discover the essence of confidence in BOSS Bottled Parfum with #ChrisHemsworth. Available now, specially priced at the #tunneldutyfree! #boss #hugoboss #bottled #fragance #scent #bold #new #intesity #shop #savings #BeYourOwnBOSS"
GiftandPaper,The new Boss Bottles EDT Pacific from @ThePerfumeShopis like summer in a bottle #HugoBoss#Boss#BossBottled#BossBottledPacific#Pacific,"Hugo Boss Integrates NFC Tags for NFT Creation and MetaverseHugo Boss has added NFC tags to its baseball caps, allowing customers to create NFTs digital twins and personalize their Metaverse avatars. Read more on: https://cryptonavigator.net/hugo-boss-integrates-nfc-tags-for-nft-creation-and-metaverse/…#hugoboss #nfts #metaverse"," 1/ Exciting news from the world of fashion and technology! Luxury brand HUGO BOSS is making waves in the Metaverse by incorporating NFC tags into their baseball caps, giving customers the ability to create NFT digital twins for their avatars. #Metaverse #HugoBoss #NFTs"
,Sign Caufield dammit- I cant take it #GoHabsGo #HuGoBoss,HUGO BOSS Premium Fountain Pen Collection - Corporate Gifts Supplier in Singapore..https://bit.ly/3A9PQEB..#HugoBoss #WritingInstrument #Fountainpen #Gifts #wholesale #gifts #custommade #corporategifts #hb #newcollection #newseason #accessories #luxury #premium,"I am selling ""Navy Blue Boss Watch "" on #wallapop #gentsfashion #hugoboss #watches #fashionhttps://p.wallapop.com/i/893246309?_pid=wi&_uid=436814142&_me=s_tw…"
,"I am selling ""Navy Blue Boss Watch "" on #wallapop #gentsfashion #hugoboss #watches #fashionhttps://p.wallapop.com/i/893246309?_pid=wi&_uid=436814142&_me=s_tw…",,"Launch your new collection as Digital Twin or NFT, online and on the Metaverse with Ophir! Many brands such as Hugo Boss are launching theirs!#digitaltwin #NFT #metaverse #fashion #collection #hugoboss #3D #AR #VR #Gaming #blockchain #unrealengine #virtualreality #web3"
,"Launch your new collection as Digital Twin or NFT, online and on the Metaverse with Ophir! Many brands such as Hugo Boss are launching theirs!#digitaltwin #NFT #metaverse #fashion #collection #hugoboss #3D #AR #VR #Gaming #blockchain #unrealengine #virtualreality #web3",Hugo Boss Gets Phygital with NFC Baseball Cap#HugoBoss #NFT #NFTs #NFTCommunity #NFTnews #NFTimag #Cryptohttp://t.me/b_i_thttp://t.me/texas,Hugo Boss is attracting a new audience and generating a wave of customers who appreciate the seamless integration of physical and digital experiences.#HUGOxImaginaryOnes #phygitalexperience #hugoboss
,Hugo Boss is attracting a new audience and generating a wave of customers who appreciate the seamless integration of physical and digital experiences.#HUGOxImaginaryOnes #phygitalexperience #hugoboss,"#BreakingnewsHugo Boss has launched a line of baseball caps featuring #NFC technology, enabling customers to interact with the products digitally and merging the physical and digital worlds.#HugoBoss #NFC #FashionTech #FashionInnovation #LuxuryFashion #SmartFashion",
GlamorX,"#BreakingnewsHugo Boss has launched a line of baseball caps featuring #NFC technology, enabling customers to interact with the products digitally and merging the physical and digital worlds.#HugoBoss #NFC #FashionTech #FashionInnovation #LuxuryFashion #SmartFashion",Hugo Boss hits a home run with NFC-enabled baseball caps bridging the physical and digital worldshttp://bit.ly/3A0wfGS#hugoboss #NFT #nftnews #NFTCommunity,Hugo Boss Writing Instrument...https://luxe.giftandpaper.com..#HugoBoss #WritingInstrument #Gifts #wholesale #gifts #custommade #corporategifts #hb #newcollection #newseason #accessories #luxury #premium #giftandpaper #singapore #notebooks #gift #giftideas #handmade #love #art
Fabfragrancessa,Hugo Boss Blends the Physical and Digital with NFC Baseball Caps.Read More > https://bit.ly/hugo-boss-nfc@HUGOBOSS#nftplazas #nftnews #nfts #nftfashion #hugoboss,"Attention all men who want to smell like a Boss!One lingering whiff of #HugoBoss glamorous scent; and live your visually stunning image of a confident, charismatic, and bold manChoose #BossSelection intriguing temptation and rule the world.https://glamorx.com/products/cid_cologne-am-449178-lid_b-am-pid_61251m-products/34542ca5-20d9-43e9-be16-882af76cedc5…",Hugo Boss Blends the Physical and Digital with NFC Baseball Caps http://dlvr.it/SmZZhq #NFTFashionNews #HugoBoss
The Anami Shop,"#HugoBoss Blends the Physical and Digital with NFC Baseball Caps: #HugoBoss has begun adding NFC tags to a range of baseball caps, allowing buyers to create NFT digital… The post Hugo Boss Blends the Physical and Digital with NFC Baseball Caps… https://nftplazas.com/hugo-boss-nfc/",Bottled United 100ml/EDTR 349 Hugo Boss #male #hugoboss http://fabfragrancessa.co.za/products/bottled-united-100ml-edt…,Boss Bottled 100ml/EDTR 349 Hugo Boss #male #hugoboss http://fabfragrancessa.co.za/products/bottled-classic-100ml-edt…
,Boss The Scent For Men By Hugo Boss Deodorant Stick 2.5 Oz #HugoBoss https://pic2shop.com/item/0737052993546_0…,Make a statement with Hugo Boss No. 1. An iconic fragrance for the modern man who exudes confidence and sophistication. #HugoBoss #No1 #Fragrance #MensStyle #Confidence #anami,Had to wear the Ali x Boss top today#muhammadali #GOAT #hugoboss
,Had to wear the Ali x Boss top today#muhammadali #GOAT #hugoboss,,"@HUGOBOSS official #Partnership at the Kings Ark @KingsGlobalFund#HUGOBOSS,headquartered in Metzingen (#Germany),is a leading global #fashion &lifestyle brand in the premium #segment,offering high-quality #women's & #men's #apparel, #shoes,& #accessories.Come Join the Bosses"
pic2shop® barcode scanner,"@HUGOBOSS official #Partnership at the Kings Ark @KingsGlobalFund#HUGOBOSS,headquartered in Metzingen (#Germany),is a leading global #fashion &lifestyle brand in the premium #segment,offering high-quality #women's & #men's #apparel, #shoes,& #accessories.Come Join the Bosses",Waiting for the party to start!! Come hop in!How do you like my @HUGOBOSSsuit?! #MVFW23#hugoboss,Keep your little ones cos and casual this season with BOSS. Shop the collection online at Cruise Fashion.Take a look - https://bit.ly/3MzwaRL#cruisefashion #boss #bosskids #hugo #hugoboss #childrenswear
Pinterpolitik.com,Keep your little ones cos and casual this season with BOSS. Shop the collection online at Cruise Fashion.Take a look - https://bit.ly/3MzwaRL#cruisefashion #boss #bosskids #hugo #hugoboss #childrenswear,"If anyone is into their designer clothing and watches, my son has set up a business called 2B Brands…….check it out!!https://2b-brands.myshopify.com/?fbclid=PAAaY_dZ9yDwQE3NuqHVxRBXt1jmaFRTm48ujoblsBIzILhNkBb7QFrvuLt6s…#rolex #fashion #clothes #stoneisland #cpcompany #hugoboss",#Lifestyle #News #HugoBoss Connor Roy Wore a Surprisingly Modest Velvet Hugo Boss Tuxedo Jacket For His ‘Succession’ Wedding
Offerte64,Hugo Boss Boss Bottled 150 ml Deospray Deo Spray Deodorant OVP NEU #HUGOBOSS https://pic2shop.com/item/0737052355054_4…,#Lifestyle #News #HugoBoss Connor Roy Wore a Surprisingly Modest Velvet Hugo Boss Tuxedo Jacket For His ‘Succession’ Wedding,Money talks? #Nazi #CocaCola #HugoBoss #TheAssociatedPress #Ford #IBM #pinterpolitik #beritapolitik #infografis #politik #politikIndonesia
karin,Money talks? #Nazi #CocaCola #HugoBoss #TheAssociatedPress #Ford #IBM #pinterpolitik #beritapolitik #infografis #politik #politikIndonesia,"BOSS Tshirtrn 3p Classic Underwear_T_Shirt, Open Miscellaneous972, L Uomo  #Tshirt #HugoBoss #MinimoStoricoAssoluto https://o64.it/wugl","BOSS Tshirtrn 3p Classic Underwear_T_Shirt, Open Miscellaneous972, S Uomo #Tshirt #HugoBoss #MinimoStoricoAssoluto https://o64.it/qb4F"
,#イミンホ　#李敏镐 #LeeMinho #이민호@ActorLeeMinHo#HUGOBOSS#BeYourOwnBOSSBOSS /New on Instagram https://instagram.com/p/Cq-QvfdovBU/?igshid=YmMyMTA2M2Y=… ,BOSS Chronograph Quartz Watch for Men with Black Silicone Bracelethttps://amzn.to/41qUlX4 #BOSS #Hugoboss #watch,Boss Bottled 100ml/EDTR 349 Hugo Boss #male #hugoboss http://fabfragrancessa.co.za/products/bottled-classic-100ml-edt…
,Boss Bottled 100ml/EDTR 349 Hugo Boss #male #hugoboss http://fabfragrancessa.co.za/products/bottled-classic-100ml-edt…,It’s Wednesday we made itover thehump of the week . God is good ! Continueto move in Thanksgiving and Grace! #tk #tkstylist #musican#drmarteen #hugoboss #gshockwatches,
,It’s Wednesday we made itover thehump of the week . God is good ! Continueto move in Thanksgiving and Grace! #tk #tkstylist #musican#drmarteen #hugoboss #gshockwatches,Hugo BossCrew neck sweatAvailable In Store And Online #nauticabathgate #shoplocal #independentretailer #hugoboss,"BOSS Catch 2.0d_s Z En L, Envelope_with_Zip Uomo, Nero1, Taglia Unica #BorseOrganizerPortatutto #HugoBoss #MinimoStoricoAssoluto https://o64.it/OjDB"
Go Places Digital,"BOSS Catch 2.0d_s Z En L, Envelope_with_Zip Uomo, Nero1, Taglia Unica #BorseOrganizerPortatutto #HugoBoss #MinimoStoricoAssoluto https://o64.it/OjDB",HUGO BOSS MAINE 1-10 MENS W32 L32 REGULAR FIT GREY DESIGNER TROUSERS GREAT COND. https://ebay.co.uk/itm/325614522647?mkcid=16&mkevt=1&mkrid=711-127632-2357-0&ssspo=YMBH25N0TXy&sssrc=2047675&ssuid=YMBH25N0TXy&widget_ver=artemis&media=TW… #eBay via @eBay_UK #hugoboss #maine #trousers #pants #ebayfinds #ebay #mens #mensfashion #menswear #style #fashion #shop #online #shopping #sale #designer #branded #genuine,It's time to discover scents that capture your unique personality and giving you that desired boost every single time.⁣Shop Now: http://bit.ly/40WI78k#perfumecenteronline #HugoBoss #BossTheScent #BossBottled #TheScent #ManOfToday #Perfume #Fragrance #ScentOfSuccess
Keystone Savers,Hugo Boss adds NFC tags to baseball caps https://nfcw.com/2023/04/12/383001/hugo-boss-adds-nfc-tags-to-baseball-caps/?utm_source=dlvr.it&utm_medium=twitter… #Contactless #HugoBoss,Power Play: Strong And Intense Fragrances For Men From Fragrance Lounge.https://goplacesdigital.com/power-play-strong-and-intense-fragrances-for-men-from-fragrance-lounge/…#fragrance #perfume #perfumes #fragrancelounge #scent #fragrancesformen #intensefragrances #hugoboss #isseymiyake #luxury@FragranceLounge,Replying to @HUGOBOSS and @COTYInc
FineFragranceZimbabwe,BOSS Analogue Quartz Watch for Men with Black Leather Strap – 15134#HUGOBOSS #SaverDeal #SuperSaverDeal #Watches #WristWatches https://k4s.uk/l/7s2,#イミンホ　#李敏镐 #LeeMinho #이민호@ActorLeeMinHo#AlwaysWithLeeMinHo#HUGOBOSS#BeYourOwnBOSSWow…BOSS Mino .*゜,#Hugoboss #boss #bargainCheck out Men'sHugo Boss. Long Sleeve Polo Shirt*Rare * XXL. Burgundy.VGC https://ebay.co.uk/itm/166015813559?mkcid=16&mkevt=1&mkrid=711-127632-2357-0&ssspo=rI1weE1LRcy&sssrc=2051273&ssuid=rI1weE1LRcy&var=&widget_ver=artemis&media=TW… #eBay via @eBay_UK
,Check out Hugo Boss Hugo pink shirt size 15 brand new https://ebay.co.uk/itm/325612161599?mkcid=16&mkevt=1&mkrid=711-127632-2357-0&ssspo=z8xcGJqYRp2&sssrc=2566055&ssuid=z8xcGJqYRp2&widget_ver=artemis&media=TW… #eBay via @eBay_UK #HugoBoss #shirt,Take charge be confident and Be the BOSS this week with Fine Fragrance - Hugo by Hugo Boss::#hugoboss #hugo #finefragrance #finefragrancecollection #fine #fragranceslover #zimcelebs #zimweddingsads #zimbabwe #perfumes #zimselling,Hugo Boss Deep Red Perfume - Save 60%http://goto.walmart.com/c/1370159/565706/9383?veh=aff&sourceid=imp_000011112222333344&u=https%3A%2F%2Fwww.walmart.com%2Fip%2FHugo-Boss-Deep-Red-Eau-de-Parfum-Perfume-for-Women-3-oz%2F25514811%3Fathbdg%3DL1102%26from%3DsearchResults…#HugoBoss #Perfume #Fragrance #savemoney #Savings #dealoftheday #deals #dealsniffer
Brandkloud,Yes. We will continue to celebrate my birthday all Aries season long! Lemon tart with blood orange sorbet? Don’t mind if I do!#gay #hugoboss,Hugo Boss Deep Red Perfume - Save 60%http://goto.walmart.com/c/1370159/565706/9383?veh=aff&sourceid=imp_000011112222333344&u=https%3A%2F%2Fwww.walmart.com%2Fip%2FHugo-Boss-Deep-Red-Eau-de-Parfum-Perfume-for-Women-3-oz%2F25514811%3Fathbdg%3DL1102%26from%3DsearchResults…#HugoBoss #Perfume #Fragrance #savemoney #Savings #dealoftheday #deals #dealsniffer,
Fabfragrancessa,"Take That, you Ultra Nightmare @RealClancyBrown#HUGOBOSS !!!*coughs*#BestMarketerEver #InTheExistenceOfMarketing(Allegedly)",,Antonio Guidi likes cool bowtie #HugoBoss #MTV #Moschino #Martini #TOMFORD #Brion http://brandkloud.com/Pic/348?f=tw
Auschwitz Exhibition,Check out Hugo Boss Orange Label Vest Mens XXL Brown Fleece Lined Pockets Full Zip 2XL #HugoBoss #HugoOrange #HugoOrangeVent #XXLhttps://ebay.com/itm/155497017297?mkcid=16&mkevt=1&mkrid=711-127632-2357-0&ssspo=Y5OZes4US6O&sssrc=2566055&ssuid=Y5OZes4US6O&widget_ver=artemis&media=TW… #eBay via @eBay,Antonio Guidi likes cool bowtie #HugoBoss #MTV #Moschino #Martini #TOMFORD #Brion http://brandkloud.com/Pic/348?f=tw,Boss Bottled 100ml/EDTR 349 Hugo Boss #male #hugoboss http://fabfragrancessa.co.za/products/bottled-classic-100ml-edt…
sbsuk,Check out Hugo Boss Men’s Chuck Style Baige Pants Flat Front Size 56/ Back Pocket https://ebay.com/itm/266210698562?mkcid=16&mkevt=1&mkrid=711-127632-2357-0&ssspo=D9JE5nUPRqG&sssrc=2349624&ssuid=D9JE5nUPRqG&var=&widget_ver=artemis&media=TW… #eBay via @eBay #HugoBoss #summerpants,Boss Bottled 100ml/EDTR 349 Hugo Boss #male #hugoboss http://fabfragrancessa.co.za/products/bottled-classic-100ml-edt…,"The SS wore expensive and elegant uniforms designed by artist Karl Diebitsch, graphic designer Walter Heck, and tailored by #HugoBoss, known as the “supplier for National Socialist uniforms since 1924.” The uniforms indicated the elite position of SS members within Nazism."
Frank Hamre,"The SS wore expensive and elegant uniforms designed by artist Karl Diebitsch, graphic designer Walter Heck, and tailored by #HugoBoss, known as the “supplier for National Socialist uniforms since 1924.” The uniforms indicated the elite position of SS members within Nazism.",Bottled Night 100ml/EDTR 349 Hugo Boss #male #hugoboss http://fabfragrancessa.co.za/products/bottled-night…,"BOSS Cindy SM Hobo, Donna, Medium Beige 260, Taglia Unica #BorseATracolla #HugoBoss #MinimoStoricoAssoluto https://o64.it/1CJo"
,"I recently purchased Hugo Boss “The Scent” and it’s quickly become a staple in my fragrance collection. It’s a subtle yet stylish finishing touch to my outfit. Both elegant and timeless, it complements my personal style perfectly. #HugoBoss #ElegantFragrance #EasterFragrance",Hugo Boss The Scent 100 ml - Eau de Toilette - Herenparfum #HugoBoss https://pic2shop.com/item/0737052972305_0…,"BOSS Deva Crossbody-w, Donna, Dark Green303 #BorseATracolla #HugoBoss #MinimoStoricoAssoluto https://o64.it/fYpp"
Offerte64,"BOSS Trunk 3p Power Desig Boxer a Pantaloncino, Open Miscellaneous972, M Uomo #BoxerAderenti #HugoBoss #MinimoStoricoAssoluto https://o64.it/XUeT","BOSS Deva Crossbody-w, Donna, Dark Green303 #BorseATracolla #HugoBoss #MinimoStoricoAssoluto https://o64.it/fYpp",Hugo Boss Just Different Eau de Toilette 40ml SprayOnly £29.95 at https://buff.ly/3MrgMXw #hugoboss #hugobossjustdifferent #eaudetoilette #edt
,"BOSS Togn 1 T_Shirt, Blu Scuro 402, XS Uomo  #Tshirt #HugoBoss #MinimoStoricoAssoluto https://o64.it/EFKX","BOSS Togn 1 T_Shirt, Blu Scuro 402, M Uomo #Tshirt #HugoBoss #MinimoStoricoAssoluto https://o64.it/uov1","Save 20% On Selected Fragrance including Gucci, Marc Jacobs, Hugo Boss & more @BootsUK https://awin1.com/cread.php?awinmid=2041&awinaffid=213627&ued=https%3A%2F%2Fwww.boots.com%2Fsitesearch%3FpromotionalText%255B0%255D%3DSave%2B20%2Bpercent%2Bon%2Bselected%2Bfragrance…#Gucci #MarcJacobs #HugoBoss #Tiffany #Burberry #Easter2023 #Spring #Fragrance"
,"Save 20% On Selected Fragrance including Gucci, Marc Jacobs, Hugo Boss & more @BootsUK https://awin1.com/cread.php?awinmid=2041&awinaffid=213627&ued=https%3A%2F%2Fwww.boots.com%2Fsitesearch%3FpromotionalText%255B0%255D%3DSave%2B20%2Bpercent%2Bon%2Bselected%2Bfragrance…#Gucci #MarcJacobs #HugoBoss #Tiffany #Burberry #Easter2023 #Spring #Fragrance",Who’s gonna’ tell’em?#HugoBoss #TelAviv #Israel Awkward.,"Free sample of Juicy Couture perfume, Free Jack Wills tote bag And More: Get happy with Happy Free Stuffs→ https://luxetreats.blogspot.com/Aristocratic-Keepsake/?55302772…#memories #shopsmall #tatuaje #Belif #rapper #Revlon #HugoBoss #Nanushka #trip #clothes #lashes #sunrise"
A&M CLOTHING,Step up your fragrance game with an exceptional scent that exudes power and sophistication.Indulge in rich elegance and a truly captivating aroma; #BaldessariniAmbreOud invites you to elevate your masculine charm.Enjoy the #HugoBoss’s luxury!https://glamorx.com/products/cid_cologne-am-562528-lid_b-am-pid_76719m-products/0350775a-0d22-4964-9948-b500a36ba423…,"Free sample of Juicy Couture perfume, Free Jack Wills tote bag And More: Get happy with Happy Free Stuffs→ https://luxetreats.blogspot.com/Aristocratic-Keepsake/?55302772…#memories #shopsmall #tatuaje #Belif #rapper #Revlon #HugoBoss #Nanushka #trip #clothes #lashes #sunrise","To meet its 2023 sustainability goals, @HUGOBOSS is aiming to source eight out of ten items in a circular wayhttps://buff.ly/3Ka6ecN#sustainable #circular #hugoboss"
Mandy Parmer,Discover how Hugo Boss' finance team is addressing the global talent shortage. The full article can be found here:https://tinyurl.com/mrya3uwt#HugoBoss #finance #talentshortage,Check out HUGO BOSS DELAWARE 3-1 SLIM FIT MENS W31 L32 STRETCH BLUE DENIM JEANS https://ebay.co.uk/itm/325602153949?mkcid=16&mkevt=1&mkrid=711-127632-2357-0&ssspo=YMBH25N0TXy&sssrc=2047675&ssuid=YMBH25N0TXy&widget_ver=artemis&media=TW… #eBay via @eBay_UK #hugoboss #slim #slimfit #denim #jeans #mens #mensfashion #menswear #style #fashion #shop #online #shopping #sale #designer #branded #genuine,"Handsome British actor Henry Cavill for Hugo Boss (2018) Henry looks handsome, classy, andis giving off major James Bond vibes.#henrycavill #hugoboss #henrycavilledit#hugobosshenrycavill #henrycavillsuperman #gorgeoushenrycavill #manofsteel"
,Hugo Boss Deep Red 50 ml - Eau de parfum - for Women #HugoBoss https://pic2shop.com/item/0737052683522_2…,"Free dress from Forever 21, Free hair products from Lush And More: Get awesome free stuff to be happy→ https://eliteswag.blogspot.com/Regal-Goodie/?77347684…#lfl #hudabeauty #tendencias #fun #instacool #ChanelBeauty #minimalism #SallyHansen #moodygrams #naturalhair #events #HugoBoss","Free Zegna fragrance vial, Free fragrance samples from Givenchy And More: Find your happiness with exclusive Free Stuff→ https://fancyfreebies.blogspot.com/Gilded-Freebie/?44100082…#igersdaily #goodnight #HugoBoss #Lancome #CalvinKlein #bali #amazing #Desigual #lfl #body #island #gratitude"
ELSE Corp,"Free Zegna fragrance vial, Free fragrance samples from Givenchy And More: Find your happiness with exclusive Free Stuff→ https://fancyfreebies.blogspot.com/Gilded-Freebie/?44100082…#igersdaily #goodnight #HugoBoss #Lancome #CalvinKlein #bali #amazing #Desigual #lfl #body #island #gratitude","Giorgio Armani Si Fiori Perfume Sample, Free clothing items from Zara And More Uncover the best freebies for you every day→ https://elegantextras.blogspot.com/Noble-Treat/?60930894…#workhard #photoart #HugoBoss #Missoni #gardening #tiktok #mama #selflove #nails #dj #branding #tattooshop",C E Eau… @OneMinuteBriefs poster idea to advertise #Perfume or #Aftershave@HUGOBOSS #Boss #HugoBoss #creative #copywriting #advertising
Steve Mulville,C E Eau… @OneMinuteBriefs poster idea to advertise #Perfume or #Aftershave@HUGOBOSS #Boss #HugoBoss #creative #copywriting #advertising,"BOSS enters Metaverse Fashion Week with an immersive, AI-inspired showroom experience …https://pas-eu-groupsitetypo3.azurewebsites.net/en/newsroom/news/news-detail/boss-enters-metaverse-fashion-week-with-an-immersive-ai-inspired-showroom-experience… #HugoBoss #AI #VirtualShowroom#Metaverse #DigitalExperience #3DProductDisplays #VirtualTryOn",The Scent 100ml/EDTR 349 Hugo Boss #male #hugoboss http://fabfragrancessa.co.za/products/the-scent…
Ken Summers,The BOSS Velocity is the watch for those who strive day after day to beat the best of the best.Order now athttps://bit.ly/3YcJL4Z#HugoBoss #InstaWatch,Designer Man..#HugoBoss The @IronMenCrosby looking dapper in his 3 button collar T- Shirt this morning..Not a big fan of #Primark #Primani is he... likes a bit of quality...,Loving my new outfit in @Spatial_io .Thank you @HUGOBOSS and @readyplayerme All thanks to Metaverse Fashion Week.#HugoBoss #Spatian #Metaverse
IP Planet,HM Queen Letizia & King Felipe VI of #Spain attended a literary event held to commemorate the centenary of the first Casa Del Libro bookshop in #Madrid on Thursday. The #book store opened in 1923 & has 47 stores distributed throughout the Iberian Peninsula.( #HugoBoss ),Replying to @billybragg and @UileamMcOistin,Come into Weiss Eyecare Clinic to find a style of frame that suits you this Spring! Choose from elaborate designs and ingenious cuts. #HUGOBOSS #HUGOEYEWEAR #SPRINGSUNGLASSES https://weisseyecareclinic.com
Polycount.io,Come into Weiss Eyecare Clinic to find a style of frame that suits you this Spring! Choose from elaborate designs and ingenious cuts. #HUGOBOSS #HUGOEYEWEAR #SPRINGSUNGLASSES https://weisseyecareclinic.com,Portal Hop Journal: https://spatial.io/s/BOSS-Immersive-Showroom-641e08bd6127ed8eaff70faa?share=3302646144092575883…Creator: @HUGOBOSSMetaverse fashion week continues ...Boss@Spatial_io @readyplayerme #HugoBoss #MVFW23 #metaverse#web3 #nft #vr #ar #ai #spatian,The Stream rollerball pen is a sleek and modern writing instrument designed to provide a balanced writing experience. It features a new silhouette that combines simplicity and modernity. #hugoboss #hugobosspen #stream #writinginstruments #pens #accessories #brandedgifts #gifts
trmph blgn,"#hugoboss approached our partners @exclusible in mid February with a project brief and a 6 week timeline to build a creative and fully immersive (web, mobile, vr) #retail experience surrounding their Spring/Summer 2023 Fashion Show in Miami.","#hugoboss approached our partners @exclusible in mid February with a project brief and a 6 week timeline to build a creative and fully immersive (web, mobile, vr) #retail experience surrounding their Spring/Summer 2023 Fashion Show in Miami.",☆Where: Spring/Summer 2023 Be Your Own Boss Collection Pictorial.☆What: HUGO BOSS - Faux-Leather Belt Bag with Signature-Stripe Trim - £139.00. #LEEMINHO #이민호 #leeminhostyle #leeminhofashion #이민호패션 #LeeMinHosCloset_HugoBoss #HUGOBOSS #BeYourOwnBoss
amazonstarbuys,☆Where: Spring/Summer 2023 Be Your Own Boss Collection Pictorial.☆What: HUGO BOSS - Faux-Leather Belt Bag with Signature-Stripe Trim - £139.00. #LEEMINHO #이민호 #leeminhostyle #leeminhofashion #이민호패션 #LeeMinHosCloset_HugoBoss #HUGOBOSS #BeYourOwnBoss,☆Where: Spring/Summer 2023 Be Your Own Boss Collection Pictorial.☆What: HUGO BOSS - 2023 Spring/Summer ‘Be Your Own Boss’ Collection. #LEEMINHO #이민호 #leeminhostyle #leeminhofashion #이민호패션 #LeeMinHosCloset_HugoBoss #HUGOBOSS #BeYourOwnBoss,Replying to @puckfutina and @nexta_tv
jrmtaiwanfan,Replying to @puckfutina and @nexta_tv,"Offering a premium collection of clothing, footwear and accessories for men, women and children. Discover the full collection online and in store at Cruise Fashion. #cruisefashion #boss #hugoboss #cruiseglasgow","#Boss#hugoboss : 010 065 2255 WhatsApp: 078 581 2134: Shop 130 Bel Air Shopping Centre, Bellairs Dr, North Riding ( Next to Virgin Active)"
Tops and Bottoms,DEAL OF THE DAY ENDS IN A FEW HOURS#hugoboss #aftershavecare #fragranceblogger #gift #fragrance #giftideas #aftershaveaddiction #fragrancereview #bossbabe #kkwfragrance #fragrancecollection #giftsforher #perfume #bosslady #aftershavecollection #giftgiving #aftershavedupe,"#Boss#hugoboss : 010 065 2255 WhatsApp: 078 581 2134: Shop 130 Bel Air Shopping Centre, Bellairs Dr, North Riding ( Next to Virgin Active)",HD remastered https://youtu.be/c5G0pb-BUds HUGO BOSS Fragrances for Men TV Commercial in HD#jonathanrhysmeyers#fanedit #hugoboss #perfume#hugobossfragrances
storage,"Always aiming for innovation, whether it be in texture, functionality or shape. We offer a wide range of high-end accessories with an architectural approach to design, at the cutting edge of material innovation and production technologies#hugoBoss #Innovation #Accessories #gift",Looking for the perfect combination of style and comfort for your little one? Check out our Air Foamposite One Penny paired with a stylish Hugo Boss outfit for kids! Shop now at Tops and Bottoms. #AirFoampositeOne #Penny #HugoBoss #Kidswear #TopsandBottoms #Sneakerhead,"Branded Kids & Babies Fair (29 Mar - 3 Apr 2023)11:00am – 9:00pm5/F, Wharf T&T Centre, 7 Canton Road, Tsim Sha Tsui, Kowloon (TST Exit A1)#Harbourcitybazaar #sale #discount #outlet #Bazaar#ActiveMindsLtd #Babyganics #Balabala #Barocco #HugoBoss #Braun #Chloe #DrBrowns #Tods"
Shiyoo,Get ready to elevate your style with the Nike Air Foamposite One Penny paired with stylish Hugo Boss sweatshirt. Shop now at Tops and Bottoms! #Nike #AirFoampositeOne #PennyHardaway #HugoBoss #Sweatshirt #MensFashion #MensStyle #MensWardrobe #Menswear #TopsandBottoms,alicasmd IG Story 2023-03-25 #AlicaSchmidt #selfie #nomakeup #hugoboss,Check out HUGO BOSS ALBANY MENS W40 L34 RELAXED STRETCHJEANS TROUSERS - GREAT CONDITION https://ebay.co.uk/itm/325591044030?mkcid=16&mkevt=1&mkrid=711-127632-2357-0&ssspo=YMBH25N0TXy&sssrc=2047675&ssuid=YMBH25N0TXy&widget_ver=artemis&media=TW… #eBay via @eBay_UK #hugoboss #stretch #relaxed #jeans #mens #mensfashion #menswear #style #fashion #shop #online #shopping #sale #designer #branded #genuine
,"Travelling is an art, and what is more important than performing it in style? Our wide range of functional accessories are the perfect gift for any on-the-go businessperson.#Cerruti1881 #HugoBoss #Travelinstyle #accessories #Luggage ##Travel #Mercer #Irving #Gleam #Trolley",LOL！soooo cool！#RikimaruxBossSS2023#Rikimaru #力丸 #RikimaruChikada #BeYourOwnBOSS #HugoBoss #Rikimaru_UPandDOWN,Jannis Lorenz likes cool bowtie #HugoBoss #MTV #Moschino #Martini #TOMFORD #Brion http://brandkloud.com/Pic/348?f=tw
Tops and Bottoms,Good morning from Hugo! #Dachshund #dogsoftwitter #puppies #DogsofTwittter #hugo #hugoboss #MrBig,Jannis Lorenz likes cool bowtie #HugoBoss #MTV #Moschino #Martini #TOMFORD #Brion http://brandkloud.com/Pic/348?f=tw,Need new sunglasses with Spring on it's way come and take a look at our range inside Vitaleyes #opticians #sunglasses #rayban #prada #hugoboss #designerframes #designerglasses #armani #ralphlauren #katespade #tomford #versace #vitaleyes #vitaltone
Richard Sutton,"Elevate your kid's style with the Hugo Boss Long Sleeve Crew Neck T-Shirt collection, now available at Tops and Bottoms. #TopsandBottoms #HugoBoss #KidsFashion #LongSleeveTee #Kidswear #Kidsclothing #KidsStyle #FashionKids #KidsOutfit #Kidzootd #KidsofIG #StylishKids",Replying to @gfollows48,"Modern, elegant, and structured, the Boss Home collection mirrors the impeccable style of the brand and truly portrays sophistication at its best.Exclusively in India at Surprise Home Linen Showrooms & Webstore.For more details, Call or WhatsApp us at 9321508581#HUGOBOSS"
Mamba Lendze ,"HUGO BOSS Home CollectionDiscover the Ultra Premium Range of Plush Bath, Hand & Face Towel Sets in Unique Aegean Combed Cotton.Exclusively in India at Surprise Home Linen Showrooms & Webstore.For more details, Call or WhatsApp us at 9321508581#internationalbrands #HUGOBOSS",Check out Hugo Boss Futurism Tenn bi. UK 10 https://ebay.co.uk/itm/155470600246?mkcid=16&mkevt=1&mkrid=711-127632-2357-0&ssspo=XIuNco_3Q3i&sssrc=0&ssuid=XIuNco_3Q3i&var=&widget_ver=artemis&media=TW… #eBay via @eBay_UK #HugoBoss,"saleng ngwana modimu don't panic, focus and make sureyou keep your head up social media is just one of the easy challenges...stay fighting mud boyyou know who you are now prove it by not letting this performance demoralize you!#saleng #mbape #bafanabafana #HugoBoss #capitec"
MogomotsiWorldWide,"The Corium line of contemporary & architectural writing pieces, with their cutting-edge lower barrel shapes are made classical by their caps wrapped in luxurious, carefully chosen grained textures. #hugoboss #hugobosspens #corium #writinginstruments #writingaccessories #pens","saleng ngwana modimu don't panic, focus and make sureyou keep your head up social media is just one of the easy challenges...stay fighting mud boyyou know who you are now prove it by not letting this performance demoralize you!#saleng #mbape #bafanabafana #HugoBoss #capitec",Hehehe @SAFA now deal with your coach and why Danny Jordan is still there as well #BafanaBafana#AFCON2023Q #HugoBoss
M T H I N A Y I #9,#HugoBoss cannot be entirely blamed for the @BafanaBafana loss. #BafanaBafana,Hehehe @SAFA now deal with your coach and why Danny Jordan is still there as well #BafanaBafana#AFCON2023Q #HugoBoss,"Broos has always been over rated, too much talk but nothing to show(SA)...we gave him too much power #HugoBoss #BafanaBafana"
trend_literati,"When the #BafanaBafana coach #HugoBoss was finally dragged into the press conference room, he said a few words before storming off.He only came to tell us that he's too angry to take questions from journalists .It appears he left the field before FT.#AFCON2023Q@City_Press","Broos has always been over rated, too much talk but nothing to show(SA)...we gave him too much power #HugoBoss #BafanaBafana","HT: Bafana 2 Vs 0 LiberiaXulu, Le Roux, Zwane & Foster. Hlongwane liyeza iGoal 2nd half. I am happy with the 1st half, but we need more goals. #BafanaBafana #BafanaPride #HugoBoss"
MYEYES OPTICAL,"Broos has always been over rated, too much talk but nothing to show(SA)...we gave him too much power #HugoBoss #BafanaBafana",Elevate your kids' style game with the Hugo Boss Short Sleeve Crew neck T-shirt. Comfort and luxury in one. #HugoBoss #KidsFashion #TopsandBottoms #LuxuryStyle #FashionInspiration #StyleInspo #FashionForward #FashionDaily #FashionBloggers #FashionAddict #FashionLovers #OOTD,Bottled Oud 100ml/EDTR 349 Hugo Boss #male #hugoboss http://fabfragrancessa.co.za/products/bottled-oud…
GlamorX,Bottled Oud 100ml/EDTR 349 Hugo Boss #male #hugoboss http://fabfragrancessa.co.za/products/bottled-oud…,"Hugo Boss: Known for its modern designs and attention to detail, Hugo Boss is a brand that combines both style and substance. Their suits are perfect for any formal occasion. #hugoboss #modernstyle #formalwear",Beneath the glasses are… those eyes. Feel as you fall.#LeeMinHo #leeminho #actorleeminho #HugoBoss #hugobosseyewear
,Want to elevate your style and mood with an invigorating temptation; Try #BaldessariniAmbreEauFraiche and get lost in a revitalizing compulsion. #HugoBoss's ultimate luxury to showcase sophistication and glamorous personality every dayhttps://glamorx.com/products/cid_cologne-am-552050-lid_b-am-pid_79352m-products/3501ac6f-4d1a-44cc-a39a-368701f878ed…,"☆Where: Spring/Summer 2023 Be Your Own Boss Collection Pictorial.☆What: HUGO BOSS - Relaxed-Fit Monogram Sweatshirt in French Terry - € 179,95.#LEEMINHO #이민호 #leeminhostyle #leeminhofashion #이민호패션 #kdrama #LeeMinHosCloset_HugoBoss #HUGOBOSS #BeYourOwnBoss","HUGO Trunk Triplet Pack Tronco, Open Miscellaneous976, M Uomini #BoxerAderenti #HugoBoss #MinimoStoricoAssoluto https://o64.it/FS9o"
Matt,"To guarantee a smooth closing of the deal encompassing different regions, Singhvi Dev & Unni LLP served as Hi Fabrique Group's sole ... Read full article https://indiantextilejournal.com/hi-fabrique-group-of-bangalore-buys-tessitura-monti-india/?utm_source=ReviveOldPost&utm_medium=social&utm_campaign=ReviveOldPost… #charlestyrwhitt #hackett #hifabriquegroup #hugoboss #poloralphlauren #singhvidevunnillp #tmipl","HUGO Trunk Triplet Pack Tronco, Open Miscellaneous976, M Uomini #BoxerAderenti #HugoBoss #MinimoStoricoAssoluto https://o64.it/FS9o","HUGO Trunk Triplet Pack Tronco, Open Miscellaneous976, S Uomini  #BoxerAderenti #HugoBoss https://o64.it/PO4d"
Rossie.eth,Win the fashion game with your little ones in their fresh kicks! #kidsfashion #sneakerhead #hugoboss #airjordan11 #sneakeraddict #sneakercommunity #hugobosskids #styleinspo #sneakerfreaker #hugobossjunior #sneakerlover #kidsshoes #streetwear #fashionkids #airjordan,Brand new @HUGOBOSS swim shorts - 5 days later falling apart in Dubai. Really bad quality! #HugoBoss #BadDesign #BadFashion#SayNoToHugo,Happy Human Rights Day!...#bebedeparis #southafrica #babyhampers #style #hugoboss #timberland #buildyourownhamper #pregnant #babyshower #babygift
Daniel Harrisovsky,"Resolutely chic & modern; with their understated matt black trims, these umbrellas all feature the iconic signature tricolor strap: a beautiful way to underline the new brand image. Available in 3 formats: Mini, Pocket & City.#HugoBoss #Iconic #Umbrellas #Mini #Pocket #City",Just got my @Imaginary_Ones x @HUGOBOSS#nft #hugoboss,Hilde Schwarz likes cool bowtie #HugoBoss #MTV #Moschino #Martini #TOMFORD #Brion http://brandkloud.com/Pic/348?f=tw
KJNow-Journalistboard,We going out BB the suns still out!! #BullsNation #HugoBoss #SeeRed,Replying to @MarioNawfal,@Djkhaled Walked The #HugoBoss Runway
Theshaderoomnews,@Djkhaled Walked The #HugoBoss Runway,Hwang In Youp at the Hugo BOSS Fashion Show in Miami.#황인엽#HwangInYoup #HIYourBOSSinMiami #HugoBoss #FashionShow #Miami,"Lazio. Falcucci (Cisl): “Tomorrow we will be in front of the #HugoBoss store, we say ‘no’ to the dismissal of a sick Ukrainian mother”https://news.italy24.press/local/418216.html…"
Leen,Okay!! #DJKhaled walked beside #NaomiCampbell at #HugoBoss’ recent show in Miami!#theshaderoom #theshaderoomteens #theshaderoomnews,"The perfect companions to an active lifestyle, the Gear & Iconic items will follow you from the office to the gym, with an on-the-go schedule in mind, & with a coherent & contemporary design language that will bring the final touch to your everyday life.#hugoboss #accessories",Andrea Fabbri likes cool bowtie #HugoBoss #MTV #Moschino #Martini #TOMFORD #Brion http://brandkloud.com/Pic/348?f=tw
Kelly Blanco,Andrea Fabbri likes cool bowtie #HugoBoss #MTV #Moschino #Martini #TOMFORD #Brion http://brandkloud.com/Pic/348?f=tw,Hugo-Boss show in Miami with a lot of beautiful faces on the runway #boss #hugoboss #fashion,"Last night #HugoBoss staged their collection in Miami matched with a Florida rain shower, drenching #AmberValletta and #NaomiCampbell on the runway. https://voguebusiness.com/fashion"
LovaticsSupportGroup ,Law Roach bossin at #HugoBoss SS23 show in Miami,"Last night #HugoBoss staged their collection in Miami matched with a Florida rain shower, drenching #AmberValletta and #NaomiCampbell on the runway. https://voguebusiness.com/fashion",. @maluma and Susana Gomez dressed to the nines as they arrived at tonight’s BOSS Spring/Summer fashion show.#Maluma #boss #miami #hugoboss #fashionshow