Sumit Mehrotra,"#Doyouknow#PeterEngland Presently an Indian Brand own by AB Group since 2000Founded 133 Yrs Back as ""Old England Brand"" Use to make War Outfits for British Soldiers 1st Product was ""Khakhi Trouser"" used by british army for Boer War Old England to Peter England in 1957",This is your chance to win exciting vouchers from Peter England. How many of these have you checked off the list? Comment the numbers below and tag 3 friends to play Work From Home Bingo. ,#ABFRL #stock chart explained15% rally expected for Target 1: 320 Above 320 it will be multiyear breakout Owns brands#sabyasachi #reebokindia #forever21 #PeterEngland etcIt takes time to do analysisbut just 1 sec to like#invest #StockMarket #trading,
Peter England,This is your chance to win exciting vouchers from Peter England. How many of these have you checked off the list? Comment the numbers below and tag 3 friends to play Work From Home Bingo. ,#ABFRL #stock chart explained15% rally expected for Target 1: 320 Above 320 it will be multiyear breakout Owns brands#sabyasachi #reebokindia #forever21 #PeterEngland etcIt takes time to do analysisbut just 1 sec to like#invest #StockMarket #trading,,
Peter England,This is your chance to win exciting vouchers from Peter England. How many of these have you checked off the list? Comment the numbers below and tag 3 friends to play Work From Home Bingo. ,#ABFRL #stock chart explained15% rally expected for Target 1: 320 Above 320 it will be multiyear breakout Owns brands#sabyasachi #reebokindia #forever21 #PeterEngland etcIt takes time to do analysisbut just 1 sec to like#invest #StockMarket #trading,Thanks Sanjay sir owner of Peter England showroom syana branchto give all staff a surpize gift of diwali ।@rashmipankaj123 @SKYadavS1 @UttamCh24456762 @teamakhilesh1 #peterengland@yktsaurabh,
,Thanks Sanjay sir owner of Peter England showroom syana branchto give all staff a surpize gift of diwali ।@rashmipankaj123 @SKYadavS1 @UttamCh24456762 @teamakhilesh1 #peterengland@yktsaurabh,,,
,,Still orders coming.#Peterengland#BeActiveLootMore,,
BigkartDeal ,Still orders coming.#Peterengland#BeActiveLootMore,#MSDhoni #ChennaiSuperKings Shoot Readywith Yellow machans #PeterEngland,,
यदुवंशी हे हम जय दादा कृष्ण (D.EL.ED),Thanks Sanjay sir owner of Peter England showroom syana branchto give all staff a surpize gift of diwali ।@rashmipankaj123 @SKYadavS1 @UttamCh24456762 @teamakhilesh1 #peterengland@yktsaurabh,,,
BigkartDeal ,Still orders coming.#Peterengland#BeActiveLootMore,Mahendra Singh Dhoni and 7 others,,
MahendraSinghDhoniFC,#MSDhoni #ChennaiSuperKings Shoot Readywith Yellow machans #PeterEngland,,,
EuremOm : Finance,,#MSDhoni #ChennaiSuperKings Shoot Readywith Yellow machans #PeterEngland,,
Sumit Mehrotra,#ABFRL #stock chart explained15% rally expected for Target 1: 320 Above 320 it will be multiyear breakout Owns brands#sabyasachi #reebokindia #forever21 #PeterEngland etcIt takes time to do analysisbut just 1 sec to like#invest #StockMarket #trading,,,
Sumit Mehrotra,#ABFRL #stock chart explained15% rally expected for Target 1: 320 Above 320 it will be multiyear breakout Owns brands#sabyasachi #reebokindia #forever21 #PeterEngland etcIt takes time to do analysisbut just 1 sec to like#invest #StockMarket #trading,Still orders coming.#Peterengland#BeActiveLootMore,,
,Still orders coming.#Peterengland#BeActiveLootMore,Not be able to understand how@PeterEngland_ suit is faded n turned reddish with in a month. Either @myntra is selling counterfeit product or d #PeterEngland quality is so poor.Please clarify your stand @myntra & @AdityaBirlaGrp #FIR soon. @BandBajaateRaho,,
Latin Manharlal,LMs Update on #adityabirlafashion9 May 2023- Reinforcing commitment to ethnic wear the largest category in apparel industry.- ABFRL has Brands like #LouisPhilippe #VanHeusen #AllenSolly and #PeterEngland.Disclaimer: http://bit.ly/3BuuZMf,#PETERENGLAND #Watches Upto 70% OffStarting from 649 https://bit.ly/3Lsg0HQ,,
,"#PeterEngland @PeterEngland - good. Rand am asbassosors - bad strategy - brand Seema aplogwtic, striving, class-barrier breaking.Peter England > Alle Solly > Louis Philippe - is Brand - product portfolio strategy consideration screwing and limiting #Pet…https://lnkd.in/gQa6ni6P","A new destination is opening soon for fashion enthusiasts..At NH-10 Factory Outlet.Delhi Road, Hisar.#peterengland #vanhaussen #comingsoon #openingsoon #fashion #style #shoelovers #ootd #trend #brands #offers #sale #shopping #fashionstyle #nh10 #nh10factoryoutlet #hisar",,
NH-10 Factory Outlet,"A new destination is opening soon for fashion enthusiasts..At NH-10 Factory Outlet.Delhi Road, Hisar.#peterengland #vanhaussen #comingsoon #openingsoon #fashion #style #shoelovers #ootd #trend #brands #offers #sale #shopping #fashionstyle #nh10 #nh10factoryoutlet #hisar","Take centerstage without taking centerstage. Raise a toast to celebrate your buddy's big day, Dil se! Shop the look via link in the bio. #dilsepehno #peterengland #weddingblossom #weddingwear #menswear #indiangroom #groomsquad #weddingwearformen… https://instagr.am/p/CrI6Cjmyl9Y/",,
NH-10 Factory Outlet,,,,
NH-10 Factory Outlet,, Can someone from the reach out to me .I need some queries to be answered regarding the recent order I have purchased,,
MS, I am awaiting aresponse still on the Query asked from the Team & till date no one has contected me . , Can someone from the reach out to me .I need some queries to be answered regarding the recent order I have purchased,,
NH-10 Factory Outlet,"A new destination is opening soon for fashion enthusiasts..At NH-10 Factory Outlet.Delhi Road, Hisar.#peterengland #vanhaussen #comingsoon #openingsoon #fashion #style #shoelovers #ootd #trend #brands #offers #sale #shopping #fashionstyle #nh10 #nh10factoryoutlet #hisar","Take centerstage without taking centerstage. Raise a toast to celebrate your buddy's big day, Dil se! ",,
Peter England,This is your chance to win exciting vouchers from Peter England. How many of these have you checked off the list? Comment the numbers below and tag 3 friends to play Work From Home Bingo. #WFHStories #PeterEngland #Bingo,#Doyouknow,#MSDhoni #ChennaiSuperKings Shoot Readywith Yellow machans #PeterEngland,
OffersZones,#AmazonGreatRepublicDaySale Just Rs.699 #PeterEngland Maroon SweatshirtCheckout Now > https://amzn.to/3XIWifvMore offers > https://amzn.to/3ZRvewg,#AmazonGreatRepublicDaySale Just Rs.699 #PeterEngland Maroon SweatshirtCheckout Now > https://amzn.to/3XIWifvMore offers > https://amzn.to/3ZRvewg,So good I had to share! Check out all the items I'm loving on @Poshmarkapp #poshmark #fashion #style #shopmycloset #peterengland #harleydavidson: https://posh.mk/TdrWhggvBxb,So good I had to share! Check out all the items I'm loving on @Poshmarkapp #poshmark #fashion #style #shopmycloset #pinkvictoriassecret #nike #peterengland: https://posh.mk/Kmxm543wixb
Michelle,So good I had to share! Check out all the items I'm loving on @Poshmarkapp from @kidzfamily #poshmark #fashion #style #shopmycloset #nike #peterengland: https://posh.mk/vyn7u1yQSrb,,,
Michelle,,,So good I had to share! Check out all the items I'm loving on @Poshmarkapp #poshmark #fashion #style #shopmycloset #peterengland #daks #hm: https://posh.mk/fx5KE6heLxb,
MAYUR PANCHAL,Foreign name is what people like and admire a lot.Eg. #vanheusen #peterengland, ,So good I had to share! Check out all the items I'm loving on @Poshmarkapp #poshmark #fashion #style #shopmycloset #xappeal #peterengland #marcbymarcjacobs: https://posh.mk/2ViSjUfYEwb,
87store,, ,Which one of the following is the most popular and quality jeans men's brand? #jeans#lifestyle #shopping #Myntra #uspolo #peterengland,
Sondra Boker,So good I had to share! Check out all the items I'm loving on @Poshmarkapp #poshmark #fashion #style #shopmycloset #xappeal #peterengland #marcbymarcjacobs: https://posh.mk/2ViSjUfYEwb, ,,
Michelle,So good I had to share! Check out all the items I'm loving on @Poshmarkapp from @kidzfamily #poshmark #fashion #style #shopmycloset #nike #peterengland: https://posh.mk/vyn7u1yQSrb,,,
Michelle,,Foreign name is what people like and admire a lot.Eg. #vanheusen #peterengland,So good I had to share! Check out all the items I'm loving on @Poshmarkapp #poshmark #fashion #style #shopmycloset #peterengland #daks #hm: https://posh.mk/fx5KE6heLxb,
MAYUR PANCHAL,Foreign name is what people like and admire a lot.Eg. #vanheusen #peterengland,So good I had to share! Check out all the items I'm loving on @Poshmarkapp #poshmark #fashion #style #shopmycloset #peterengland #daks #hm: https://posh.mk/fx5KE6heLxb,So good I had to share! Check out all the items I'm loving on @Poshmarkapp #poshmark #fashion #style #shopmycloset #xappeal #peterengland #marcbymarcjacobs: https://posh.mk/2ViSjUfYEwb,
87store,,So good I had to share! Check out all the items I'm loving on @Poshmarkapp #poshmark #fashion #style #shopmycloset #xappeal #peterengland #marcbymarcjacobs: https://posh.mk/2ViSjUfYEwb,Which one of the following is the most popular and quality jeans men's brand? #jeans#lifestyle #shopping #Myntra #uspolo #peterengland,
Sondra Boker,So good I had to share! Check out all the items I'm loving on @Poshmarkapp #poshmark #fashion #style #shopmycloset #xappeal #peterengland #marcbymarcjacobs: https://posh.mk/2ViSjUfYEwb,Which one of the following is the most popular and quality jeans men's brand? #jeans#lifestyle #shopping #Myntra #uspolo #peterengland,,
,,,,
Michelle,So good I had to share! Check out all the items I'm loving on @Poshmarkapp #poshmark #fashion #style #shopmycloset #peterengland #harleydavidson: https://posh.mk/TdrWhggvBxb,So good I had to share! Check out all the items I'm loving on @Poshmarkapp #poshmark #fashion #style #shopmycloset #pinkvictoriassecret #nike #peterengland: https://posh.mk/Kmxm543wixb,,
Sondra Boker,So good I had to share! Check out all the items I'm loving on @Poshmarkapp #poshmark #fashion #style #shopmycloset #pinkvictoriassecret #nike #peterengland: https://posh.mk/Kmxm543wixb,,,
87store,So good I had to share! Check out all the items I'm loving on @Poshmarkapp from @kidzfamily #poshmark #fashion #style #shopmycloset #nike #peterengland: https://posh.mk/vyn7u1yQSrb,So good I had to share! Check out all the items I'm loving on @Poshmarkapp #poshmark #fashion #style #shopmycloset #xappeal #peterengland #marcbymarcjacobs: https://posh.mk/2ViSjUfYEwb,So good I had to share! Check out all the items I'm loving on @Poshmarkapp #poshmark #fashion #style #shopmycloset #xappeal #peterengland #marcbymarcjacobs: https://posh.mk/2ViSjUfYEwb,
Suresh Madha,,So good I had to share! Check out all the items I'm loving on @Poshmarkapp #poshmark #fashion #style #shopmycloset #peterengland #daks #hm: https://posh.mk/fx5KE6heLxb,,
Profit Guru,#fashion,,,
Sondra Boker,#poshmark,So good I had to share! Check out all the items I'm loving on @Poshmarkapp #poshmark #fashion #style #shopmycloset #xappeal #peterengland #marcbymarcjacobs: https://posh.mk/2ViSjUfYEwb,,
OffersZones,,,,
OffersZones,,So good I had to share! Check out all the items I'm loving on @Poshmarkapp from @kidzfamily #poshmark #fashion #style #shopmycloset #nike #peterengland: https://posh.mk/vyn7u1yQSrb,,
Get Best Deals in India,So good I had to share! Check out all the items I'm loving on @Poshmarkapp from @kidzfamily #poshmark #fashion #style #shopmycloset #nike #peterengland: https://posh.mk/vyn7u1yQSrb,Foreign name is what people like and admire a lot.Eg. #vanheusen #peterengland,,
Suresh Madha,Which one of the following is the most popular and quality jeans men's brand? #jeans#lifestyle #shopping #Myntra #uspolo #peterengland,,,
Nadim Akram ( Baap Of Price Action),#bigbull,So good I had to share! Check out all the items I'm loving on @Poshmarkapp from @kidzfamily #poshmark #fashion #style #shopmycloset #nike #peterengland: https://posh.mk/vyn7u1yQSrb,So good I had to share! Check out all the items I'm loving on @Poshmarkapp #poshmark #fashion #style #shopmycloset #madison #marika #peterengland: https://posh.mk/hzPQY82J7wb,
,Before After 06th Feb 2023#banknifty #rakeshjhunjhunwala #bigbull #economy #peterengland #hindustanunilever #startupnews #successstories #sharemarketstudies #indiansharemarketwhen,So good I had to share! Check out all the items I'm loving on @Poshmarkapp from @kidzfamily #poshmark #fashion #style #shopmycloset #nike #peterengland: https://posh.mk/vyn7u1yQSrb, ,
MAYUR PANCHAL,Before After 06th Feb 2023#banknifty #rakeshjhunjhunwala #bigbull #economy #peterengland #hindustanunilever #startupnews #successstories #sharemarketstudies #indiansharemarketwhen,So good I had to share! Check out all the items I'm loving on @Poshmarkapp from @kidzfamily #poshmark #fashion #style #shopmycloset #nike #peterengland: https://posh.mk/vyn7u1yQSrb, ,
,So good I had to share! Check out all the items I'm loving on @Poshmarkapp #poshmark #fashion #style #shopmycloset #madison #marika #peterengland: https://posh.mk/hzPQY82J7wb,Get 20% OFF on Shopping Above INR2999 | Coupon Code: PENY20 | Winter Wear CollectionVisit http://sastaoffer.in #sastaoffer #peterengland #winter #winteroutfit #winterfashion #fashionstyle #mensfashion #couponcommunity #couponfamily #offers #discountcode #discount,,
Blair Wicks,So good I had to share! Check out all the items I'm loving on @Poshmarkapp from @kidzfamily #poshmark #fashion #style #shopmycloset #nike #peterengland: https://posh.mk/vyn7u1yQSrb,So good I had to share! Check out all the items I'm loving on @Poshmarkapp #poshmark #fashion #style #shopmycloset #madison #marika #peterengland: https://posh.mk/hzPQY82J7wb,#peterengland,
Nadim Akram ( Baap Of Price Action), ,#fashion,So good I had to share! Check out all the items I'm loving on @Poshmarkapp #poshmark #fashion #style #shopmycloset #madison #marika #peterengland: https://posh.mk/hzPQY82J7wb,
mangesh,,,http://alldayoffer.in/producedetails.aspx?id=805338…Peter EnglandBlue Checks Regular Fit Formal ShirtRs.1360.00#peterengland,
EuremOm : Finance,,#MSDhoni #ChennaiSuperKings Shoot Readywith Yellow machans #PeterEngland,,
,#MSDhoni #ChennaiSuperKings Shoot Readywith Yellow machans #PeterEngland,,,
alldayoffer,,http://alldayoffer.in/producedetails.aspx?id=805338…Peter EnglandBlue Checks Regular Fit Formal ShirtRs.1360.00#peterengland,"http://alldayoffer.in/producedetails.aspx?id=805673…People, Peter England Men’s Clothing at Flat 50% off + 15% Cashback Rs. 249#peterengland",
"Megha Shah
","meghadhanesh
·
Replying to 
@PeterEngland_
#PeterEngland #Mensobsession #Contest 
Peter England makes me feel what I am, so that I can carry myself with attitude & style.

@MehtaJuli
Megha Shah
@meghadhanesh
·
Replying to 
@PeterEngland_
#DiwaliwithPeterEngland 
@PeterEngland_

God gave us the privilege to choose friends and best clothes from #PeterEngland this Diwali....",,,