Nina Roper Yearwood,", and co like the next girl, i'd still come home to asian brands for key makeup products.",jarwwooooo!!!,Pake loreal excelent,
,"Helen Mirren says ‚Äúno secret message was intended,‚Äù with her #Cannes2023 red carpet look. 

‚ÄúI am a L‚ÄôOr√©al ambassador, they are a sponsor of the festival, and quite truthfully, I picked up a fan because I was hot.‚Äù http://vntyfr.com/YlcGICE
",,,
,Get Yours ,Jonathan Jackson,"Loreal nothing in politics has been more disproven than the idea that Trump was a ""Putin puppet.""",
,"Turdlets, I'm sorry your bubble was burst ü§°üòÇüòÇüòÇ

No, actually, I'm not. üòéüñï 

#lorealworthit #Loreal #HelenMirren #AmberHeardIsALiar #AmberHeardIsFinished #AmberHeardIsAnAbuser #AmberHeardPerjury #AmberHeardCharityFraudster",,,
Harshal Deshmukh,Get Yours ,irene Hansen,"Are you sure? Bc Emily B, pp said on her stream - they same day as closing statements Loreal did use her in a TV ad? but maybe they did remove it after she lost?",
,,Jonathan Jackson,,
irene Hansen,"Are you sure? Bc Emily B, pp said on her stream - they same day as closing statements Loreal did use her in a TV ad? but maybe they did remove it after she lost?",It's about time LOVE THAT FOR HER #Loreal #amberheardisNOTworthit #AmberHeardIsAnAbuser #AmberHeardlsALiar #AmberTurd #AmberHeardPerjury #AmberHeardCharityFraudster, L'Or√©al Absolut Repair Golden Professional Hair Mask Infused with GOLD QUINOA + PROTEIN. Shinier and softer hair Lightweight touch Resurfaced and less damaged hair https://l8r.it/lYGQ https://l8r.it/Lwd0 ‚Å†#hairmask #„Éò„Ç¢„Éû„Çπ„ÇØ #loreal #lorealpro,
,,"Are you sure? Bc Emily B, pp said on her stream - they same day as closing statements Loreal did use her in a TV ad? but maybe they did remove it after she lost?",,
@loreal_ss,,"Are you sure? Bc Emily B, pp said on her stream - they same day as closing statements Loreal did use her in a TV ad? but maybe they did remove it after she lost?",2:00,
@OfFleetStreet,"It's about time üôåüôåüôåüôå
LOVE THAT FOR HER ü§°
#Loreal #amberheardisNOTworthit #AmberHeardIsAnAbuser #AmberHeardlsALiar #AmberTurd #AmberHeardPerjury #AmberHeardCharityFraudster",,187,
@cyclesugar,"Because You're Worth It: Self-Esteem Month - L'Or√©al Paris

Guess who is no longer listed as a brand ambassador!  https://lorealparisusa.com/lesson-of-worth","Snippet of the Loreal spokesperson list. She's still considered one, no termination:",She's been blacklistedShe has no job at allNo offersNo projectsLoreal dumped her - she was not at CannesNothing,
@LorealNichole,"She's been blacklisted

She has no job at all
No offers
No projects
Loreal dumped her - she was not at Cannes
Nothing",She's been blacklistedShe has no job at allNo offersNo projectsLoreal dumped her - she was not at CannesNothing,56,
@loreal_ss,"Cardano is growing and is looking to revolutionize different aspects of the web 3 part of its core approach to growing this milestone is through its native token innovation. The cardano native token facilitates easy transactions on the bloc",56,,
@hayatsseenn,Hollywood CANCELS Team Amber Heard as Helen Mirren SHUTS DOWN ,,15,
irene Hansen,"And while I like mac, loreal, and co like the next girl, i'd still come home to asian brands for key makeup products.",It's about time ,,
¬∞MyNameIsKai¬∞,"Loreal nothing in politics has been more disproven than the idea that Trump was a ""Putin puppet.",,,
Jonathan Jackson,Does that sunscreen sting if you apply it near your eyes? Nivea and Loreal both sting so I just skip sunscreen altogether :| (I'm too lazy to look up new brands lol),Does that sunscreen sting if you apply it near your eyes? Nivea and Loreal both sting so I just skip sunscreen altogether :| (I'm too lazy to look up new brands lol),Replying to @LauraBockov @Beatrix32021692 and 2 others,
irene Hansen,"Are you sure? Bc Emily B, pp said on her stream - they same day as closing statements Loreal did use her in a TV ad? but maybe they did remove it after she lost?",,It's about time LOVE THAT FOR HER #Loreal #amberheardisNOTworthit #AmberHeardIsAnAbuser #AmberHeardlsALiar #AmberTurd #AmberHeardPerjury #AmberHeardCharityFraudster,
.,"Lies lies and more lies!!! As long as #Loreal has #AmberHeardIsALiar as the ambassador I will NOT buy anything Loreal or its subsidiaries
Quote Tweet
Laura B
@LauraB99737382
¬∑
May 20
OMG‚ÄºÔ∏è Thanks LHA‚ÄºÔ∏èYou‚Äôre just hilarious as Nige‚ÄºÔ∏èüëèüèªüëèüèªü§£ü§£ü§£ü§£
Show this thread", nder bagusss,,
mut,"makeup gurus I need your help
I bought the infallible lip liner by L'Oreal and it turned out like this (see photo) even though I bought it sealed üò©
any idea how I can fix this? it doesn't look like it can be sharpened and I can't return it 
#makeup #loreal",,She's been blacklistedShe has no job at allNo offersNo projectsLoreal dumped her - she was not at CannesNothing,
LOSKII ‚ô±,"How I wake up and eat my cereal in the mornings knowing that L'Oreal said ""nah I'm good"" when it came to Amber Heard while Johnny Depp signed a 20 million dollar deal  with Dior üòÇ

#AmberHeardIsALiar #AmberHeardIsAnAbuser #Loreal #JohnnyDeppforDIOR #CannesFilmFestival2023",,,
Hayat,"üíúNew Videoüíú
Testing out the viral mascara from L‚ÄôOr√©al in today‚Äôs video‚Ä¶ application AND review.  #Loreal #beauty 

WATCH üì≤ https://youtu.be/tZjUl9SIbaY"," refitaliftMoisturizer: skintific, cosrx snail mucin, tbs vit E sama skin1004 ganti ganti make nyaSunscreen: dear me sun stick",76,
smithereens,Loreal,,Quote TweetDe'arra Taylor@dearra¬∑13hheavy on there‚Äôs nothing to talk about,
PrettiesGlobal,"That tide is a b*tch ü§°üòÇ

#amberheardisNOTworthit #AmberHeardIsALiar #AmberHeardIsFinished #AmberHeardlsAnAbuser #AmberHeardPerjury #AmberHeardCharityFraudster #Loreal",,,
PrettiesGlobal,,be dubbing tf out these lames,Make loreal nder bagusss,
DemonBarber,#Loreal love it üòä it‚Äôs giving me natural glow ü§© Perfect for summer ‚òÄÔ∏è #spf50 #naturalglow #bestproduct #recommend #antiuv #summer,Hollywood CANCELS Team Amber Heard as Helen Mirren SHUTS DOWN ,,
LOSKII ‚ô±,how yal stop yal selves from getting mad so fast ?,,"Ini ya nderFw: poise, pigeon dipakenya selang selingToner: tbs vitamin EExfo toner: some by meEssence: cosrx snail mucinSerum: loreal refitaliftMoisturizer: skintific, cosrx snail mucin, tbs vit E sama skin1004 ganti ganti make nyaSunscreen: dear me sun stick",
Hayat,,Barlow is posting pro heard/,Quote Tweeta@A1YEDAM¬∑18hwts lfbph / worldwide / wwLoreal / L'oreal / L'Or√©al Paris Excellence Creme Hair Color Dark Brown - 300 phpmop: gcash & paypalmod: flash express & direct ggx#a1yedamsells,
smithereens,,wts lfbph / worldwide / ww,Quote Tweeta@A1YEDAM¬∑18hwts lfbph / worldwide / wwLoreal /L'oreal / L'Or√©al Paris Excellence Creme Hair Color Mahogany Copper - 300 phpmop: gcash & paypalmod: flash express & direct ggx#a1yedamsells,
a,wts lfbph / worldwide / ww,Jb wtb ,"#shesnotworthit , just saying , even loreal have dropped her from the latest PR , her deceitful stampede of lies , and using sick children and survivors is over",
"CARA KIRIM MFS, CEK LIKE",Jb wtb ,I want to give a special shout out to ,,
Loreal Smith,,,24,
JK Supremacy ,,,I vaguely remember Amber implying at one stop on her post trial interview tour that Loreal had dropped her.,
Comicsgate.org,Hollywood CANCELS Team Amber Heard as Helen Mirren SHUTS DOWN ,,,
,,Dear ,She also stated in the VA trial that Loreal told her they wouldn't be using her material. So... I think they wised up.,
Carolyn,,,28,
PAUL ,,Should I put on my shades on and get activated?,"COF COF ,Loreal Paris",
Silvia Caeiro,,,30,
Loreal Tisdale,Should I put on my shades on and get activated?,I gotta find a outfit for this weekend, you hear me!,
,"I want to give a special shout out to #EveBarlow for her contributions leading to the official removal of AH from  #LOreal. Without her & her relentless doxing, this would've never happen! Eve along with the Tater-Tot Gang are the real MVP's here! #amberheardisNOTworthit  twitter.com/LauraBockov/st‚Ä¶",Loreal,Replying to @RpsAgainstTrump,
¬∞MyNameIsKai¬∞,Replying to @japoota,Loreal,Replying to @RpsAgainstTrump,
Jonathan Jackson,Replying to @RpsAgainstTrump,Replying to @daman_028,,
Jonathan Jackson,"#WTG! #Gremlin! üëç Dumped by #Loreal, Dumped by #Hollywood, soon to be Dumped by #Spain, Dumped by #Friends, best of all Dumped by #JD.  And not all over what she Dumped on the #Bed. üí© 

#AmberTurd = vicious #LIAR & #ABUSER! ü§•üëä

#amberheardisNOTworthit üò†üëã
#JohnnyDeppWon ü•≥",Replying to @daman_028,"Are you sure? Bc Emily B, pp said on her stream - they same day as closing statements Loreal did use her in a TV ad? but maybe they did remove it after she lost?",
,"It's about time üôåüôåüôåüôå
LOVE THAT FOR HER ü§°
#Loreal #amberheardisNOTworthit #AmberHeardIsAnAbuser #AmberHeardlsALiar #AmberTurd #AmberHeardPerjury #AmberHeardCharityFraudster
0:02 / 2:11
Quote Tweet
TheRealLauraBüåä‚öîÔ∏è
@LauraBockov
¬∑
12h
Because You're Worth It: Self-Esteem Month - L'Or√©al Paris

Guess who is no longer listed as a brand ambassador!  https://lorealparisusa.com/lesson-of-worth
Show this thread
PrettiesGlobal
@PrettiesGlobal
¬∑
3h
üé© L'Or√©al Absolut Repair Golden Professional Hair Mask 

Infused with GOLD QUINOA + PROTEIN.

üé© Shinier and softer hair
üé© Lightweight touch
üé© Resurfaced and less damaged hair

üëâüèª https://l8r.it/lYGQ
üëâüèª https://l8r.it/Lwd0 ‚Å†

#hairmask #„Éò„Ç¢„Éû„Çπ„ÇØ #loreal #lorealpro
",,,
Beauty Ties, L'Or√©al Absolut Repair Golden Professional Hair Mask Infused with GOLD QUINOA + PROTEIN. Shinier and softer hair Lightweight touch Resurfaced and less damaged hair https://l8r.it/lYGQ https://l8r.it/Lwd0 ‚Å†#hairmask #„Éò„Ç¢„Éû„Çπ„ÇØ #loreal #lorealpro,,,
Beauty Ties, L'Or√©al Absolut Repair Golden Professional Hair Mask Infused with GOLD QUINOA + PROTEIN. Shinier and softer hair Lightweight touch Resurfaced and less damaged hair https://l8r.it/lYGQ https://l8r.it/Lwd0 ‚Å†#hairmask #„Éò„Ç¢„Éû„Çπ„ÇØ #loreal #lorealpro,"I want to give a special shout out to #EveBarlow for her contributions leading to the official removal of AH from#LOreal. Without her & her relentless doxing, this would've never happen! Eve along with the Tater-Tot Gang are the real MVP's here! #amberheardisNOTworthit","Hate to be that person, but she‚Äôs still listed under their brand ambassadors page‚Ä¶#ShesNotWorthIt #Loreal",
MasMaz,"Hate to be that person, but she‚Äôs still listed under their brand ambassadors page‚Ä¶#ShesNotWorthIt #Loreal",New VideoTesting out the viral mascara from L‚ÄôOr√©al in today‚Äôs video‚Ä¶ application AND review.#Loreal #beauty WATCHhttps://youtu.be/tZjUl9SIbaY,That tide is a b*tch #amberheardisNOTworthit #AmberHeardIsALiar #AmberHeardIsFinished #AmberHeardlsAnAbuser #AmberHeardPerjury #AmberHeardCharityFraudster #Loreal,
¬∞MyNameIsKai¬∞,New VideoTesting out the viral mascara from L‚ÄôOr√©al in today‚Äôs video‚Ä¶ application AND review.#Loreal #beauty WATCHhttps://youtu.be/tZjUl9SIbaY,#Loreal love itit‚Äôs giving me natural glowPerfect for summer#spf50 #naturalglow #bestproduct #recommend #antiuv #summer,#Gremlin is just annoying #LOreal with her constant #Whining. May her #Turd mission #BackFire. #AmberHeardIsALiar #AmberHeardIsAnAbuser #amberheardisNOTworthitAmber Heard's Journo Friend TRIGGERED L'Or√©al 'abandoned' Amber! https://youtu.be/hcDdJQjIe9M via @YouTube,
Kamila Trzebiatowska,That tide is a b*tch #amberheardisNOTworthit #AmberHeardIsALiar #AmberHeardIsFinished #AmberHeardlsAnAbuser #AmberHeardPerjury #AmberHeardCharityFraudster #Loreal,#Gremlin is just annoying #LOreal with her constant #Whining. May her #Turd mission #BackFire. #AmberHeardIsALiar #AmberHeardIsAnAbuser #amberheardisNOTworthitAmber Heard's Journo Friend TRIGGERED L'Or√©al 'abandoned' Amber! https://youtu.be/hcDdJQjIe9M via @YouTube,makeup gurus I need your helpI bought the infallible lip liner by L'Oreal and it turned out like this (see photo) even though I bought it sealed any idea how I can fix this? it doesn't look like it can be sharpened and I can't return it #makeup #loreal,
JohnnyRules,#Loreal love itit‚Äôs giving me natural glowPerfect for summer#spf50 #naturalglow #bestproduct #recommend #antiuv #summer,makeup gurus I need your helpI bought the infallible lip liner by L'Oreal and it turned out like this (see photo) even though I bought it sealed any idea how I can fix this? it doesn't look like it can be sharpened and I can't return it #makeup #loreal,"How I wake up and eat my cereal in the mornings knowing that L'Oreal said ""nah I'm good"" when it came to Amber Heard while Johnny Depp signed a 20 million dollar dealwith Dior #AmberHeardIsALiar #AmberHeardIsAnAbuser #Loreal #JohnnyDeppforDIOR #CannesFilmFestival2023",
miss stress,#Gremlin is just annoying #LOreal with her constant #Whining. May her #Turd mission #BackFire. #AmberHeardIsALiar #AmberHeardIsAnAbuser #amberheardisNOTworthitAmber Heard's Journo Friend TRIGGERED L'Or√©al 'abandoned' Amber! https://youtu.be/hcDdJQjIe9M via @YouTube,"How I wake up and eat my cereal in the mornings knowing that L'Oreal said ""nah I'm good"" when it came to Amber Heard while Johnny Depp signed a 20 million dollar dealwith Dior #AmberHeardIsALiar #AmberHeardIsAnAbuser #Loreal #JohnnyDeppforDIOR #CannesFilmFestival2023",Price : $18.98#LOreal #Paris #Elvive #Hyaluron #Plump #Shampoo #Conditioner #Set #Dehydrated #Dry #Hair #Hyaluronic #Acid #Care #Complex #Kit #Products-,
Steph,makeup gurus I need your helpI bought the infallible lip liner by L'Oreal and it turned out like this (see photo) even though I bought it sealed any idea how I can fix this? it doesn't look like it can be sharpened and I can't return it #makeup #loreal,Price : $18.98#LOreal #Paris #Elvive #Hyaluron #Plump #Shampoo #Conditioner #Set #Dehydrated #Dry #Hair #Hyaluronic #Acid #Care #Complex #Kit #Products-,Price : $5.99#LOreal #Paris #Colour #Riche #Shine #Lipstick #Sparkling #Rose-,
MasMaz,"How I wake up and eat my cereal in the mornings knowing that L'Oreal said ""nah I'm good"" when it came to Amber Heard while Johnny Depp signed a 20 million dollar dealwith Dior #AmberHeardIsALiar #AmberHeardIsAnAbuser #Loreal #JohnnyDeppforDIOR #CannesFilmFestival2023",Price : $5.99#LOreal #Paris #Colour #Riche #Shine #Lipstick #Sparkling #Rose-,Lies lies and more lies!!! As long as #Loreal has #AmberHeardIsALiar as the ambassador I will NOT buy anything Loreal or its subsidiaries,
MasMaz,Price : $18.98#LOreal #Paris #Elvive #Hyaluron #Plump #Shampoo #Conditioner #Set #Dehydrated #Dry #Hair #Hyaluronic #Acid #Care #Complex #Kit #Products-,Lies lies and more lies!!! As long as #Loreal has #AmberHeardIsALiar as the ambassador I will NOT buy anything Loreal or its subsidiaries,@LOrealParisUSA @lorealparisfr well I guess it depends on how many women they have k!lled in the name of Amber Heard already!#Loreal #LorealParisCannes #IsSheWorthIt,
nola watson,Price : $5.99#LOreal #Paris #Colour #Riche #Shine #Lipstick #Sparkling #Rose-,@LOrealParisUSA @lorealparisfr well I guess it depends on how many women they have k!lled in the name of Amber Heard already!#Loreal #LorealParisCannes #IsSheWorthIt,"So #amberturd supporters think that they can get #LOreal to ""bring back amber""while they harass and bully #JohnnyDeppRises and anybody else that supports him.They think that loreal wants to be part of their smear campaign. They watched the trial, too. Yk, they did.LMAO",
,@LOrealParisUSA @lorealparisfr well I guess it depends on how many women they have k!lled in the name of Amber Heard already!#Loreal #LorealParisCannes #IsSheWorthIt,Replying to @An_elf_pirate,"She was not at #CannesFilmFestival2023 bc she‚Äôs controversial, she causes problems, nobody likes her & she can‚Äôt be trusted. She‚Äôs a liar & a fraud!#AmberHeardIsALiar #AmberHeardIsAnAbuser #JohnnyDeppKeepsWinning #39MashedPotatoes #AmberIsWorthShit #AmberisNOTWorthIt #LOreal",
bassgodess,"So #amberturd supporters think that they can get #LOreal to ""bring back amber""while they harass and bully #JohnnyDeppRises and anybody else that supports him.They think that loreal wants to be part of their smear campaign. They watched the trial, too. Yk, they did.LMAO","She was not at #CannesFilmFestival2023 bc she‚Äôs controversial, she causes problems, nobody likes her & she can‚Äôt be trusted. She‚Äôs a liar & a fraud!#AmberHeardIsALiar #AmberHeardIsAnAbuser #JohnnyDeppKeepsWinning #39MashedPotatoes #AmberIsWorthShit #AmberisNOTWorthIt #LOreal",L'Or√©al Rouge Caresse Lipstick - 07 Cheeky Magenta.¬†A flutter of kissably soft light-weight feeling colour. Fast & Free UK delivery. Price: ¬£6.30 #loreal #lipstick #cosmetics #ansisworld #ANSIS_Online_Shopping https://ansisworld.co.uk/epages/6c955b9d-55db-485d-a6ac-a36261684187.sf/en_GB/?ObjectPath=/Shops/6c955b9d-55db-485d-a6ac-a36261684187/Products/LL_9010_006‚Ä¶,
Stinie,Replying to @An_elf_pirate,L'Or√©al Rouge Caresse Lipstick - 07 Cheeky Magenta.¬†A flutter of kissably soft light-weight feeling colour. Fast & Free UK delivery. Price: ¬£6.30 #loreal #lipstick #cosmetics #ansisworld #ANSIS_Online_Shopping https://ansisworld.co.uk/epages/6c955b9d-55db-485d-a6ac-a36261684187.sf/en_GB/?ObjectPath=/Shops/6c955b9d-55db-485d-a6ac-a36261684187/Products/LL_9010_006‚Ä¶,I did not purchase this product b/c it is tested on animals! #CruelCompany #LOreal #CrueltyCutter,
ansisworld.co.uk,"She was not at #CannesFilmFestival2023 bc she‚Äôs controversial, she causes problems, nobody likes her & she can‚Äôt be trusted. She‚Äôs a liar & a fraud!#AmberHeardIsALiar #AmberHeardIsAnAbuser #JohnnyDeppKeepsWinning #39MashedPotatoes #AmberIsWorthShit #AmberisNOTWorthIt #LOreal",I did not purchase this product b/c it is tested on animals! #CruelCompany #LOreal #CrueltyCutter,Replying to @Jennife87343676,
Ivonne Alfaro,L'Or√©al Rouge Caresse Lipstick - 07 Cheeky Magenta.¬†A flutter of kissably soft light-weight feeling colour. Fast & Free UK delivery. Price: ¬£6.30 #loreal #lipstick #cosmetics #ansisworld #ANSIS_Online_Shopping https://ansisworld.co.uk/epages/6c955b9d-55db-485d-a6ac-a36261684187.sf/en_GB/?ObjectPath=/Shops/6c955b9d-55db-485d-a6ac-a36261684187/Products/LL_9010_006‚Ä¶,Replying to @Jennife87343676,Replying to @youdrawdignity,
Paula10380409,I did not purchase this product b/c it is tested on animals! #CruelCompany #LOreal #CrueltyCutter,Replying to @youdrawdignity,Replying to @youdrawdignity,
, L'Or√©al Absolut Repair Golden Professional Hair Mask Infused with GOLD QUINOA + PROTEIN. Shinier and softer hair Lightweight touch Resurfaced and less damaged hair https://l8r.it/lYGQ https://l8r.it/Lwd0 ‚Å†#hairmask #„Éò„Ç¢„Éû„Çπ„ÇØ #loreal #lorealpro,,"I want to give a special shout out to #EveBarlow for her contributions leading to the official removal of AH from#LOreal. Without her & her relentless doxing, this would've never happen! Eve along with the Tater-Tot Gang are the real MVP's here! #amberheardisNOTworthit",
, L'Or√©al Absolut Repair Golden Professional Hair Mask Infused with GOLD QUINOA + PROTEIN. Shinier and softer hair Lightweight touch Resurfaced and less damaged hair https://l8r.it/lYGQ https://l8r.it/Lwd0 ‚Å†#hairmask #„Éò„Ç¢„Éû„Çπ„ÇØ #loreal #lorealpro,,"I want to give a special shout out to #EveBarlow for her contributions leading to the official removal of AH from#LOreal. Without her & her relentless doxing, this would've never happen! Eve along with the Tater-Tot Gang are the real MVP's here! #amberheardisNOTworthit",Price : $8.97#LOreal #Paris #Cosmetics #Infallible #Pro #Matte #Les #Chocolats #Scented #Liquid #Lipstick #Candy #Man #Fluid #Ounce-
,"I want to give a special shout out to #EveBarlow for her contributions leading to the official removal of AH from#LOreal. Without her & her relentless doxing, this would've never happen! Eve along with the Tater-Tot Gang are the real MVP's here! #amberheardisNOTworthit",,Price : $8.97#LOreal #Paris #Cosmetics #Infallible #Pro #Matte #Les #Chocolats #Scented #Liquid #Lipstick #Candy #Man #Fluid #Ounce-,That tide is a b*tch #amberheardisNOTworthit #AmberHeardIsALiar #AmberHeardIsFinished #AmberHeardlsAnAbuser #AmberHeardPerjury #AmberHeardCharityFraudster #Loreal
,Price : $8.97#LOreal #Paris #Cosmetics #Infallible #Pro #Matte #Les #Chocolats #Scented #Liquid #Lipstick #Candy #Man #Fluid #Ounce-,,That tide is a b*tch #amberheardisNOTworthit #AmberHeardIsALiar #AmberHeardIsFinished #AmberHeardlsAnAbuser #AmberHeardPerjury #AmberHeardCharityFraudster #Loreal,#Gremlin is just annoying #LOreal with her constant #Whining. May her #Turd mission #BackFire. #AmberHeardIsALiar #AmberHeardIsAnAbuser #amberheardisNOTworthitAmber Heard's Journo Friend TRIGGERED L'Or√©al 'abandoned' Amber! https://youtu.be/hcDdJQjIe9M via @YouTube
,New VideoTesting out the viral mascara from L‚ÄôOr√©al in today‚Äôs video‚Ä¶ application AND review.#Loreal #beauty WATCHhttps://youtu.be/tZjUl9SIbaY,GIFread image descriptionALT,#Loreal love itit‚Äôs giving me natural glowPerfect for summer#spf50 #naturalglow #bestproduct #recommend #antiuv #summer,makeup gurus I need your helpI bought the infallible lip liner by L'Oreal and it turned out like this (see photo) even though I bought it sealed any idea how I can fix this? it doesn't look like it can be sharpened and I can't return it #makeup #loreal
,That tide is a b*tch #amberheardisNOTworthit #AmberHeardIsALiar #AmberHeardIsFinished #AmberHeardlsAnAbuser #AmberHeardPerjury #AmberHeardCharityFraudster #Loreal,,#Gremlin is just annoying #LOreal with her constant #Whining. May her #Turd mission #BackFire. #AmberHeardIsALiar #AmberHeardIsAnAbuser #amberheardisNOTworthitAmber Heard's Journo Friend TRIGGERED L'Or√©al 'abandoned' Amber! https://youtu.be/hcDdJQjIe9M via @YouTube,"How I wake up and eat my cereal in the mornings knowing that L'Oreal said ""nah I'm good"" when it came to Amber Heard while Johnny Depp signed a 20 million dollar dealwith Dior #AmberHeardIsALiar #AmberHeardIsAnAbuser #Loreal #JohnnyDeppforDIOR #CannesFilmFestival2023"
,#Loreal love itit‚Äôs giving me natural glowPerfect for summer#spf50 #naturalglow #bestproduct #recommend #antiuv #summer,youtube.comAmber Heard's Journo Friend TRIGGERED L'Or√©al 'abandoned' Amber!Amber Heard's Journo Friend TRIGGERED L'Or√©al 'abandoned' Amber!Check out Channel Membership if you are keen to support the channel!Go Fund Me for channel qu...,makeup gurus I need your helpI bought the infallible lip liner by L'Oreal and it turned out like this (see photo) even though I bought it sealed any idea how I can fix this? it doesn't look like it can be sharpened and I can't return it #makeup #loreal,Price : $18.98#LOreal #Paris #Elvive #Hyaluron #Plump #Shampoo #Conditioner #Set #Dehydrated #Dry #Hair #Hyaluronic #Acid #Care #Complex #Kit #Products-
,#Gremlin is just annoying #LOreal with her constant #Whining. May her #Turd mission #BackFire. #AmberHeardIsALiar #AmberHeardIsAnAbuser #amberheardisNOTworthitAmber Heard's Journo Friend TRIGGERED L'Or√©al 'abandoned' Amber! https://youtu.be/hcDdJQjIe9M via @YouTube,,"How I wake up and eat my cereal in the mornings knowing that L'Oreal said ""nah I'm good"" when it came to Amber Heard while Johnny Depp signed a 20 million dollar dealwith Dior #AmberHeardIsALiar #AmberHeardIsAnAbuser #Loreal #JohnnyDeppforDIOR #CannesFilmFestival2023",Price : $5.99#LOreal #Paris #Colour #Riche #Shine #Lipstick #Sparkling #Rose-
,makeup gurus I need your helpI bought the infallible lip liner by L'Oreal and it turned out like this (see photo) even though I bought it sealed any idea how I can fix this? it doesn't look like it can be sharpened and I can't return it #makeup #loreal,GIFread image descriptionALT,Price : $18.98#LOreal #Paris #Elvive #Hyaluron #Plump #Shampoo #Conditioner #Set #Dehydrated #Dry #Hair #Hyaluronic #Acid #Care #Complex #Kit #Products-,Lies lies and more lies!!! As long as #Loreal has #AmberHeardIsALiar as the ambassador I will NOT buy anything Loreal or its subsidiaries
,Lies lies and more lies!!! As long as #Loreal has #AmberHeardIsALiar as the ambassador I will NOT buy anything Loreal or its subsidiaries,,"So #amberturd supporters think that they can get #LOreal to ""bring back amber""while they harass and bully #JohnnyDeppRises and anybody else that supports him.They think that loreal wants to be part of their smear campaign. They watched the trial, too. Yk, they did.LMAO","She was not at #CannesFilmFestival2023 bc she‚Äôs controversial, she causes problems, nobody likes her & she can‚Äôt be trusted. She‚Äôs a liar & a fraud!#AmberHeardIsALiar #AmberHeardIsAnAbuser #JohnnyDeppKeepsWinning #39MashedPotatoes #AmberIsWorthShit #AmberisNOTWorthIt #LOreal"
,@LOrealParisUSA @lorealparisfr well I guess it depends on how many women they have k!lled in the name of Amber Heard already!#Loreal #LorealParisCannes #IsSheWorthIt,2126327,Replying to @An_elf_pirate,L'Or√©al Rouge Caresse Lipstick - 07 Cheeky Magenta.¬†A flutter of kissably soft light-weight feeling colour. Fast & Free UK delivery. Price: ¬£6.30 #loreal #lipstick #cosmetics #ansisworld #ANSIS_Online_Shopping https://ansisworld.co.uk/epages/6c955b9d-55db-485d-a6ac-a36261684187.sf/en_GB/?ObjectPath=/Shops/6c955b9d-55db-485d-a6ac-a36261684187/Products/LL_9010_006‚Ä¶
,I did not purchase this product b/c it is tested on animals! #CruelCompany #LOreal #CrueltyCutter,Perhaps this year #LOreal got it right ....,Replying to @youdrawdignity,Stunning and BRAVE! #AmberHeardIsAnAbuser #amberheardisNOTworthit #Loreal
,Stunning and BRAVE! #AmberHeardIsAnAbuser #amberheardisNOTworthit #Loreal,"Quote TweetOn Page 64 @Daisy_J_S¬∑May 19The slogan is ‚Äúbecause I‚Äôm worth it‚Äù. It inspires self-worth, that you‚Äôre good enough, that you belong. We need to send the message to survivors that they‚Äôre not alone, that abusers don‚Äôt win.#AmberIsWorthIt #HireSurvivors","#LOreal ambassador#HelenMirren shuts down AH stans who tried to twist her appearance at #CannesFilmFestival2023 as a support signal for AH. @Eve_Barlow you're wrong again, as Helen said ""No secret message was intended"".Sit down!#AmberHeardlsAnAbuser",Y'all are washed up ‚Äùa!! Go to Bed..#loreal #DoBetter
,Y'all are washed up ‚Äùa!! Go to Bed..#loreal #DoBetter,,Stay tuned as we follow this story for a response from @LOrealParisUSA #AmberIsWorthIt #WorthIt #Loreal #Cannes2023 #LorealParisCannes #39MashedPotatoes,Berenice Bruno likes review #LOreal #Lush #YvesRocherFrance #Deborah #GemeyMaybel http://brandkloud.com/Pic/353?f=tw
,Lisa Rizzo likes review #LOreal #Lush #YvesRocherFrance #Deborah #GemeyMaybelline http://brandkloud.com/Pic/353?f=tw,,She wasn‚Äôt worth it AT ALL was she#LOreal? #AmberHeardIsFinished,"I see, drugged d+m bf+ck, that's why her private weirdoEve Barlow writes one embarrassing pathetic begging tweet after the next asking #loreal to have lying ""PTSD"" Amber Heard in Cannes next to her alleged abuser. #AmberTurd #CannesFilmFestival2023 #Amberisworthshit #JohnnyDepp"
Beauty Ties,One of the best collaborations. @KarlLagerfeld and @LOrealParisUK #BeautyTies #KarlLagerfeld #Loreal,"I want to give a special shout out to #EveBarlow for her contributions leading to the official removal of AH from#LOreal. Without her & her relentless doxing, this would've never happen! Eve along with the Tater-Tot Gang are the real MVP's here! #amberheardisNOTworthit",,
Beauty Ties,One of the best collaborations. @KarlLagerfeld and @LOrealParisUK #BeautyTies #KarlLagerfeld #Loreal,"I want to give a special shout out to #EveBarlow for her contributions leading to the official removal of AH from#LOreal. Without her & her relentless doxing, this would've never happen! Eve along with the Tater-Tot Gang are the real MVP's here! #amberheardisNOTworthit","Hate to be that person, but she‚Äôs still listed under their brand ambassadors page‚Ä¶#ShesNotWorthIt #Loreal",
,"Hate to be that person, but she‚Äôs still listed under their brand ambassadors page‚Ä¶#ShesNotWorthIt #Loreal",Price : $8.97#LOreal #Paris #Cosmetics #Infallible #Pro #Matte #Les #Chocolats #Scented #Liquid #Lipstick #Candy #Man #Fluid #Ounce-,New VideoTesting out the viral mascara from L‚ÄôOr√©al in today‚Äôs video‚Ä¶ application AND review.#Loreal #beauty WATCHhttps://youtu.be/tZjUl9SIbaY,
MasMaz,Price : $8.97#LOreal #Paris #Cosmetics #Infallible #Pro #Matte #Les #Chocolats #Scented #Liquid #Lipstick #Candy #Man #Fluid #Ounce-,New VideoTesting out the viral mascara from L‚ÄôOr√©al in today‚Äôs video‚Ä¶ application AND review.#Loreal #beauty WATCHhttps://youtu.be/tZjUl9SIbaY,That tide is a b*tch #amberheardisNOTworthit #AmberHeardIsALiar #AmberHeardIsFinished #AmberHeardlsAnAbuser #AmberHeardPerjury #AmberHeardCharityFraudster #Loreal,
Erica,New VideoTesting out the viral mascara from L‚ÄôOr√©al in today‚Äôs video‚Ä¶ application AND review.#Loreal #beauty WATCHhttps://youtu.be/tZjUl9SIbaY,That tide is a b*tch #amberheardisNOTworthit #AmberHeardIsALiar #AmberHeardIsFinished #AmberHeardlsAnAbuser #AmberHeardPerjury #AmberHeardCharityFraudster #Loreal,#Loreal love itit‚Äôs giving me natural glowPerfect for summer#spf50 #naturalglow #bestproduct #recommend #antiuv #summer,
¬∞MyNameIsKai¬∞,That tide is a b*tch #amberheardisNOTworthit #AmberHeardIsALiar #AmberHeardIsFinished #AmberHeardlsAnAbuser #AmberHeardPerjury #AmberHeardCharityFraudster #Loreal,#Loreal love itit‚Äôs giving me natural glowPerfect for summer#spf50 #naturalglow #bestproduct #recommend #antiuv #summer,#Gremlin is just annoying #LOreal with her constant #Whining. May her #Turd mission #BackFire. #AmberHeardIsALiar #AmberHeardIsAnAbuser #amberheardisNOTworthitAmber Heard's Journo Friend TRIGGERED L'Or√©al 'abandoned' Amber! https://youtu.be/hcDdJQjIe9M via @YouTube,
,"I want to give a special shout out to #EveBarlow for her contributions leading to the official removal of AH from#LOreal. Without her & her relentless doxing, this would've never happen! Eve along with the Tater-Tot Gang are the real MVP's here! #amberheardisNOTworthit",,,
,"I want to give a special shout out to #EveBarlow for her contributions leading to the official removal of AH from#LOreal. Without her & her relentless doxing, this would've never happen! Eve along with the Tater-Tot Gang are the real MVP's here! #amberheardisNOTworthit",Price : $8.97#LOreal #Paris #Cosmetics #Infallible #Pro #Matte #Les #Chocolats #Scented #Liquid #Lipstick #Candy #Man #Fluid #Ounce-,New VideoTesting out the viral mascara from L‚ÄôOr√©al in today‚Äôs video‚Ä¶ application AND review.#Loreal #beauty WATCHhttps://youtu.be/tZjUl9SIbaY,
¬∞MyNameIsKai¬∞,New VideoTesting out the viral mascara from L‚ÄôOr√©al in today‚Äôs video‚Ä¶ application AND review.#Loreal #beauty WATCHhttps://youtu.be/tZjUl9SIbaY,#Loreal love itit‚Äôs giving me natural glowPerfect for summer#spf50 #naturalglow #bestproduct #recommend #antiuv #summer,#Gremlin is just annoying #LOreal with her constant #Whining. May her #Turd mission #BackFire. #AmberHeardIsALiar #AmberHeardIsAnAbuser #amberheardisNOTworthitAmber Heard's Journo Friend TRIGGERED L'Or√©al 'abandoned' Amber! https://youtu.be/hcDdJQjIe9M via @YouTube,
JohnnyRules,#Loreal love itit‚Äôs giving me natural glowPerfect for summer#spf50 #naturalglow #bestproduct #recommend #antiuv #summer,makeup gurus I need your helpI bought the infallible lip liner by L'Oreal and it turned out like this (see photo) even though I bought it sealed any idea how I can fix this? it doesn't look like it can be sharpened and I can't return it #makeup #loreal,"How I wake up and eat my cereal in the mornings knowing that L'Oreal said ""nah I'm good"" when it came to Amber Heard while Johnny Depp signed a 20 million dollar dealwith Dior #AmberHeardIsALiar #AmberHeardIsAnAbuser #Loreal #JohnnyDeppforDIOR #CannesFilmFestival2023",
Steph,makeup gurus I need your helpI bought the infallible lip liner by L'Oreal and it turned out like this (see photo) even though I bought it sealed any idea how I can fix this? it doesn't look like it can be sharpened and I can't return it #makeup #loreal,Price : $18.98#LOreal #Paris #Elvive #Hyaluron #Plump #Shampoo #Conditioner #Set #Dehydrated #Dry #Hair #Hyaluronic #Acid #Care #Complex #Kit #Products-,Price : $5.99#LOreal #Paris #Colour #Riche #Shine #Lipstick #Sparkling #Rose-,
MasMaz,Price : $18.98#LOreal #Paris #Elvive #Hyaluron #Plump #Shampoo #Conditioner #Set #Dehydrated #Dry #Hair #Hyaluronic #Acid #Care #Complex #Kit #Products-,Lies lies and more lies!!! As long as #Loreal has #AmberHeardIsALiar as the ambassador I will NOT buy anything Loreal or its subsidiaries,@LOrealParisUSA @lorealparisfr well I guess it depends on how many women they have k!lled in the name of Amber Heard already!#Loreal #LorealParisCannes #IsSheWorthIt,
Daily Sarcasm News,Lies lies and more lies!!! As long as #Loreal has #AmberHeardIsALiar as the ambassador I will NOT buy anything Loreal or its subsidiaries,"So #amberturd supporters think that they can get #LOreal to ""bring back amber""while they harass and bully #JohnnyDeppRises and anybody else that supports him.They think that loreal wants to be part of their smear campaign. They watched the trial, too. Yk, they did.LMAO",Replying to @An_elf_pirate,
bassgodess,"So #amberturd supporters think that they can get #LOreal to ""bring back amber""while they harass and bully #JohnnyDeppRises and anybody else that supports him.They think that loreal wants to be part of their smear campaign. They watched the trial, too. Yk, they did.LMAO","She was not at #CannesFilmFestival2023 bc she‚Äôs controversial, she causes problems, nobody likes her & she can‚Äôt be trusted. She‚Äôs a liar & a fraud!#AmberHeardIsALiar #AmberHeardIsAnAbuser #JohnnyDeppKeepsWinning #39MashedPotatoes #AmberIsWorthShit #AmberisNOTWorthIt #LOreal",,
Stinie,Replying to @An_elf_pirate,,L'Or√©al Rouge Caresse Lipstick - 07 Cheeky Magenta.¬†A flutter of kissably soft light-weight feeling colour. Fast & Free UK delivery. Price: ¬£6.30 #loreal #lipstick #cosmetics #ansisworld #ANSIS_Online_Shopping https://ansisworld.co.uk/epages/6c955b9d-55db-485d-a6ac-a36261684187.sf/en_GB/?ObjectPath=/Shops/6c955b9d-55db-485d-a6ac-a36261684187/Products/LL_9010_006‚Ä¶,
ansisworld.co.uk,,I did not purchase this product b/c it is tested on animals! #CruelCompany #LOreal #CrueltyCutter,Replying to @Jennife87343676,
RC,Replying to @Jennife87343676,Replying to @youdrawdignity,Stunning and BRAVE! #AmberHeardIsAnAbuser #amberheardisNOTworthit #Loreal,
, L'Or√©al Absolut Repair Golden Professional Hair Mask Infused with GOLD QUINOA + PROTEIN. Shinier and softer hair Lightweight touch Resurfaced and less damaged hair https://l8r.it/lYGQ https://l8r.it/Lwd0 ‚Å†#hairmask #„Éò„Ç¢„Éû„Çπ„ÇØ #loreal #lorealpro,,,
, L'Or√©al Absolut Repair Golden Professional Hair Mask Infused with GOLD QUINOA + PROTEIN. Shinier and softer hair Lightweight touch Resurfaced and less damaged hair https://l8r.it/lYGQ https://l8r.it/Lwd0 ‚Å†#hairmask #„Éò„Ç¢„Éû„Çπ„ÇØ #loreal #lorealpro,"I want to give a special shout out to #EveBarlow for her contributions leading to the official removal of AH from#LOreal. Without her & her relentless doxing, this would've never happen! Eve along with the Tater-Tot Gang are the real MVP's here! #amberheardisNOTworthit",,
MasMaz,One of the best collaborations. @KarlLagerfeld and @LOrealParisUK #BeautyTies #KarlLagerfeld #Loreal,"Hate to be that person, but she‚Äôs still listed under their brand ambassadors page‚Ä¶#ShesNotWorthIt #Loreal",New VideoTesting out the viral mascara from L‚ÄôOr√©al in today‚Äôs video‚Ä¶ application AND review.#Loreal #beauty WATCHhttps://youtu.be/tZjUl9SIbaY,
¬∞MyNameIsKai¬∞,Price : $8.97#LOreal #Paris #Cosmetics #Infallible #Pro #Matte #Les #Chocolats #Scented #Liquid #Lipstick #Candy #Man #Fluid #Ounce-,,#Loreal love itit‚Äôs giving me natural glowPerfect for summer#spf50 #naturalglow #bestproduct #recommend #antiuv #summer,
JohnnyRules,,#Loreal love itit‚Äôs giving me natural glowPerfect for summer#spf50 #naturalglow #bestproduct #recommend #antiuv #summer,makeup gurus I need your helpI bought the infallible lip liner by L'Oreal and it turned out like this (see photo) even though I bought it sealed any idea how I can fix this? it doesn't look like it can be sharpened and I can't return it #makeup #loreal,
Steph,#Loreal love itit‚Äôs giving me natural glowPerfect for summer#spf50 #naturalglow #bestproduct #recommend #antiuv #summer,makeup gurus I need your helpI bought the infallible lip liner by L'Oreal and it turned out like this (see photo) even though I bought it sealed any idea how I can fix this? it doesn't look like it can be sharpened and I can't return it #makeup #loreal,Price : $18.98#LOreal #Paris #Elvive #Hyaluron #Plump #Shampoo #Conditioner #Set #Dehydrated #Dry #Hair #Hyaluronic #Acid #Care #Complex #Kit #Products-,
,makeup gurus I need your helpI bought the infallible lip liner by L'Oreal and it turned out like this (see photo) even though I bought it sealed any idea how I can fix this? it doesn't look like it can be sharpened and I can't return it #makeup #loreal,Price : $18.98#LOreal #Paris #Elvive #Hyaluron #Plump #Shampoo #Conditioner #Set #Dehydrated #Dry #Hair #Hyaluronic #Acid #Care #Complex #Kit #Products-,Price : $5.99#LOreal #Paris #Colour #Riche #Shine #Lipstick #Sparkling #Rose-,
nola watson,Price : $18.98#LOreal #Paris #Elvive #Hyaluron #Plump #Shampoo #Conditioner #Set #Dehydrated #Dry #Hair #Hyaluronic #Acid #Care #Complex #Kit #Products-,Price : $5.99#LOreal #Paris #Colour #Riche #Shine #Lipstick #Sparkling #Rose-,@LOrealParisUSA @lorealparisfr well I guess it depends on how many women they have k!lled in the name of Amber Heard already!#Loreal #LorealParisCannes #IsSheWorthIt,
,Price : $5.99#LOreal #Paris #Colour #Riche #Shine #Lipstick #Sparkling #Rose-,@LOrealParisUSA @lorealparisfr well I guess it depends on how many women they have k!lled in the name of Amber Heard already!#Loreal #LorealParisCannes #IsSheWorthIt,Replying to @An_elf_pirate,
Stinie,@LOrealParisUSA @lorealparisfr well I guess it depends on how many women they have k!lled in the name of Amber Heard already!#Loreal #LorealParisCannes #IsSheWorthIt,Replying to @An_elf_pirate,,
,"So #amberturd supporters think that they can get #LOreal to ""bring back amber""while they harass and bully #JohnnyDeppRises and anybody else that supports him.They think that loreal wants to be part of their smear campaign. They watched the trial, too. Yk, they did.LMAO","She was not at #CannesFilmFestival2023 bc she‚Äôs controversial, she causes problems, nobody likes her & she can‚Äôt be trusted. She‚Äôs a liar & a fraud!#AmberHeardIsALiar #AmberHeardIsAnAbuser #JohnnyDeppKeepsWinning #39MashedPotatoes #AmberIsWorthShit #AmberisNOTWorthIt #LOreal",L'Or√©al Rouge Caresse Lipstick - 07 Cheeky Magenta.¬†A flutter of kissably soft light-weight feeling colour. Fast & Free UK delivery. Price: ¬£6.30 #loreal #lipstick #cosmetics #ansisworld #ANSIS_Online_Shopping https://ansisworld.co.uk/epages/6c955b9d-55db-485d-a6ac-a36261684187.sf/en_GB/?ObjectPath=/Shops/6c955b9d-55db-485d-a6ac-a36261684187/Products/LL_9010_006‚Ä¶,
Ivonne Alfaro,"She was not at #CannesFilmFestival2023 bc she‚Äôs controversial, she causes problems, nobody likes her & she can‚Äôt be trusted. She‚Äôs a liar & a fraud!#AmberHeardIsALiar #AmberHeardIsAnAbuser #JohnnyDeppKeepsWinning #39MashedPotatoes #AmberIsWorthShit #AmberisNOTWorthIt #LOreal",L'Or√©al Rouge Caresse Lipstick - 07 Cheeky Magenta.¬†A flutter of kissably soft light-weight feeling colour. Fast & Free UK delivery. Price: ¬£6.30 #loreal #lipstick #cosmetics #ansisworld #ANSIS_Online_Shopping https://ansisworld.co.uk/epages/6c955b9d-55db-485d-a6ac-a36261684187.sf/en_GB/?ObjectPath=/Shops/6c955b9d-55db-485d-a6ac-a36261684187/Products/LL_9010_006‚Ä¶,Replying to @Jennife87343676,
Khumz,I did not purchase this product b/c it is tested on animals! #CruelCompany #LOreal #CrueltyCutter,Replying to @youdrawdignity,Stunning and BRAVE! #AmberHeardIsAnAbuser #amberheardisNOTworthit #Loreal,