Delightful Tron 333,4weeks left until new Job #kohls #Sephora,#Trendalert@Sephora UK has a sale onGrab up to 20% off PLUS earn Reward Beans when using your #mystaffshop account#dontdiscountthediscount #saleshopping #salehere #Sephorahttps://buff.ly/3FX8KCp,,
Em Ortiz-Kehoe,"Get yours here https://invol.co/clilbgx #SEPHORA EXCLUSIVE NUDESTIXTinted Blur Sculpt Stick ‚Ä¢ 6.20g‚Ç±2,050.00DESCRIPTIONFormulation: Cream To Powder, StickWhat else u need 2 knowCleanVeganCruelty-FreeSynthetic Fragrance-freeFree from parabens, phthalates, sulfates",10 #Sephora Beauty Gifts Under $50 | Gift Guide https://bit.ly/2S38ee1 #BeautyGiftGuide #BeautyGifts,Unboxing Sephora + Trying New Makeup #makeup #unboxing #sephora,
Just Tiki,10 #Sephora Beauty Gifts Under $50 | Gift Guide https://bit.ly/2S38ee1 #BeautyGiftGuide #BeautyGifts,Unboxing Sephora + Trying New Makeup #makeup #unboxing #sephora,If you are from the United Kingdom. Your chance to win 750 pounds as a gift. Register for your chance.https://sites.google.com/view/clickher22/accueil‚Ä¶#sephora #Sephorahaul #sephoravibsale #sephorasale #sephoravsulta #sephoramakeup #hugesephorahaul #sephorafavorites #sephoravib #sephorasalehaul,
ùêÄùê¨ùê°ùê•ùêûùê≤,Unboxing Sephora + Trying New Makeup #makeup #unboxing #sephora,,,
Reyana Mayer,If you are from the United Kingdom. Your chance to win 750 pounds as a gift. Register for your chance.https://sites.google.com/view/clickher22/accueil‚Ä¶#sephora #Sephorahaul #sephoravibsale #sephorasale #sephoravsulta #sephoramakeup #hugesephorahaul #sephorafavorites #sephoravib #sephorasalehaul,#dior #beaute #sephora balm,"All I need now, enter #Sephora ",
ÿ≠,"All I need now, enter #Sephora ",Trust the Reviews‚Äî15 Holy-Grail Sephora Products With 1000+ 5-Star Ratings #Reviews | #Holy | #Sephora | #Products,What to do on a rainy night while your bf is working and daughter is upstairs playing Nintendo w friends? Shop. Shop hard. Shop ParisianOooh I can't wait until it arrives!#DiorBeauty #YvesSaintLaurent #Sephora,
Just Tiki,10 #Sephora Beauty Gifts Under $50 | Gift Guide https://bit.ly/2S38ee1 #BeautyGiftGuide #BeautyGifts,Unboxing Sephora + Trying New Makeup #makeup #unboxing #sephora,If you are from the United Kingdom. Your chance to win 750 pounds as a gift. Register for your chance.https://sites.google.com/view/clickher22/accueil‚Ä¶#sephora #Sephorahaul #sephoravibsale #sephorasale #sephoravsulta #sephoramakeup #hugesephorahaul #sephorafavorites #sephoravib #sephorasalehaul,
ùêÄùê¨ùê°ùê•ùêûùê≤,Unboxing Sephora + Trying New Makeup #makeup #unboxing #sephora,If you are from the United Kingdom. Your chance to win 750 pounds as a gift. Register for your chance.https://sites.google.com/view/clickher22/accueil‚Ä¶#sephora #Sephorahaul #sephoravibsale #sephorasale #sephoravsulta #sephoramakeup #hugesephorahaul #sephorafavorites #sephoravib #sephorasalehaul,#dior #beaute #sephora balm,
Reyana Mayer,If you are from the United Kingdom. Your chance to win 750 pounds as a gift. Register for your chance.https://sites.google.com/view/clickher22/accueil‚Ä¶#sephora #Sephorahaul #sephoravibsale #sephorasale #sephoravsulta #sephoramakeup #hugesephorahaul #sephorafavorites #sephoravib #sephorasalehaul,#dior #beaute #sephora balm,"All I need now, enter #Sephora ",
Harlan Adams {Adam},#dior #beaute #sephora balm,"All I need now, enter #Sephora ",Trust the Reviews‚Äî15 Holy-Grail Sephora Products With 1000+ 5-Star Ratings #Reviews | #Holy | #Sephora | #Products,
Reyana Mayer,If you are from the United Kingdom. Your chance to win 750 pounds as a gift. Register for your chance.https://sites.google.com/view/clickher22/accueil‚Ä¶#sephora #Sephorahaul #sephoravibsale #sephorasale #sephoravsulta #sephoramakeup #hugesephorahaul #sephorafavorites #sephoravib #sephorasalehaul,,Unboxing Sephora + Trying New Makeup #makeup #unboxing #sephora,
Reyana Mayer,If you are from the United Kingdom. Your chance to win 750 pounds as a gift. Register for your chance.https://sites.google.com/view/clickher22/accueil‚Ä¶#sephora #Sephorahaul #sephoravibsale #sephorasale #sephoravsulta #sephoramakeup #hugesephorahaul #sephorafavorites #sephoravib #sephorasalehaul,#dior #beaute #sephora balm,Unboxing Sephora + Trying New Makeup #makeup #unboxing #sephora,
Harlan Adams {Adam},#dior #beaute #sephora balm,"All I need now, enter #Sephora ",If you are from the United Kingdom. Your chance to win 750 pounds as a gift. Register for your chance.https://sites.google.com/view/clickher22/accueil‚Ä¶#sephora #Sephorahaul #sephoravibsale #sephorasale #sephoravsulta #sephoramakeup #hugesephorahaul #sephorafavorites #sephoravib #sephorasalehaul,
ÿ≠,"All I need now, enter #Sephora ",Trust the Reviews‚Äî15 Holy-Grail Sephora Products With 1000+ 5-Star Ratings #Reviews | #Holy | #Sephora | #Products,#dior #beaute #sephora balm,
Just Tiki,"Get yours here https://invol.co/clilbgx #SEPHORA EXCLUSIVE NUDESTIXTinted Blur Sculpt Stick ‚Ä¢ 6.20g‚Ç±2,050.00DESCRIPTIONFormulation: Cream To Powder, StickWhat else u need 2 knowCleanVeganCruelty-FreeSynthetic Fragrance-freeFree from parabens, phthalates, sulfates",Unboxing Sephora + Trying New Makeup #makeup #unboxing #sephora,10 #Sephora Beauty Gifts Under $50 | Gift Guide https://bit.ly/2S38ee1 #BeautyGiftGuide #BeautyGifts,
Just Tiki,10 #Sephora Beauty Gifts Under $50 | Gift Guide https://bit.ly/2S38ee1 #BeautyGiftGuide #BeautyGifts,Unboxing Sephora + Trying New Makeup #makeup #unboxing #sephora,If you are from the United Kingdom. Your chance to win 750 pounds as a gift. Register for your chance.https://sites.google.com/view/clickher22/accueil‚Ä¶#sephora #Sephorahaul #sephoravibsale #sephorasale #sephoravsulta #sephoramakeup #hugesephorahaul #sephorafavorites #sephoravib #sephorasalehaul,
Just Tiki,Unboxing Sephora + Trying New Makeup #makeup #unboxing #sephora,If you are from the United Kingdom. Your chance to win 750 pounds as a gift. Register for your chance.https://sites.google.com/view/clickher22/accueil‚Ä¶#sephora #Sephorahaul #sephoravibsale #sephorasale #sephoravsulta #sephoramakeup #hugesephorahaul #sephorafavorites #sephoravib #sephorasalehaul,,
ùêÄùê¨ùê°ùê•ùêûùê≤,If you are from the United Kingdom. Your chance to win 750 pounds as a gift. Register for your chance.https://sites.google.com/view/clickher22/accueil‚Ä¶#sephora #Sephorahaul #sephoravibsale #sephorasale #sephoravsulta #sephoramakeup #hugesephorahaul #sephorafavorites #sephoravib #sephorasalehaul,#dior #beaute #sephora balm,,"All I need now, enter #Sephora "
Harlan Adams {Adam},"All I need now, enter #Sephora ",,,Trust the Reviews‚Äî15 Holy-Grail Sephora Products With 1000+ 5-Star Ratings #Reviews | #Holy | #Sephora | #Products
ÿ≠,,Trust the Reviews‚Äî15 Holy-Grail Sephora Products With 1000+ 5-Star Ratings #Reviews | #Holy | #Sephora | #Products,,What to do on a rainy night while your bf is working and daughter is upstairs playing Nintendo w friends? Shop. Shop hard. Shop ParisianOooh I can't wait until it arrives!#DiorBeauty #YvesSaintLaurent #Sephora
,Trust the Reviews‚Äî15 Holy-Grail Sephora Products With 1000+ 5-Star Ratings #Reviews | #Holy | #Sephora | #Products,What to do on a rainy night while your bf is working and daughter is upstairs playing Nintendo w friends? Shop. Shop hard. Shop ParisianOooh I can't wait until it arrives!#DiorBeauty #YvesSaintLaurent #Sephora,,My First #Sephora Play! Subscription Box https://neversaydiebeauty.com/demo/?p=12038
Jason Leo,What to do on a rainy night while your bf is working and daughter is upstairs playing Nintendo w friends? Shop. Shop hard. Shop ParisianOooh I can't wait until it arrives!#DiorBeauty #YvesSaintLaurent #Sephora,My First #Sephora Play! Subscription Box https://neversaydiebeauty.com/demo/?p=12038,,New makeup#hauslabs #sephora #shorts #makeup #beauty #newmakeuphttps://youtube.com/shorts/1FeCJMfYykY?feature=share‚Ä¶ ‚Å¶@hauslabs‚Å©
Sara Lucas,On the hunt for some new makeup brands! What‚Äôs everyone‚Äôs favorite these days? #makeup #beauty #selfcare #ulta #Sephora,All current ùìñùìßùì•ùìî promos & direct links in my GXVE LinkPop https://linkpop.com/melissagonzalez#gxve #gxvebeauty#gxveambassador #gxvebeautyambassador #gwenstefani #cleanmakeup #sephora #promo,,
Aisha Mumtaz,Makeup By Mario swatches! #makeupbymario #Sephora #makeup #swatches #contour #KimKardashian #TikTok,4weeks left until new Job #kohls #Sephora,#Trendalert@Sephora UK has a sale onGrab up to 20% off PLUS earn Reward Beans when using your #mystaffshop account#dontdiscountthediscount #saleshopping #salehere #Sephorahttps://buff.ly/3FX8KCp,
Delightful Tron 333,Summer sale #Sephora finally bought something always used to reach at out of stock Time,#Trendalert@Sephora UK has a sale onGrab up to 20% off PLUS earn Reward Beans when using your #mystaffshop account#dontdiscountthediscount #saleshopping #salehere #Sephorahttps://buff.ly/3FX8KCp,"Get yours here https://invol.co/clilbgx #SEPHORA EXCLUSIVE NUDESTIXTinted Blur Sculpt Stick ‚Ä¢ 6.20g‚Ç±2,050.00DESCRIPTIONFormulation: Cream To Powder, StickWhat else u need 2 knowCleanVeganCruelty-FreeSynthetic Fragrance-freeFree from parabens, phthalates, sulfates",
MyStaffShop,4weeks left until new Job #kohls #Sephora,"Get yours here https://invol.co/clilbgx #SEPHORA EXCLUSIVE NUDESTIXTinted Blur Sculpt Stick ‚Ä¢ 6.20g‚Ç±2,050.00DESCRIPTIONFormulation: Cream To Powder, StickWhat else u need 2 knowCleanVeganCruelty-FreeSynthetic Fragrance-freeFree from parabens, phthalates, sulfates",,
,Makeup By Mario swatches! #makeupbymario #Sephora #makeup #swatches #contour #KimKardashian #TikTok,4weeks left until new Job #kohls #Sephora,,
Lance,Summer sale #Sephora finally bought something always used to reach at out of stock Time,#Trendalert@Sephora UK has a sale onGrab up to 20% off PLUS earn Reward Beans when using your #mystaffshop account#dontdiscountthediscount #saleshopping #salehere #Sephorahttps://buff.ly/3FX8KCp,"Get yours here https://invol.co/clilbgx #SEPHORA EXCLUSIVE NUDESTIXTinted Blur Sculpt Stick ‚Ä¢ 6.20g‚Ç±2,050.00DESCRIPTIONFormulation: Cream To Powder, StickWhat else u need 2 knowCleanVeganCruelty-FreeSynthetic Fragrance-freeFree from parabens, phthalates, sulfates",
Mon,4weeks left until new Job #kohls #Sephora,"Get yours here https://invol.co/clilbgx #SEPHORA EXCLUSIVE NUDESTIXTinted Blur Sculpt Stick ‚Ä¢ 6.20g‚Ç±2,050.00DESCRIPTIONFormulation: Cream To Powder, StickWhat else u need 2 knowCleanVeganCruelty-FreeSynthetic Fragrance-freeFree from parabens, phthalates, sulfates",,
Delightful Tron 333,Summer sale #Sephora finally bought something always used to reach at out of stock Time,#Trendalert@Sephora UK has a sale onGrab up to 20% off PLUS earn Reward Beans when using your #mystaffshop account#dontdiscountthediscount #saleshopping #salehere #Sephorahttps://buff.ly/3FX8KCp,Makeup By Mario swatches! #makeupbymario #Sephora #makeup #swatches #contour #KimKardashian #TikTok,
MyStaffShop,4weeks left until new Job #kohls #Sephora,"Get yours here https://invol.co/clilbgx #SEPHORA EXCLUSIVE NUDESTIXTinted Blur Sculpt Stick ‚Ä¢ 6.20g‚Ç±2,050.00DESCRIPTIONFormulation: Cream To Powder, StickWhat else u need 2 knowCleanVeganCruelty-FreeSynthetic Fragrance-freeFree from parabens, phthalates, sulfates",Summer sale #Sephora finally bought something always used to reach at out of stock Time,
Em Ortiz-Kehoe,#Trendalert@Sephora UK has a sale onGrab up to 20% off PLUS earn Reward Beans when using your #mystaffshop account#dontdiscountthediscount #saleshopping #salehere #Sephorahttps://buff.ly/3FX8KCp,10 #Sephora Beauty Gifts Under $50 | Gift Guide https://bit.ly/2S38ee1 #BeautyGiftGuide #BeautyGifts,4weeks left until new Job #kohls #Sephora,
ùêÄùê¨ùê°ùê•ùêûùê≤,10 #Sephora Beauty Gifts Under $50 | Gift Guide https://bit.ly/2S38ee1 #BeautyGiftGuide #BeautyGifts,If you are from the United Kingdom. Your chance to win 750 pounds as a gift. Register for your chance.https://sites.google.com/view/clickher22/accueil‚Ä¶#sephora #Sephorahaul #sephoravibsale #sephorasale #sephoravsulta #sephoramakeup #hugesephorahaul #sephorafavorites #sephoravib #sephorasalehaul,"Get yours here https://invol.co/clilbgx #SEPHORA EXCLUSIVE NUDESTIXTinted Blur Sculpt Stick ‚Ä¢ 6.20g‚Ç±2,050.00DESCRIPTIONFormulation: Cream To Powder, StickWhat else u need 2 knowCleanVeganCruelty-FreeSynthetic Fragrance-freeFree from parabens, phthalates, sulfates",
Reyana Mayer,Unboxing Sephora + Trying New Makeup #makeup #unboxing #sephora,#dior #beaute #sephora balm,10 #Sephora Beauty Gifts Under $50 | Gift Guide https://bit.ly/2S38ee1 #BeautyGiftGuide #BeautyGifts,
ÿ≠,#dior #beaute #sephora balm,Trust the Reviews‚Äî15 Holy-Grail Sephora Products With 1000+ 5-Star Ratings #Reviews | #Holy | #Sephora | #Products,If you are from the United Kingdom. Your chance to win 750 pounds as a gift. Register for your chance.https://sites.google.com/view/clickher22/accueil‚Ä¶#sephora #Sephorahaul #sephoravibsale #sephorasale #sephoravsulta #sephoramakeup #hugesephorahaul #sephorafavorites #sephoravib #sephorasalehaul,
Aisha Mumtaz,So looks like @hauslabs is finally coming to #sephora U.K. ,Makeup By Mario swatches! #makeupbymario #Sephora #makeup #swatches #contour #KimKardashian #TikTok,4weeks left until new Job #kohls #Sephora,
Aisha Mumtaz,Summer sale #Sephora finally bought something always used to reach at out of stock Time,4weeks left until new Job #kohls #Sephora,,
Delightful Tron 333,4weeks left until new Job #kohls #Sephora,#Trendalert@Sephora UK has a sale onGrab up to 20% off PLUS earn Reward Beans when using your #mystaffshop account#dontdiscountthediscount #saleshopping #salehere #Sephorahttps://buff.ly/3FX8KCp,10 #Sephora Beauty Gifts Under $50 | Gift Guide https://bit.ly/2S38ee1 #BeautyGiftGuide #BeautyGifts,
Just Tiki,10 #Sephora Beauty Gifts Under $50 | Gift Guide https://bit.ly/2S38ee1 #BeautyGiftGuide #BeautyGifts,Unboxing Sephora + Trying New Makeup #makeup #unboxing #sephora,#dior #beaute #sephora balm,
Harlan Adams {Adam},#dior #beaute #sephora balm,"All I need now, enter #Sephora ",What to do on a rainy night while your bf is working and daughter is upstairs playing Nintendo w friends? Shop. Shop hard. Shop ParisianOooh I can't wait until it arrives!#DiorBeauty #YvesSaintLaurent #Sephora,
ÿ≠,"All I need now, enter #Sephora ",Trust the Reviews‚Äî15 Holy-Grail Sephora Products With 1000+ 5-Star Ratings #Reviews | #Holy | #Sephora | #Products,My First #Sephora Play! Subscription Box https://neversaydiebeauty.com/demo/?p=12038,
UCNP,What to do on a rainy night while your bf is working and daughter is upstairs playing Nintendo w friends? Shop. Shop hard. Shop ParisianOooh I can't wait until it arrives!#DiorBeauty #YvesSaintLaurent #Sephora,My First #Sephora Play! Subscription Box https://neversaydiebeauty.com/demo/?p=12038,I need to get to #Sephora today.,
Never Say Die Beauty,My First #Sephora Play! Subscription Box https://neversaydiebeauty.com/demo/?p=12038,New makeup#hauslabs #sephora #shorts #makeup #beauty #newmakeuphttps://youtube.com/shorts/1FeCJMfYykY?feature=share‚Ä¶ ‚Å¶@hauslabs‚Å©,"Unlock a new realm of loyalty rewards!Read about how #NFTs can revolutionise brand loyalty programs across industries, from #Nintendo to #Sephora, #Hilton and even #Starbucks: https://bit.ly/42Sg637#NFTCommunity #MarketingTips #StellarCommunity #StellarFamily #Web3",
MyStaffShop,Summer sale #Sephora finally bought something always used to reach at out of stock Time,4weeks left until new Job #kohls #Sephora,,
MyStaffShop,#Trendalert@Sephora UK has a sale onGrab up to 20% off PLUS earn Reward Beans when using your #mystaffshop account#dontdiscountthediscount #saleshopping #salehere #Sephorahttps://buff.ly/3FX8KCp,,,
MyStaffShop,#Trendalert@Sephora UK has a sale onGrab up to 20% off PLUS earn Reward Beans when using your #mystaffshop account#dontdiscountthediscount #saleshopping #salehere #Sephorahttps://buff.ly/3FX8KCp,10 #Sephora Beauty Gifts Under $50 | Gift Guide https://bit.ly/2S38ee1 #BeautyGiftGuide #BeautyGifts,Unboxing Sephora + Trying New Makeup #makeup #unboxing #sephora,
ùêÄùê¨ùê°ùê•ùêûùê≤,Unboxing Sephora + Trying New Makeup #makeup #unboxing #sephora,#dior #beaute #sephora balm,"All I need now, enter #Sephora ",
ÿ≠,"All I need now, enter #Sephora ",What to do on a rainy night while your bf is working and daughter is upstairs playing Nintendo w friends? Shop. Shop hard. Shop ParisianOooh I can't wait until it arrives!#DiorBeauty #YvesSaintLaurent #Sephora,My First #Sephora Play! Subscription Box https://neversaydiebeauty.com/demo/?p=12038,
Never Say Die Beauty,My First #Sephora Play! Subscription Box https://neversaydiebeauty.com/demo/?p=12038,I need to get to #Sephora today.,"Unlock a new realm of loyalty rewards!Read about how #NFTs can revolutionise brand loyalty programs across industries, from #Nintendo to #Sephora, #Hilton and even #Starbucks: https://bit.ly/42Sg637#NFTCommunity #MarketingTips #StellarCommunity #StellarFamily #Web3",
Priyanka,New makeup#hauslabs #sephora #shorts #makeup #beauty #newmakeuphttps://youtube.com/shorts/1FeCJMfYykY?feature=share‚Ä¶ ‚Å¶@hauslabs‚Å©,"Unlock a new realm of loyalty rewards!Read about how #NFTs can revolutionise brand loyalty programs across industries, from #Nintendo to #Sephora, #Hilton and even #Starbucks: https://bit.ly/42Sg637#NFTCommunity #MarketingTips #StellarCommunity #StellarFamily #Web3",Experience a glow like never before with Ojas Rajani and Sephora! Only at Phoenix Chennai!#sephora #cosmetics #ojasrajani #phoenix #chennai,
Phoenix Marketcity,Experience a glow like never before with Ojas Rajani and Sephora! Only at Phoenix Chennai!#sephora #cosmetics #ojasrajani #phoenix #chennai,,Liliana Costa likes Beautiful! #FranckProvost #LolitaLempicka #Sephora #GemeyMayb http://brandkloud.com/Pic/344?f=tw,
Brandkloud,Daniela Caruso likes Beautiful! #FranckProvost #LolitaLempicka #Sephora #GemeyMay http://brandkloud.com/Pic/344?f=tw,SUMMER BLUSH #dior #sephora #shorts #makeup #beautyhttps://youtube.com/shorts/WWBsQG1IVoo?feature=share‚Ä¶ ‚Å¶@Sephora‚Å© ‚Å¶@Dior‚Å©,,
Brandkloud,Griselda Vitale likes Beautiful! #FranckProvost #LolitaLempicka #Sephora #GemeyMa http://brandkloud.com/Pic/344?f=tw,Lisa Rizzo likes Beautiful! #FranckProvost #LolitaLempicka #Sephora #GemeyMaybell http://brandkloud.com/Pic/344?f=tw,,
Influence Weekly,All The Details About The Sephora And TikTok‚Äôs Incubator Program:Read the full story: https://l8r.it/IRXW#InfluencerMarketing #Influencer #Sephora #TikTok@sephora @tiktokcreators,3 FOR 2 ON ALL COURSES IS BACK ON!Visit our website at http://theonlinebeautycourses.com and expand your knowledge and treatment menu!#specialoffer #3for2 #beauty #beautycourses #beautyremote #may #Sephora #professionalbeauty #beautyqueen,,
amy davis,We‚Äôre Heating Things Up at Sephora! Find holistic solutions from Stripes for every stage of your menopause journey at your local #Sephora store now. #TheHotSpot #IAmStripes #ad #StripesSquad,Recent high ~ Sephora: 10% off When You sign-up for Text Updates. This is the best sale at Sephora we've seen in 4 months. https://evreward.com/fogq2 #sephora #coupon,(Check state gift card laws to learn more about allowable gift card fees and gift card expiration in your area.)#giftcards #singlestore #nordstrom #sephora #nike,
Tricard Exchange,(Check state gift card laws to learn more about allowable gift card fees and gift card expiration in your area.)#giftcards #singlestore #nordstrom #sephora #nike,@Sephorado better #sephora,We‚Äôre Heating Things Up at Sephora! Find holistic solutions from Stripes for every stage of your menopause journey at your local #Sephora store now. #TheHotSpot #IAmStripes #ad #StripesSquad,
Michelle Combs ,We‚Äôre Heating Things Up at Sephora! Find holistic solutions from Stripes for every stage of your menopause journey at your local #Sephora store now. #TheHotSpot #IAmStripes #ad #StripesSquad,"The most flattering, lightweight lippie you‚Äôll ever wearModel @beanieboylston in ‚ÄòRose Matte‚Äô‚Äî17 clean shades available on http://hauslabs.com & #Sephora http://bit.ly/3Aqm1j9","This exfoliator is amazing, a little pot of gold. My face is unbelievably soft and glowy after I use it. Seriously.#Sephora #GoopBeauty",
Haus Labs by Lady Gaga,"The most flattering, lightweight lippie you‚Äôll ever wearModel @beanieboylston in ‚ÄòRose Matte‚Äô‚Äî17 clean shades available on http://hauslabs.com & #Sephora http://bit.ly/3Aqm1j9","Real-life example 1: Sephora's Assistant @Sephora's Kik chatbot helps users find the perfect beauty products by offering personalized recommendations, makeup tutorials, and exclusive content. This has boosted in-app purchases! #Sephora #RetailChatbot",We‚Äôre Heating Things Up at Sephora! Find holistic solutions from Stripes for every stage of your menopause journey at your local #Sephora store now. #TheHotSpot #IAmStripes #ad #StripesSquad,
Angela Bobrowski,We‚Äôre Heating Things Up at Sephora! Find holistic solutions from Stripes for every stage of your menopause journey at your local #Sephora store now. #TheHotSpot #IAmStripes #ad #StripesSquad,What's the right strategy to win the beauty retail for an early-stage beauty brand?https://jumpaccelerator.com/winning-the-beauty-retail-market-a-go-to-retail-flow-chart-for-beauty-founders-2/‚Ä¶#beauty #Sephora #ulta #Retail #founders #womenfounders #cleanbeauty #makeup #skincare,"8 neutral shades to play up your poutWhat‚Äôs your favorite Le Monster‚Ñ¢ Lip Crayon shade for everyday wear? Get clean, comfy, full-coverage color on http://hauslabs.com & #Sephorahttp://bit.ly/3Aqm1j9",
Haus Labs by Lady Gaga,"8 neutral shades to play up your poutWhat‚Äôs your favorite Le Monster‚Ñ¢ Lip Crayon shade for everyday wear? Get clean, comfy, full-coverage color on http://hauslabs.com & #Sephorahttp://bit.ly/3Aqm1j9",RT @MajorCashBoss: MY NAME IS MR.GRANT#stushmodels #newyork #mua #model #modelmanagement #photosession #castingcall#modelcall #sephora #modeling #fashion #fashionshow #allcasting #newyorkmodels #reel #modelgod #sonyalpha #fitness #modelaudition#mod‚Ä¶,,
nyck ,We‚Äôre Heating Things Up at Sephora! Find holistic solutions from Stripes for every stage of your menopause journey at your local #Sephora store now. #TheHotSpot #IAmStripes #ad #StripesSquad,#ad #katesomervillegiftedme This exfoliating treatment from Kate Somerville Skincare is EVERYTHING! I noticed a difference in my skin after just one treatment! I literally am in love with this product! You can get it at the link here: https://app.im.skeepers.io/c/hhxsj/r/hbhg2 #katecan #sephora,,
Brandkloud,Liliana Costa likes Beautiful! #FranckProvost #LolitaLempicka #Sephora #GemeyMayb http://brandkloud.com/Pic/344?f=tw,i love my new purchases too much i love rare beauty madly I swear to you by this Brend and my life @SelenaFanClub @selenagomez @rarebeauty #Sephora #SephoraGold #SelenaGomez #RareBeauty #YouAreRare,,
amidou amidou,#poupettekenza #millajasmine #nabillavergara #thivenin #enjoyphoenix #gaellegarciadiaz #natoo #MaevaGhenam #kindasama #walidsax #mounirmoons #parfum #sephoraJuste ici!!https://boutiquehaliamila.fr,new purchases made from sephora i'm loving it too @SelenaFanClub @selenagomez @rarebeauty #Sephora #SelenaGomez #RareBeauty #YouAreRare,Cute#kajabeauty #koreanmakeup #shorts #makeup #beauty #sephorahttps://youtube.com/shorts/MB5mvW4NxvE?feature=share‚Ä¶ ‚Å¶@kajabeauty‚Å©,
Priyanka,Cute#kajabeauty #koreanmakeup #shorts #makeup #beauty #sephorahttps://youtube.com/shorts/MB5mvW4NxvE?feature=share‚Ä¶ ‚Å¶@kajabeauty‚Å©,I just LOVE how @ultabeauty waits until AFTER you buy an item to tell you that they are out of the free full sized item. #shady #Sephora,Never Too Much! #shimmer #chocolate #Sephora #chocoexcess #beauty #bestinbeauty #bae #thebeautybag #datenight > https://popupbeauty.ecrater.com/p/42123953/sephora-colorful-eyeshadow-choco-excess-87‚Ä¶,
Dyme.Earth," Gift cards with a twist! Enjoy hundreds of your favorite brands like #Sephora, #Uber, #REI, #Macys, #Gap & #Forever21, all with built-in CO2 reductions!Every $100 spent = emissions reduced by equiv of driving 10 miles, at no extra cost! #giftcards #Dyme #climate",Never Too Much! #shimmer #chocolate #Sephora #chocoexcess #beauty #bestinbeauty #bae #thebeautybag #datenight > https://popupbeauty.ecrater.com/p/42123953/sephora-colorful-eyeshadow-choco-excess-87‚Ä¶,"""We may be giving away a $3,000 trip to NYC but it's way less than one mega-influencer post!"" Winning the Golden Ticket: this brand drives shoppers to SEPHORA with only $10k marketing budget!https://bit.ly/3MiWFdT#CRMC #influencers #Sephora #bootstrapmarketing",
NameBrandDealz,Never Too Much! #shimmer #chocolate #Sephora #chocoexcess #beauty #bestinbeauty #bae #thebeautybag #datenight > https://popupbeauty.ecrater.com/p/42123953/sephora-colorful-eyeshadow-choco-excess-87‚Ä¶,Marta Serra likes Beautiful! #FranckProvost #LolitaLempicka #Sephora #GemeyMaybel http://brandkloud.com/Pic/344?f=tw,today I finally go back to Sephora I will buy other new things maybe skin care that I need and then something of rare beauty #Sephora #Rarebeauty #SelenaGomez,
Brandkloud,Marta Serra likes Beautiful! #FranckProvost #LolitaLempicka #Sephora #GemeyMaybel http://brandkloud.com/Pic/344?f=tw,Post: These Last Minute Mothers Day Gifts Wont Get You Disowned #sephora #lauramercier #exonumia #iphone #jazminesullivan,New From Sephora - Beauty Has No Age EditShop‚Äî> https://tidd.ly/3I6u9tiCosts ¬£59 (worth ¬£118)Aff/ad #sephora #newbeautybox #newatsephora #dailydeals #beautynews,
Claire,New From Sephora - Iconic Female Founders SelectionShop‚Äî> https://tidd.ly/3LZ9QiECosts ¬£59 (worth ¬£110) Aff/ad #sephora #sephorafavourites #beautybox #newbeauty,"[Weibo /#GUERLAIN]Explore the mystery of youthful skin repair. Tonight, the French Guerlain skin care spokesperson #ZhaoLusi surprise live broadcast room with #SEPHORA, bringing precious skin care sharing, and selecting Guerlain products for you....",,
blaqsbi/black first,Post: Dont You Dare Get Your Mom Any of These Gifts This Mothers Day #mother27sday #sephora #humaninterest #blackcelebrity #TheseGifts,Makeup unboxing!#sephora #makeupbymario #unboxing #makeup ...,AI 41 Winner GUILLERMO FLORES @orbehstudioIllustrations with the tiger element for Sephora's campaign for the new year of the tiger 2022 in Shanghai.#editorialillustration#latinamerianilustracion winner#sephora #shanghai #china#artdirection #digitalart #roar,
Beau G. Bowden,Replying to @Variety,Daniela Caruso likes Beautiful! #FranckProvost #LolitaLempicka #Sephora #GemeyMay http://brandkloud.com/Pic/344?f=tw,Angela Rossi likes Beautiful! #FranckProvost #LolitaLempicka #Sephora #GemeyMaybe http://brandkloud.com/Pic/344?f=tw,
Mon,Pink blush!#swatches #makeupswatches #pinkblush #blush #makeupbymario #sephora...,Claud Becker likes great makeup! #LOreal #Sephora #Chanel #MaxMara #Bimba&Lola #D http://brandkloud.com/Pic/354?f=tw,Lisa Rizzo likes Beautiful! #FranckProvost #LolitaLempicka #Sephora #GemeyMaybell http://brandkloud.com/Pic/344?f=tw,
Brandkloud,Lisa Rizzo likes Beautiful! #FranckProvost #LolitaLempicka #Sephora #GemeyMaybell http://brandkloud.com/Pic/344?f=tw, on @YouTube: This queen SOOO deserved it#pinkshoes #pink #pinkaesthetic #giveaway #adelaide #sephora,Claud Becker likes Beautiful! #FranckProvost #LolitaLempicka #Sephora #GemeyMaybe http://brandkloud.com/Pic/344?f=tw,
ShopUSA India,"Treat your mom to high-quality cosmetics and beauty products from renowned US stores, and have them delivered to her doorstep in India through #ShopUSA's reliable shipping services.Visit: http://shopusa.com/in/#SEPHORA #ColourPop #Glossier #cosmetics #shiptoindia #makeup",Great company selling amazing skincare products and which has been endorsed by #HelenaChristensen and the #beckhams so go to https://cellular-goods.com to purchase their products! They will also be selling on #sephora from this month as well!!#DavidBeckham #victoriabeckham#cbx,Here‚Äôs the 411 on our award-winning PhD Hybrid Lip Oil Hydrating + moisturizingInfused with prickly pear oil + plant squalaneTransforms into a true-to-you tint Get it at http://hauslabs.com & #Sephora https://bit.ly/3OlezLA,
Maria Dimitriou,make up is not a mask.....make up isart..make up is passion..make up is expression...#maybelineNEWYORK#makeup #SEPHORA,.@CellularGoods has become the first cannabigerol (CBG)-based skincare brand to launch online at @Sephora.#cellulargoods #sephora #skincare #wellness #cbg #retail #ecommerce #beauty #beautynews,,
NewbieTrader,How things have been this is a huge RNS today‚Ä¶ #CBX @CellularGoods #Sephora,"Sephora sent the wrong product and then canceled my new order.I bought the Dyson hairdryer, but instead I got a hair wrap. Sephora then asks ME to return the product and with no compensation.Then I reordered again. This time they canceled my order with no reason.#sephora",,
Mon,Best concealers! #youtubeshorts #makeuplooks #makeuplover #concealers #shoppingonline #sephora ..,Raise your hand if you‚Äôre in your ‚Äúpink girl era‚ÄùGet the clean pink cheek duo @blankjas is obsessed with on http://hauslabs.com & #Sephorahttp://bit.ly/3Y7peOYColor Fuse Blush in ‚ÄòDragon Fruit Daze‚Äô Bio-Radiant‚Ñ¢ Gel-Powder Highlighter in ‚ÄòRose Quartz‚Äô,"This Sephora meme has us laughing out loud and reaching for our wallets at the same timeFind your next beauty obsession at Sephora in The Promenade at Chenal, and drop your must-haves in the comments!#ThePromenadeAtChenal #LittleRock #LittleRockShopping #Sephora",
Jason Leo,I‚Äôm Freaking Out Because This Mascara Is Only $14 At Sephora Today #Freaking | #Because | #Mascara | #Sephora,"add Sephora to the list of those who Claim to be Inclusive while appearing to be anything except inclusive!If you cancel A Conservative, how is that being inclusive? #Sephoramay have made a m mistake by canceling Influencer #AmandaEnsing for her ‚ÄúConservative views and‚Ä¶",Marta Serra likes Beautiful! #FranckProvost #LolitaLempicka #Sephora #GemeyMaybel http://brandkloud.com/Pic/344?f=tw,
KiKi,"Need a eyeshadow palette with bright, vibrant colors. Any suggestions? #makeup #eyeshadow #palette #sephora #ulta #beauty #colors #rainbow #bright #vibrant #pink #blue #green #orange #purple #yellow #red #black #white ",no please I want it here in Milan too it would be beautiful oh god I'm getting excited @SelenaFanClub @selenagomez @rarebeauty #SelenaGomez #Sephora #RareBeauty,Are using a #retinol serum in your morning routine? Well get this: I am with the new Paula's Choice Skincare TRIPLE ACTIVE TOTAL REPAIR SERUM! Catch my new review of it on the #skincarma blog!#paulaschoice #antiaging #retinolserum #sephora,
cŒ±rmŒπne‚òÜnyc,Are using a #retinol serum in your morning routine? Well get this: I am with the new Paula's Choice Skincare TRIPLE ACTIVE TOTAL REPAIR SERUM! Catch my new review of it on the #skincarma blog!#paulaschoice #antiaging #retinolserum #sephora,JCPENNEYMother‚Äôs Day Event: Ex20% off AWYPhttps://ragingcoupon.com/store/jcpenney/#jcpenney #macys #jcpenneysalon #matrix #s #jcp #jcpsalon #beauty #target #hair #vintage #love #disney #childmodel #walmart #nike #matrixcolor #tjmaxx #sephora #instylesalon, Discover how Sephora leveraged a composable commerce approach to maximize their ROI and transform their digital strategy. Don't miss out on this insightful session! Watch nowhttps://bit.ly/3LEoOdT #sephora #MACH #ComposableCommerce,
ragingcoupon,JCPENNEYMother‚Äôs Day Event: Ex20% off AWYPhttps://ragingcoupon.com/store/jcpenney/#jcpenney #macys #jcpenneysalon #matrix #s #jcp #jcpsalon #beauty #target #hair #vintage #love #disney #childmodel #walmart #nike #matrixcolor #tjmaxx #sephora #instylesalon,@Sephora does NOT value me as a customer with this BS updated terms & conditions. My birthday gift is no longer a gift from Sephora. It‚Äôs a purchase. It‚Äôs like having a cheap friend!#sephora,Bernard Arnault empire in one picture by Finshots. #lvmh #finshots #bernardamault #hermes #Bulgari #sephora #lorapiano #luxurydesign #luxurylifestyle #luxury,
"Dr. Reinis TUMOVS | BSc, BAcc, LLM, MFin, PhD.",Bernard Arnault empire in one picture by Finshots. #lvmh #finshots #bernardamault #hermes #Bulgari #sephora #lorapiano #luxurydesign #luxurylifestyle #luxury,Liliana Costa likes Beautiful! #FranckProvost #LolitaLempicka #Sephora #GemeyMayb http://brandkloud.com/Pic/344?f=tw,Get Up to 50% OFF your fave hair care products at @Sephora! With Up to 4.1% Cash Back from #GoCashBack!Go Shop Now at https://gocashback.com/deals/1803449 #CashBack #Sephora,
Just Tiki,10 #Sephora Beauty Gifts Under $50 | Gift Guide https://bit.ly/2S38ee1 #BeautyGiftGuide #BeautyGifts,International Brands in DammamSaudi Arabia has changed a lot. Now you can shop at your favorite brands while living in Dammam.Also visithttp://mnmmedicalrecruiters.com#InternationalBrands #Dammam #SaudiArabia #Versace #Gucci #LouisVuitton #Sephora #MNMMedicalRecruitersCanada,,
E. V. Frapiere,"#SundayVibesThank you mademoiselle #CharlotteTilbury #SephoraXoxo, #EVF ",Does anyone have a valid Sephora uk gift card worth over ¬£100? #sephora #giftcards,"Ok, @Sephora, it's only May 6th, and you're already out of all the good birthday gifts?? Cmon now.#sephora #birthday #shopping",
Daisy,"Ok, @Sephora, it's only May 6th, and you're already out of all the good birthday gifts?? Cmon now.#sephora #birthday #shopping","Sephora at The Falls has your serotonin fix!The Sephora Savings Sale event is going on now, don't miss the chance to get your glow on! #Sephora #TheFalls #BeautyGoals #SavingsSale #Makeup #Beauty #Skincare #Dupe","When celeb MUA @makeupbyariel says #HausLabsFoundation is a favorite‚Äîand @AmyMacedo confirms it‚Äôs magic Shop our multi-award winning, bestselling + viral clean foundation at http://hauslabs.com & #Sephora https://bit.ly/3KxzfyE",
Haus Labs by Lady Gaga,"When celeb MUA @makeupbyariel says #HausLabsFoundation is a favorite‚Äîand @AmyMacedo confirms it‚Äôs magic Shop our multi-award winning, bestselling + viral clean foundation at http://hauslabs.com & #Sephora https://bit.ly/3KxzfyE","#Sephora delivery! Yay! This stuff works well! I just got ""Georgie""-really pretty nude color#Lawless#treatyourself #beauty",#Sephora VIB Sale Goodies ‚Äì So Much For A No Buy https://bit.ly/34Patol #AnastasiaBeverlyHills #Makeup,
DealsFinders.blog,Viktor&Rolf Mini Flowerbomb Perfume Trio Set only $50 (Reg $90) at SephoraViktor&Rolf Mini Flowerbomb Perfume Trio Set only $50 (Reg $90) at Sephorahttps://dealsfinders.blog/05/viktorrolf-mini-flowerbomb-perfume-trio-set-only-50-reg-90-at-sephora/‚Ä¶#Sephora,Sephora: you must spend $471.00 to maintain your Rouge status Also Sephora: we are going to discontinue selling every product you use. #byebyebye #solong #sephora,@Sephora how are you going to send an email at 2.20pm to when one of the discount finishes at 2pm ?! Make that make sense #sephora #sephorauk,
Jay Jay the Jet Plane ,@Sephora how are you going to send an email at 2.20pm to when one of the discount finishes at 2pm ?! Make that make sense #sephora #sephorauk,Custom Glitter Glosses using ùìñùìßùì•ùìî ùìëùìÆùì™ùìæùìΩùîÇproducts. Shop my GXVE LinkPop in Bio for discount codes!#gxve #gxvebeauty #gxver #gwenstefani #gxveambassador #sephora #makeup #beautyfinds #makeupproducts #influencer,Play! By #Sephora Subscription Review https://bit.ly/2qOMQYx #BeautyBoxSubscription,
Haus Labs by Lady Gaga,The perfect neutral lippies do not ex‚Äî@jenikkafn on IG here to prove you can stun in all 4 everyday neutral shades of Le Monster‚Ñ¢ Lip Crayon Now available at http://hauslabs.com & #Sephorahttp://bit.ly/3Aqm1j9,Makeup designed with you in mind#Punjabi #Brampton #brownskin #girlfriend #browngirl #pretty # #SouthAsian #Bollywood #Sephora,Strike a pose#makeup #cosmetics #makeupyourmind #MakeupAddict #lipstick #model #girl #modeling #pose #girlfriend #Sephora #GIRLFRIEND #girlskissing #nyx #OnlineMarketing,
Retail Schmetail,"BOUNTIFUL BEAUTY Nearly three-dozen beauty brands expanded their #retail #offerings in the first four months of the year, with a little help from their friends, namely #Sephora #Ultabeauty and #Target. https://wwd.com/beauty-industry-news/beauty-features/all-the-beauty-retail-expansions-of-1235504340/‚Ä¶ #beauty #beautybusiness #cosmetics #skincare #haircare","Sephora, the cosmetics brand under LVMH, announced that its China Taiwan official website and APP will stop operation from 11 May.#Sephora",Griselda Vitale likes great makeup! #LOreal #Sephora #Chanel #MaxMara #Bimba&Lola http://brandkloud.com/Pic/354?f=tw,
‚òÜ ‚òÜ ‚òÜ,‡∏™‡πà‡∏á‡∏ï‡πà‡∏≠ ‡øê‡ªã‚Çä stila glitter & glow eyeshadow ‡∏™‡∏µ rose gold retro ‡πÉ‡∏ä‡πâ‡πÑ‡∏õ 1 ‡∏£‡∏≠‡∏ö ‡∏™‡πà‡∏á‡∏ï‡πà‡∏≠ 790 from 1050 #‡∏™‡πà‡∏á‡∏ï‡πà‡∏≠‡∏Ñ‡∏™‡∏≠ #‡∏™‡πà‡∏á‡∏ï‡πà‡∏≠‡∏Ñ‡∏™‡∏≠‡∏°‡∏∑‡∏≠2 #‡∏™‡πà‡∏á‡∏ï‡πà‡∏≠‡πÄ‡∏Ñ‡∏£‡∏∑‡πà‡∏≠‡∏á‡∏™‡∏≥‡∏≠‡∏≤‡∏á‡∏Ñ‡πå #‡∏™‡πà‡∏á‡∏ï‡πà‡∏≠‡πÄ‡∏Ñ‡∏£‡∏∑‡πà‡∏≠‡∏á‡∏™‡πç‡∏≤‡∏≠‡∏≤‡∏á #stila‡∏™‡πà‡∏á‡∏ï‡πà‡∏≠ #‡∏™‡πà‡∏á‡∏ï‡πà‡∏≠stila #Sephora #sephorathailand,"About my Last tweet‚Ä¶This is a big step for me..I never bought my ex wife, perfume ‚Ä¶so you know this woman I‚Äôm dating now means a lot to me Did I do good? Asking the females in here lol#Viktor #sephora #birthday",Thanks for #joining me #live from #Brooklyn.Here‚Äôs some #footage. #atlanticave #brooklynnets #barclayscenter #target #starbucks #sephora #tmobile #brooklynheights #cobblehill #parkslope #gowanus #ftgreene #newyorkcity #newyork #itsanewday #imyourdriver,
MACK AND SOUL BAND,Thanks for #joining me #live from #Brooklyn.Here‚Äôs some #footage. #atlanticave #brooklynnets #barclayscenter #target #starbucks #sephora #tmobile #brooklynheights #cobblehill #parkslope #gowanus #ftgreene #newyorkcity #newyork #itsanewday #imyourdriver,Margareta Lange likes Beautiful! #FranckProvost #LolitaLempicka #Sephora #GemeyMa http://brandkloud.com/Pic/344?f=tw,,
Brandkloud,Margareta Lange likes Beautiful! #FranckProvost #LolitaLempicka #Sephora #GemeyMa http://brandkloud.com/Pic/344?f=tw,I'm crying!!! @MusingsofaMuseshines a light on the new online policy for Beauty Insiders at @Sephorawhen it comes to the redemption of birthday giftsWhat do you think of this?!https://musingsofamuse.com/2023/05/sephora-beauty-insider-birthday-gifts-requires-a-minimum-purchase-order.html‚Ä¶#UNRbrand #Sephora #PurelyFaith #BeautyInsider #Makeup #Beauty,"Our in store program may have just come to an end, but @bestbuddies and @sephora are in it for more than just beauty rewards points. A SPECIALto #sephora for supporting individuals with #IDD in achieving their dreams! #BBJobs #ThisIsWhatInclusionLooksLike",
lex,We‚Äôre Heating Things Up at Sephora! Find holistic solutions from Stripes for every stage of your menopause journey at your local #Sephora store now. #TheHotSpot #IAmStripes #ad #StripesSquad,so all of our #Sephora packages came with at least one product broken ,Less is more. I have started to take care of skin at 30 something. Starting with the day routine then will slowly move to night or maybe not...will see. I still drink my wateeeer and maintain my sanity and peace with boundaries. #Lancome #sephora #fresh,
Zitamarley,Less is more. I have started to take care of skin at 30 something. Starting with the day routine then will slowly move to night or maybe not...will see. I still drink my wateeeer and maintain my sanity and peace with boundaries. #Lancome #sephora #fresh,"#Sephora has made some significant changes to its popular Beauty Insider loyalty program, and people are not happyRead morehttp://bit.ly/42frZiS","#Sephora has made some significant changes to its popular Beauty Insider loyalty program, and people are not happyRead morehttp://bit.ly/42frZiS",
Daily Hive Calgary,"#Sephora has made some significant changes to its popular Beauty Insider loyalty program, and people are not happyRead morehttp://bit.ly/42frZiS",Deanna Galli likes Beautiful! #FranckProvost #LolitaLempicka #Sephora #GemeyMaybe http://brandkloud.com/Pic/344?f=tw,We‚Äôre Heating Things Up at Sephora! Find holistic solutions from Stripes for every stage of your menopause journey at your local #Sephora store now. #TheHotSpot #IAmStripes #ad #StripesSquad,
Lu‚Ä¢stradamus,"I will never spend another dollar at #Sephora 10+ years of BI/Rouge membership and its the worst customer service I've experienced.Something I purchased broke in shipment and now I'm begging them to refund my money??? Girl, bye. #badcompany #worstservice",We‚Äôre Heating Things Up at Sephora! Find holistic solutions from Stripes for every stage of your menopause journey at your local #Sephora store now. #TheHotSpot #IAmStripes #ad #StripesSquad,@Sephora is really turning to shit. They need to stop with all these new policies. #Sephora,
MindyourBisnath,@Sephora is really turning to shit. They need to stop with all these new policies. #Sephora,Replying to @Sephora,"A @sephora brand refresh by CanIHaveThisPlease¬©, what does everyone think?#Logo #LogoDesign #BeautyBranding #Beauty #Sephora",
Lisa Filice,Replying to @Sephora,"So basically @Sephora can a . Capitalism strikes again. So much for ""loyalty"". GFY! #Sephora",Sephora is making changes to its loyalty program and people are not happy https://blogto.com/fashion_style/2023/05/sephora-birthday-gifts-canada/‚Ä¶ #Sephora #Canada,
Meghan Sim,"So basically @Sephora can a . Capitalism strikes again. So much for ""loyalty"". GFY! #Sephora",Griselda Vitale likes Beautiful! #FranckProvost #LolitaLempicka #Sephora #GemeyMa http://brandkloud.com/Pic/344?f=tw,#Sephora is making changes to its loyalty program and people are PISSED ,
Daily Hive Edmonton,#Sephora is making changes to its loyalty program and people are PISSED ,#Sephora is making changes to its loyalty program and people are PISSED ,#Sephora & #Ulta Birthday Gifts 2015 https://neversaydiebeauty.com/demo/?p=8225 #eyeliner,
Daily Hive Calgary,#Sephora is making changes to its loyalty program and people are PISSED ,TedMoro shared a post on Ko-fi. https://ko-fi.com/post/Shopping-X8X3KWPZS?justpublished=true&alias=Shopping-X8X3KWPZS‚Ä¶ #buymeakofi #Sephora #SmileCookies,#Sephora is making changes to its loyalty program and people are PISSED ,
DraketheVampire(Ted) Cammy,TedMoro shared a post on Ko-fi. https://ko-fi.com/post/Shopping-X8X3KWPZS?justpublished=true&alias=Shopping-X8X3KWPZS‚Ä¶ #buymeakofi #Sephora #SmileCookies,#Sephora is making changes to its loyalty program and people are PISSED ,4weeks left until new Job #kohls #Sephora,
Daily Hive Montreal,"So looks like 
@hauslabs
 is finally coming to #sephora U.K. üëÄ",#Sephora is making changes to its loyalty program and people are PISSED ,#Sephora‚Äôs wild for changing their policy for that lil Bday gift sample,
Daily Hive Toronto,#Sephora is making changes to its loyalty program and people are PISSED ,#Sephora‚Äôs wild for changing their policy for that lil Bday gift sample,A former employee is suing Sephora after her request for a religious exemption from the COVID-19 vaccination was denied.Read the latest story @byCashea #sephora #labor #vaccines@Sephora @nyu_ajo @nyu_journalism https://theclick.news/sephora-sued-for-firing-employee-who-declined-vaccination/‚Ä¶,
Daily Hive Vancouver,"On the hunt for some new makeup brands! What‚Äôs everyone‚Äôs favorite these days? 

#makeup #beauty #selfcare #ulta #Sephora",A former employee is suing Sephora after her request for a religious exemption from the COVID-19 vaccination was denied.Read the latest story @byCashea #sephora #labor #vaccines@Sephora @nyu_ajo @nyu_journalism https://theclick.news/sephora-sued-for-firing-employee-who-declined-vaccination/‚Ä¶,10 percent off Sephora!! Use my link below (min $25 spend) #sephoracoupon #sephorapromocode #promocode #sephora #sephorarewards #sephorarewardcode #sephorasale https://sephora.com/share/38jey5p2d0ls/referearnmay2023‚Ä¶,