WforWoman,"Obsessing over these chic and elegant earrings from W Shop from the link https://bit.ly/3Wt2BEH, or head to your nearest W store.#WforWoman #Move360 #jewelry #jewellery #jewel #jewels #accessories #NewCollection #danglers #jhumki #earrings #jewelryoftheday","Looking to get that show-stopping look? Get inspired by Bhavika she aces the makeup game with an incredible range of Beauty must-haves featuring powder matte Lipstick, a long-lasting Eye crayon, and a vita-enriched Compact from W. #WforWoman #WBeauty #Makeup #Lipsticks",
WforWoman,"Discover hidden gems in the city Aarushi way! Wander through urban attractions and #Move360WithW in our breathable and dynamic-colored outfit that embodies both comfort and flair.Shop from the link https://bit.ly/3pRwlie, or head to your nearest W store.#WforWoman","Get ready to bedazzle and #Move360 this summer just like Aanam with her fashion-forward look crafted by trendsetting stylist Ananya.Check out our latest collection by clicking on this link https://bit.ly/43a0iZ2, or head to the nearest W store.#WforWoman #summercollection",
WforWoman,"Discover hidden gems in the city Aarushi way! Wander through urban attractions and #Move360WithW in our breathable and dynamic-colored outfit that embodies both comfort and flair.Shop from the link https://bit.ly/3pRwlie, or head to your nearest W store.#WforWoman","Get ready to bedazzle and #Move360 this summer just like Aanam with her fashion-forward look crafted by trendsetting stylist Ananya.Check out our latest collection by clicking on this link https://bit.ly/43a0iZ2, or head to the nearest W store.#WforWoman #summercollection","Redefine island vibes, just like the stylish Sukhmani. Feel the tropical breeze and #Move360WithW on vacations in this flowy and vibrant cotton dress.Shop from the link https://bit.ly/45b6XUU or head to the nearest W store.#WforWoman #Move360 #springsummer"
WforWoman,"Get ready to bedazzle and #Move360 this summer just like Aanam with her fashion-forward look crafted by trendsetting stylist Ananya.Check out our latest collection by clicking on this link https://bit.ly/43a0iZ2, or head to the nearest W store.#WforWoman #summercollection","Redefine island vibes, just like the stylish Sukhmani. Feel the tropical breeze and #Move360WithW on vacations in this flowy and vibrant cotton dress.Shop from the link https://bit.ly/45b6XUU or head to the nearest W store.#WforWoman #Move360 #springsummer",Make a shining statement wherever you go with these finely crafted jewel wear from W. #Move360WithWShop from the link https://bit.ly/3o1QeCJ or head to the nearest W store.#WforWoman #Move360 #jewelry #jewellery #jewel #accessories #NewCollection #danglers #jhumki
WforWoman,"Redefine island vibes, just like the stylish Sukhmani. Feel the tropical breeze and #Move360WithW on vacations in this flowy and vibrant cotton dress.Shop from the link https://bit.ly/45b6XUU or head to the nearest W store.#WforWoman #Move360 #springsummer",Make a shining statement wherever you go with these finely crafted jewel wear from W. #Move360WithWShop from the link https://bit.ly/3o1QeCJ or head to the nearest W store.#WforWoman #Move360 #jewelry #jewellery #jewel #accessories #NewCollection #danglers #jhumki,Experience the magic of Maldives with the stunningSukhmani!Dive into the beachside bliss in our flowy yet trendy cotton piece and game up your travel OOTD.Shop from the link https://bit.ly/435qBzL or head to the nearest W store.#WforWoman #Move360 #springsummer
WforWoman,Make a shining statement wherever you go with these finely crafted jewel wear from W. #Move360WithWShop from the link https://bit.ly/3o1QeCJ or head to the nearest W store.#WforWoman #Move360 #jewelry #jewellery #jewel #accessories #NewCollection #danglers #jhumki,Experience the magic of Maldives with the stunningSukhmani!Dive into the beachside bliss in our flowy yet trendy cotton piece and game up your travel OOTD.Shop from the link https://bit.ly/435qBzL or head to the nearest W store.#WforWoman #Move360 #springsummer,"Create waves wherever you go. Breeze through your tropical getaways and #Move360WithW in breathable, and vibrant styles - perfect for coastal expeditions. Shop from the link https://bit.ly/42VBp3d, or head to your nearest W store.#WforWoman #Move360 #NewCollection"
WforWoman,Experience the magic of Maldives with the stunningSukhmani!Dive into the beachside bliss in our flowy yet trendy cotton piece and game up your travel OOTD.Shop from the link https://bit.ly/435qBzL or head to the nearest W store.#WforWoman #Move360 #springsummer,"Create waves wherever you go. Breeze through your tropical getaways and #Move360WithW in breathable, and vibrant styles - perfect for coastal expeditions. Shop from the link https://bit.ly/42VBp3d, or head to your nearest W store.#WforWoman #Move360 #NewCollection",
WforWoman,"Discover hidden gems in the city Aarushi way! Wander through urban attractions and #Move360WithW in our breathable and dynamic-colored outfit that embodies both comfort and flair.Shop from the link https://bit.ly/3pRwlie, or head to your nearest W store.#WforWoman",,
WforWoman,"Discover hidden gems in the city Aarushi way! Wander through urban attractions and #Move360WithW in our breathable and dynamic-colored outfit that embodies both comfort and flair.Shop from the link https://bit.ly/3pRwlie, or head to your nearest W store.#WforWoman","Get ready to bedazzle and #Move360 this summer just like Aanam with her fashion-forward look crafted by trendsetting stylist Ananya.Check out our latest collection by clicking on this link https://bit.ly/43a0iZ2, or head to the nearest W store.#WforWoman #summercollection","Redefine island vibes, just like the stylish Sukhmani. Feel the tropical breeze and #Move360WithW on vacations in this flowy and vibrant cotton dress.Shop from the link https://bit.ly/45b6XUU or head to the nearest W store.#WforWoman #Move360 #springsummer"
WforWoman,"Get ready to bedazzle and #Move360 this summer just like Aanam with her fashion-forward look crafted by trendsetting stylist Ananya.Check out our latest collection by clicking on this link https://bit.ly/43a0iZ2, or head to the nearest W store.#WforWoman #summercollection","Redefine island vibes, just like the stylish Sukhmani. Feel the tropical breeze and #Move360WithW on vacations in this flowy and vibrant cotton dress.Shop from the link https://bit.ly/45b6XUU or head to the nearest W store.#WforWoman #Move360 #springsummer",Make a shining statement wherever you go with these finely crafted jewel wear from W. #Move360WithWShop from the link https://bit.ly/3o1QeCJ or head to the nearest W store.#WforWoman #Move360 #jewelry #jewellery #jewel #accessories #NewCollection #danglers #jhumki
WforWoman,"Redefine island vibes, just like the stylish Sukhmani. Feel the tropical breeze and #Move360WithW on vacations in this flowy and vibrant cotton dress.Shop from the link https://bit.ly/45b6XUU or head to the nearest W store.#WforWoman #Move360 #springsummer",Make a shining statement wherever you go with these finely crafted jewel wear from W. #Move360WithWShop from the link https://bit.ly/3o1QeCJ or head to the nearest W store.#WforWoman #Move360 #jewelry #jewellery #jewel #accessories #NewCollection #danglers #jhumki,Experience the magic of Maldives with the stunningSukhmani!Dive into the beachside bliss in our flowy yet trendy cotton piece and game up your travel OOTD.Shop from the link https://bit.ly/435qBzL or head to the nearest W store.#WforWoman #Move360 #springsummer
WforWoman,Make a shining statement wherever you go with these finely crafted jewel wear from W. #Move360WithWShop from the link https://bit.ly/3o1QeCJ or head to the nearest W store.#WforWoman #Move360 #jewelry #jewellery #jewel #accessories #NewCollection #danglers #jhumki,Experience the magic of Maldives with the stunningSukhmani!Dive into the beachside bliss in our flowy yet trendy cotton piece and game up your travel OOTD.Shop from the link https://bit.ly/435qBzL or head to the nearest W store.#WforWoman #Move360 #springsummer,"Create waves wherever you go. Breeze through your tropical getaways and #Move360WithW in breathable, and vibrant styles - perfect for coastal expeditions. Shop from the link https://bit.ly/42VBp3d, or head to your nearest W store.#WforWoman #Move360 #NewCollection"
WforWoman,Experience the magic of Maldives with the stunningSukhmani!Dive into the beachside bliss in our flowy yet trendy cotton piece and game up your travel OOTD.Shop from the link https://bit.ly/435qBzL or head to the nearest W store.#WforWoman #Move360 #springsummer,"Create waves wherever you go. Breeze through your tropical getaways and #Move360WithW in breathable, and vibrant styles - perfect for coastal expeditions. Shop from the link https://bit.ly/42VBp3d, or head to your nearest W store.#WforWoman #Move360 #NewCollection",
WforWoman,"Discover hidden gems in the city Aarushi way! Wander through urban attractions and #Move360WithW in our breathable and dynamic-colored outfit that embodies both comfort and flair.Shop from the link https://bit.ly/3pRwlie, or head to your nearest W store.#WforWoman","Get ready to bedazzle and #Move360 this summer just like Aanam with her fashion-forward look crafted by trendsetting stylist Ananya.Check out our latest collection by clicking on this link https://bit.ly/43a0iZ2, or head to the nearest W store.#WforWoman #summercollection",
WforWoman,"Discover hidden gems in the city Aarushi way! Wander through urban attractions and #Move360WithW in our breathable and dynamic-colored outfit that embodies both comfort and flair.Shop from the link https://bit.ly/3pRwlie, or head to your nearest W store.#WforWoman","Get ready to bedazzle and #Move360 this summer just like Aanam with her fashion-forward look crafted by trendsetting stylist Ananya.Check out our latest collection by clicking on this link https://bit.ly/43a0iZ2, or head to the nearest W store.#WforWoman #summercollection","Redefine island vibes, just like the stylish Sukhmani. Feel the tropical breeze and #Move360WithW on vacations in this flowy and vibrant cotton dress.Shop from the link https://bit.ly/45b6XUU or head to the nearest W store.#WforWoman #Move360 #springsummer"
,"Get ready to bedazzle and #Move360 this summer just like Aanam with her fashion-forward look crafted by trendsetting stylist Ananya.Check out our latest collection by clicking on this link https://bit.ly/43a0iZ2, or head to the nearest W store.#WforWoman #summercollection","Redefine island vibes, just like the stylish Sukhmani. Feel the tropical breeze and #Move360WithW on vacations in this flowy and vibrant cotton dress.Shop from the link https://bit.ly/45b6XUU or head to the nearest W store.#WforWoman #Move360 #springsummer",Make a shining statement wherever you go with these finely crafted jewel wear from W. #Move360WithWShop from the link https://bit.ly/3o1QeCJ or head to the nearest W store.#WforWoman #Move360 #jewelry #jewellery #jewel #accessories #NewCollection #danglers #jhumki
WforWoman,"Redefine island vibes, just like the stylish Sukhmani. Feel the tropical breeze and #Move360WithW on vacations in this flowy and vibrant cotton dress.Shop from the link https://bit.ly/45b6XUU or head to the nearest W store.#WforWoman #Move360 #springsummer",Make a shining statement wherever you go with these finely crafted jewel wear from W. #Move360WithWShop from the link https://bit.ly/3o1QeCJ or head to the nearest W store.#WforWoman #Move360 #jewelry #jewellery #jewel #accessories #NewCollection #danglers #jhumki,Experience the magic of Maldives with the stunningSukhmani!Dive into the beachside bliss in our flowy yet trendy cotton piece and game up your travel OOTD.Shop from the link https://bit.ly/435qBzL or head to the nearest W store.#WforWoman #Move360 #springsummer
WforWoman,Make a shining statement wherever you go with these finely crafted jewel wear from W. #Move360WithWShop from the link https://bit.ly/3o1QeCJ or head to the nearest W store.#WforWoman #Move360 #jewelry #jewellery #jewel #accessories #NewCollection #danglers #jhumki,Experience the magic of Maldives with the stunningSukhmani!Dive into the beachside bliss in our flowy yet trendy cotton piece and game up your travel OOTD.Shop from the link https://bit.ly/435qBzL or head to the nearest W store.#WforWoman #Move360 #springsummer,"Create waves wherever you go. Breeze through your tropical getaways and #Move360WithW in breathable, and vibrant styles - perfect for coastal expeditions. Shop from the link https://bit.ly/42VBp3d, or head to your nearest W store.#WforWoman #Move360 #NewCollection"
WforWoman,Experience the magic of Maldives with the stunningSukhmani!Dive into the beachside bliss in our flowy yet trendy cotton piece and game up your travel OOTD.Shop from the link https://bit.ly/435qBzL or head to the nearest W store.#WforWoman #Move360 #springsummer,"Create waves wherever you go. Breeze through your tropical getaways and #Move360WithW in breathable, and vibrant styles - perfect for coastal expeditions. Shop from the link https://bit.ly/42VBp3d, or head to your nearest W store.#WforWoman #Move360 #NewCollection",
WforWoman,"Discover hidden gems in the city Aarushi way! Wander through urban attractions and #Move360WithW in our breathable and dynamic-colored outfit that embodies both comfort and flair.Shop from the link https://bit.ly/3pRwlie, or head to your nearest W store.#WforWoman",,
WforWoman,"Discover hidden gems in the city Aarushi way! Wander through urban attractions and #Move360WithW in our breathable and dynamic-colored outfit that embodies both comfort and flair.Shop from the link https://bit.ly/3pRwlie, or head to your nearest W store.#WforWoman","Get ready to bedazzle and #Move360 this summer just like Aanam with her fashion-forward look crafted by trendsetting stylist Ananya.Check out our latest collection by clicking on this link https://bit.ly/43a0iZ2, or head to the nearest W store.#WforWoman #summercollection","Redefine island vibes, just like the stylish Sukhmani. Feel the tropical breeze and #Move360WithW on vacations in this flowy and vibrant cotton dress.Shop from the link https://bit.ly/45b6XUU or head to the nearest W store.#WforWoman #Move360 #springsummer"
WforWoman,"Get ready to bedazzle and #Move360 this summer just like Aanam with her fashion-forward look crafted by trendsetting stylist Ananya.Check out our latest collection by clicking on this link https://bit.ly/43a0iZ2, or head to the nearest W store.#WforWoman #summercollection","Redefine island vibes, just like the stylish Sukhmani. Feel the tropical breeze and #Move360WithW on vacations in this flowy and vibrant cotton dress.Shop from the link https://bit.ly/45b6XUU or head to the nearest W store.#WforWoman #Move360 #springsummer",Make a shining statement wherever you go with these finely crafted jewel wear from W. #Move360WithWShop from the link https://bit.ly/3o1QeCJ or head to the nearest W store.#WforWoman #Move360 #jewelry #jewellery #jewel #accessories #NewCollection #danglers #jhumki
,"Redefine island vibes, just like the stylish Sukhmani. Feel the tropical breeze and #Move360WithW on vacations in this flowy and vibrant cotton dress.Shop from the link https://bit.ly/45b6XUU or head to the nearest W store.#WforWoman #Move360 #springsummer",Make a shining statement wherever you go with these finely crafted jewel wear from W. #Move360WithWShop from the link https://bit.ly/3o1QeCJ or head to the nearest W store.#WforWoman #Move360 #jewelry #jewellery #jewel #accessories #NewCollection #danglers #jhumki,Experience the magic of Maldives with the stunningSukhmani!Dive into the beachside bliss in our flowy yet trendy cotton piece and game up your travel OOTD.Shop from the link https://bit.ly/435qBzL or head to the nearest W store.#WforWoman #Move360 #springsummer
WforWoman,Make a shining statement wherever you go with these finely crafted jewel wear from W. #Move360WithWShop from the link https://bit.ly/3o1QeCJ or head to the nearest W store.#WforWoman #Move360 #jewelry #jewellery #jewel #accessories #NewCollection #danglers #jhumki,Experience the magic of Maldives with the stunningSukhmani!Dive into the beachside bliss in our flowy yet trendy cotton piece and game up your travel OOTD.Shop from the link https://bit.ly/435qBzL or head to the nearest W store.#WforWoman #Move360 #springsummer,"Create waves wherever you go. Breeze through your tropical getaways and #Move360WithW in breathable, and vibrant styles - perfect for coastal expeditions. Shop from the link https://bit.ly/42VBp3d, or head to your nearest W store.#WforWoman #Move360 #NewCollection"
WforWoman,Experience the magic of Maldives with the stunningSukhmani!Dive into the beachside bliss in our flowy yet trendy cotton piece and game up your travel OOTD.Shop from the link https://bit.ly/435qBzL or head to the nearest W store.#WforWoman #Move360 #springsummer,"Create waves wherever you go. Breeze through your tropical getaways and #Move360WithW in breathable, and vibrant styles - perfect for coastal expeditions. Shop from the link https://bit.ly/42VBp3d, or head to your nearest W store.#WforWoman #Move360 #NewCollection","Rejoice in the spirit of summer with these breezy styles and #Move360WithW. Which one is your favorite? Let us know in the comments.Shop from the link https://bit.ly/3OdpZny, or head to the nearest W store.#WforWoman #summercollection #influencerstyle"
WforWoman,"Create waves wherever you go. Breeze through your tropical getaways and #Move360WithW in breathable, and vibrant styles - perfect for coastal expeditions. Shop from the link https://bit.ly/42VBp3d, or head to your nearest W store.#WforWoman #Move360 #NewCollection","Rejoice in the spirit of summer with these breezy styles and #Move360WithW. Which one is your favorite? Let us know in the comments.Shop from the link https://bit.ly/3OdpZny, or head to the nearest W store.#WforWoman #summercollection #influencerstyle","Moms know how to style like a PRO! Watch Noopur get a stylish makeover from her mom and experience the love, warmth, and style only a mother can bring. Check out our latest collection here https://bit.ly/3nKA2pn or head to the nearest W store.#WforWoman #Move360"
WforWoman,"Rejoice in the spirit of summer with these breezy styles and #Move360WithW. Which one is your favorite? Let us know in the comments.Shop from the link https://bit.ly/3OdpZny, or head to the nearest W store.#WforWoman #summercollection #influencerstyle","Moms know how to style like a PRO! Watch Noopur get a stylish makeover from her mom and experience the love, warmth, and style only a mother can bring. Check out our latest collection here https://bit.ly/3nKA2pn or head to the nearest W store.#WforWoman #Move360",This Mother's Day Get Upto 60% Off On Women's Ethnic Wear & Footwear. Also Avail Free Shipping.Buy Now - https://couponzguru.com/wforwoman-coupons/…#mothersday #WforWoman #Mothersday2023 #mothersdaygift
WforWoman,"Moms know how to style like a PRO! Watch Noopur get a stylish makeover from her mom and experience the love, warmth, and style only a mother can bring. Check out our latest collection here https://bit.ly/3nKA2pn or head to the nearest W store.#WforWoman #Move360",This Mother's Day Get Upto 60% Off On Women's Ethnic Wear & Footwear. Also Avail Free Shipping.Buy Now - https://couponzguru.com/wforwoman-coupons/…#mothersday #WforWoman #Mothersday2023 #mothersdaygift,"Be the talk of every summer event and #Move360 like Prerna Mehra with an elegant look curated by Simran Khera.Check out our latest collection by clicking on this link https://bit.ly/3AY4cIH, or head to the nearest W store.#WforWoman #summercollection #springsummer"
WforWoman,This Mother's Day Get Upto 60% Off On Women's Ethnic Wear & Footwear. Also Avail Free Shipping.Buy Now - https://couponzguru.com/wforwoman-coupons/…#mothersday #WforWoman #Mothersday2023 #mothersdaygift,"Be the talk of every summer event and #Move360 like Prerna Mehra with an elegant look curated by Simran Khera.Check out our latest collection by clicking on this link https://bit.ly/3AY4cIH, or head to the nearest W store.#WforWoman #summercollection #springsummer","Spectacular head-to-toe summer look. Checkout Hemlataa Pariwal styling Simone Khambatta for inspiration.Check out our latest collection by clicking on this link https://bit.ly/3AY4cIH, or head to the nearest W store.#WforWoman #summercollection #springsummer #launchevent"
WforWoman,"Be the talk of every summer event and #Move360 like Prerna Mehra with an elegant look curated by Simran Khera.Check out our latest collection by clicking on this link https://bit.ly/3AY4cIH, or head to the nearest W store.#WforWoman #summercollection #springsummer","Spectacular head-to-toe summer look. Checkout Hemlataa Pariwal styling Simone Khambatta for inspiration.Check out our latest collection by clicking on this link https://bit.ly/3AY4cIH, or head to the nearest W store.#WforWoman #summercollection #springsummer #launchevent","Grace every summer occasion and #Move360 like Gurleen Gambhir with a stunning head-to-toe look styled by Priya Vajani.Check out our latest collection by clicking on this link https://bit.ly/3AY4cIH, or head to the nearest W store.#WforWoman #summercollection #springsummer"
WforWoman,"Spectacular head-to-toe summer look. Checkout Hemlataa Pariwal styling Simone Khambatta for inspiration.Check out our latest collection by clicking on this link https://bit.ly/3AY4cIH, or head to the nearest W store.#WforWoman #summercollection #springsummer #launchevent","Grace every summer occasion and #Move360 like Gurleen Gambhir with a stunning head-to-toe look styled by Priya Vajani.Check out our latest collection by clicking on this link https://bit.ly/3AY4cIH, or head to the nearest W store.#WforWoman #summercollection #springsummer","Grace the summer festivities in this double-layered top with delicate gold details highlighting the embroidery and playful paneled culottes from Kadambari Stories by W.Shop from the link https://bit.ly/3HGNYav, or head to the nearest W store.#kadambaristories #WforWoman"
CouponzGuru,"Grace every summer occasion and #Move360 like Gurleen Gambhir with a stunning head-to-toe look styled by Priya Vajani.Check out our latest collection by clicking on this link https://bit.ly/3AY4cIH, or head to the nearest W store.#WforWoman #summercollection #springsummer","Grace the summer festivities in this double-layered top with delicate gold details highlighting the embroidery and playful paneled culottes from Kadambari Stories by W.Shop from the link https://bit.ly/3HGNYav, or head to the nearest W store.#kadambaristories #WforWoman","Hues for the summer sun! Find yourself reveling in floral prints that encapsulate the mood of the moment just right in perfectly-tailored attire this summer!Shop from the link https://bit.ly/3LMbzJr, or head to the nearest W store.#WforWoman #summerfestive"
WforWoman,"Grace the summer festivities in this double-layered top with delicate gold details highlighting the embroidery and playful paneled culottes from Kadambari Stories by W.Shop from the link https://bit.ly/3HGNYav, or head to the nearest W store.#kadambaristories #WforWoman","Hues for the summer sun! Find yourself reveling in floral prints that encapsulate the mood of the moment just right in perfectly-tailored attire this summer!Shop from the link https://bit.ly/3LMbzJr, or head to the nearest W store.#WforWoman #summerfestive",Rejoice in summer vibes! Experience the bliss of comfort with magnificent designs that complement your poise and elegance. Shop from the link https://bit.ly/3LQiIZ5 or head to the nearest W store...#WforWoman #summerfestive #summercollection #influencerstyle
WforWoman,"Hues for the summer sun! Find yourself reveling in floral prints that encapsulate the mood of the moment just right in perfectly-tailored attire this summer!Shop from the link https://bit.ly/3LMbzJr, or head to the nearest W store.#WforWoman #summerfestive",Rejoice in summer vibes! Experience the bliss of comfort with magnificent designs that complement your poise and elegance. Shop from the link https://bit.ly/3LQiIZ5 or head to the nearest W store...#WforWoman #summerfestive #summercollection #influencerstyle,"Prep up for Summer Fetes! Unravel your majestic charm at events and #Move360WithW in a refreshing ensemble crafted with the finest cotton, glorious prints, and vibrant colors.Shop from the link https://bit.ly/3LMbzJr, or head to the nearest W store.#WforWoman"
WforWoman,Rejoice in summer vibes! Experience the bliss of comfort with magnificent designs that complement your poise and elegance. Shop from the link https://bit.ly/3LQiIZ5 or head to the nearest W store...#WforWoman #summerfestive #summercollection #influencerstyle,"Prep up for Summer Fetes! Unravel your majestic charm at events and #Move360WithW in a refreshing ensemble crafted with the finest cotton, glorious prints, and vibrant colors.Shop from the link https://bit.ly/3LMbzJr, or head to the nearest W store.#WforWoman","Ensembles for celebrations. Reign over festivities and #Move360WithW in sequin-embellished dresses that feature shimmery patterns and dynamic hues.Shop from the link https://bit.ly/3LMbzJr, or head to the nearest W store.#WforWoman #summerfestive #summercollection"
WforWoman,"Prep up for Summer Fetes! Unravel your majestic charm at events and #Move360WithW in a refreshing ensemble crafted with the finest cotton, glorious prints, and vibrant colors.Shop from the link https://bit.ly/3LMbzJr, or head to the nearest W store.#WforWoman","Ensembles for celebrations. Reign over festivities and #Move360WithW in sequin-embellished dresses that feature shimmery patterns and dynamic hues.Shop from the link https://bit.ly/3LMbzJr, or head to the nearest W store.#WforWoman #summerfestive #summercollection","Summer lovin' and casual vibes #Move360 with our latest collection of easy-breezy outfits. Shop from the link https://bit.ly/42h1xW9, or head to the nearest W store.#WforWoman #NewCollection #SpringSummerCollection #SS23 #Floraloutfits #Dresses #SummerVibes"
WforWoman,"Ensembles for celebrations. Reign over festivities and #Move360WithW in sequin-embellished dresses that feature shimmery patterns and dynamic hues.Shop from the link https://bit.ly/3LMbzJr, or head to the nearest W store.#WforWoman #summerfestive #summercollection","Summer lovin' and casual vibes #Move360 with our latest collection of easy-breezy outfits. Shop from the link https://bit.ly/42h1xW9, or head to the nearest W store.#WforWoman #NewCollection #SpringSummerCollection #SS23 #Floraloutfits #Dresses #SummerVibes","Step out in style and #Move360WithW! Set yourself apart wherever you go in breezy attire paired with elegant jewelry and trendy footwear, and take your head-to-toe look to the next level.Head to the W store @suryatimall#WforWoman #Move360 #… https://instagr.am/p/CrsjAH1yTIS/"
WforWoman,"Summer lovin' and casual vibes #Move360 with our latest collection of easy-breezy outfits. Shop from the link https://bit.ly/42h1xW9, or head to the nearest W store.#WforWoman #NewCollection #SpringSummerCollection #SS23 #Floraloutfits #Dresses #SummerVibes","Step out in style and #Move360WithW! Set yourself apart wherever you go in breezy attire paired with elegant jewelry and trendy footwear, and take your head-to-toe look to the next level.Head to the W store @suryatimall#WforWoman #Move360 #… https://instagr.am/p/CrsjAH1yTIS/",Happy feet for festivities!Add ease and style to summer celebrations and #Move360WithW in W's fashionable and comfortable footwear. Shop our foot apparels from the link http://bit.ly/3oWw78M or walk into the nearest W store.#WforWoman #footwear #footapparel
WforWoman,"Step out in style and #Move360WithW! Set yourself apart wherever you go in breezy attire paired with elegant jewelry and trendy footwear, and take your head-to-toe look to the next level.Head to the W store @suryatimall#WforWoman #Move360 #… https://instagr.am/p/CrsjAH1yTIS/",Happy feet for festivities!Add ease and style to summer celebrations and #Move360WithW in W's fashionable and comfortable footwear. Shop our foot apparels from the link http://bit.ly/3oWw78M or walk into the nearest W store.#WforWoman #footwear #footapparel,Be the walk and talk of the town! Keep your feet happy all day long and #Move360WithW by stepping into our comfortable and modern footwear range.Shop our foot apparels from the link https://bit.ly/3oWw78M or walk into the nearest W store.#WforWoman #footwear
WforWoman,Happy feet for festivities!Add ease and style to summer celebrations and #Move360WithW in W's fashionable and comfortable footwear. Shop our foot apparels from the link http://bit.ly/3oWw78M or walk into the nearest W store.#WforWoman #footwear #footapparel,Be the walk and talk of the town! Keep your feet happy all day long and #Move360WithW by stepping into our comfortable and modern footwear range.Shop our foot apparels from the link https://bit.ly/3oWw78M or walk into the nearest W store.#WforWoman #footwear,Get ready to set yourself apart everyday and #Move360WithW!Shop from the link https://bit.ly/3NlRISw or head to the nearest W store.#WforWoman #Move360 #NewCollection #SpringSummerCollection #SS23 #Floraloutfits #CoordSets #Dresses #Jumpsuits #SummerVibes
WforWoman,Be the walk and talk of the town! Keep your feet happy all day long and #Move360WithW by stepping into our comfortable and modern footwear range.Shop our foot apparels from the link https://bit.ly/3oWw78M or walk into the nearest W store.#WforWoman #footwear,Get ready to set yourself apart everyday and #Move360WithW!Shop from the link https://bit.ly/3NlRISw or head to the nearest W store.#WforWoman #Move360 #NewCollection #SpringSummerCollection #SS23 #Floraloutfits #CoordSets #Dresses #Jumpsuits #SummerVibes,Get summer lovin' lips! Look stunning all day long with our smudge-proof powder lipstick - the perfect summer accessory by W Beauty.Head to theW store at @suryatimall to explore the collection#WforWoman #WBeauty #Makeup #Lipsticks #Vegan… https://instagr.am/p/CrkcSdQoXDn/
Surya Treasure Island Mall,Get ready to set yourself apart everyday and #Move360WithW!Shop from the link https://bit.ly/3NlRISw or head to the nearest W store.#WforWoman #Move360 #NewCollection #SpringSummerCollection #SS23 #Floraloutfits #CoordSets #Dresses #Jumpsuits #SummerVibes,Get summer lovin' lips! Look stunning all day long with our smudge-proof powder lipstick - the perfect summer accessory by W Beauty.Head to theW store at @suryatimall to explore the collection#WforWoman #WBeauty #Makeup #Lipsticks #Vegan… https://instagr.am/p/CrkcSdQoXDn/,Discover the power of color! Upgrade your beauty game and transform your look with just one swipe of our endless lipstick shades.Explore the collection on the website https://bit.ly/3ol1GJv or head to the nearest W store.#WforWoman #WBeauty #Makeup #Lipsticks
WforWoman,Get summer lovin' lips! Look stunning all day long with our smudge-proof powder lipstick - the perfect summer accessory by W Beauty.Head to theW store at @suryatimall to explore the collection#WforWoman #WBeauty #Makeup #Lipsticks #Vegan… https://instagr.am/p/CrkcSdQoXDn/,Discover the power of color! Upgrade your beauty game and transform your look with just one swipe of our endless lipstick shades.Explore the collection on the website https://bit.ly/3ol1GJv or head to the nearest W store.#WforWoman #WBeauty #Makeup #Lipsticks,"Step out in style, everytime! Find your perfect fit in our trendy yet comfortable foot apparel range and #Move360WithW like never before. Shop our footapparels from the link https://bit.ly/3V7yx0p or walk into the nearest W store.#WforWoman #Move360withW #footwear"
WforWoman,Discover the power of color! Upgrade your beauty game and transform your look with just one swipe of our endless lipstick shades.Explore the collection on the website https://bit.ly/3ol1GJv or head to the nearest W store.#WforWoman #WBeauty #Makeup #Lipsticks,"Step out in style, everytime! Find your perfect fit in our trendy yet comfortable foot apparel range and #Move360WithW like never before. Shop our footapparels from the link https://bit.ly/3V7yx0p or walk into the nearest W store.#WforWoman #Move360withW #footwear",The secret to summer beauty. Say hello to an even skin tone and a radiant look with the perfect matte finish of our Powder Compact. Explore the collection on the website https://bit.ly/3ol1GJv or head to the nearest W store.#WforWoman #WBeauty #Compact #Makeup
WforWoman,"Step out in style, everytime! Find your perfect fit in our trendy yet comfortable foot apparel range and #Move360WithW like never before. Shop our footapparels from the link https://bit.ly/3V7yx0p or walk into the nearest W store.#WforWoman #Move360withW #footwear",The secret to summer beauty. Say hello to an even skin tone and a radiant look with the perfect matte finish of our Powder Compact. Explore the collection on the website https://bit.ly/3ol1GJv or head to the nearest W store.#WforWoman #WBeauty #Compact #Makeup,
WforWoman,"Discover hidden gems in the city Aarushi way! Wander through urban attractions and #Move360WithW in our breathable and dynamic-colored outfit that embodies both comfort and flair.Shop from the link https://bit.ly/3pRwlie, or head to your nearest W store.#WforWoman",,
WforWoman,"Discover hidden gems in the city Aarushi way! Wander through urban attractions and #Move360WithW in our breathable and dynamic-colored outfit that embodies both comfort and flair.Shop from the link https://bit.ly/3pRwlie, or head to your nearest W store.#WforWoman","Get ready to bedazzle and #Move360 this summer just like Aanam with her fashion-forward look crafted by trendsetting stylist Ananya.Check out our latest collection by clicking on this link https://bit.ly/43a0iZ2, or head to the nearest W store.#WforWoman #summercollection","Redefine island vibes, just like the stylish Sukhmani. Feel the tropical breeze and #Move360WithW on vacations in this flowy and vibrant cotton dress.Shop from the link https://bit.ly/45b6XUU or head to the nearest W store.#WforWoman #Move360 #springsummer"
WforWoman,"Get ready to bedazzle and #Move360 this summer just like Aanam with her fashion-forward look crafted by trendsetting stylist Ananya.Check out our latest collection by clicking on this link https://bit.ly/43a0iZ2, or head to the nearest W store.#WforWoman #summercollection","Redefine island vibes, just like the stylish Sukhmani. Feel the tropical breeze and #Move360WithW on vacations in this flowy and vibrant cotton dress.Shop from the link https://bit.ly/45b6XUU or head to the nearest W store.#WforWoman #Move360 #springsummer",Make a shining statement wherever you go with these finely crafted jewel wear from W. #Move360WithWShop from the link https://bit.ly/3o1QeCJ or head to the nearest W store.#WforWoman #Move360 #jewelry #jewellery #jewel #accessories #NewCollection #danglers #jhumki
WforWoman,"Redefine island vibes, just like the stylish Sukhmani. Feel the tropical breeze and #Move360WithW on vacations in this flowy and vibrant cotton dress.Shop from the link https://bit.ly/45b6XUU or head to the nearest W store.#WforWoman #Move360 #springsummer",Make a shining statement wherever you go with these finely crafted jewel wear from W. #Move360WithWShop from the link https://bit.ly/3o1QeCJ or head to the nearest W store.#WforWoman #Move360 #jewelry #jewellery #jewel #accessories #NewCollection #danglers #jhumki,Experience the magic of Maldives with the stunningSukhmani!Dive into the beachside bliss in our flowy yet trendy cotton piece and game up your travel OOTD.Shop from the link https://bit.ly/435qBzL or head to the nearest W store.#WforWoman #Move360 #springsummer
WforWoman,Make a shining statement wherever you go with these finely crafted jewel wear from W. #Move360WithWShop from the link https://bit.ly/3o1QeCJ or head to the nearest W store.#WforWoman #Move360 #jewelry #jewellery #jewel #accessories #NewCollection #danglers #jhumki,Experience the magic of Maldives with the stunningSukhmani!Dive into the beachside bliss in our flowy yet trendy cotton piece and game up your travel OOTD.Shop from the link https://bit.ly/435qBzL or head to the nearest W store.#WforWoman #Move360 #springsummer,"Create waves wherever you go. Breeze through your tropical getaways and #Move360WithW in breathable, and vibrant styles - perfect for coastal expeditions. Shop from the link https://bit.ly/42VBp3d, or head to your nearest W store.#WforWoman #Move360 #NewCollection"
WforWoman,Experience the magic of Maldives with the stunningSukhmani!Dive into the beachside bliss in our flowy yet trendy cotton piece and game up your travel OOTD.Shop from the link https://bit.ly/435qBzL or head to the nearest W store.#WforWoman #Move360 #springsummer,"Create waves wherever you go. Breeze through your tropical getaways and #Move360WithW in breathable, and vibrant styles - perfect for coastal expeditions. Shop from the link https://bit.ly/42VBp3d, or head to your nearest W store.#WforWoman #Move360 #NewCollection",
,"Discover hidden gems in the city Aarushi way! Wander through urban attractions and #Move360WithW in our breathable and dynamic-colored outfit that embodies both comfort and flair.Shop from the link https://bit.ly/3pRwlie, or head to your nearest W store.#WforWoman",,
,"Discover hidden gems in the city Aarushi way! Wander through urban attractions and #Move360WithW in our breathable and dynamic-colored outfit that embodies both comfort and flair.Shop from the link https://bit.ly/3pRwlie, or head to your nearest W store.#WforWoman","Get ready to bedazzle and #Move360 this summer just like Aanam with her fashion-forward look crafted by trendsetting stylist Ananya.Check out our latest collection by clicking on this link https://bit.ly/43a0iZ2, or head to the nearest W store.#WforWoman #summercollection","Redefine island vibes, just like the stylish Sukhmani. Feel the tropical breeze and #Move360WithW on vacations in this flowy and vibrant cotton dress.Shop from the link https://bit.ly/45b6XUU or head to the nearest W store.#WforWoman #Move360 #springsummer"
WforWoman,"Get ready to bedazzle and #Move360 this summer just like Aanam with her fashion-forward look crafted by trendsetting stylist Ananya.Check out our latest collection by clicking on this link https://bit.ly/43a0iZ2, or head to the nearest W store.#WforWoman #summercollection","Redefine island vibes, just like the stylish Sukhmani. Feel the tropical breeze and #Move360WithW on vacations in this flowy and vibrant cotton dress.Shop from the link https://bit.ly/45b6XUU or head to the nearest W store.#WforWoman #Move360 #springsummer",Make a shining statement wherever you go with these finely crafted jewel wear from W. #Move360WithWShop from the link https://bit.ly/3o1QeCJ or head to the nearest W store.#WforWoman #Move360 #jewelry #jewellery #jewel #accessories #NewCollection #danglers #jhumki
WforWoman,"Redefine island vibes, just like the stylish Sukhmani. Feel the tropical breeze and #Move360WithW on vacations in this flowy and vibrant cotton dress.Shop from the link https://bit.ly/45b6XUU or head to the nearest W store.#WforWoman #Move360 #springsummer",Make a shining statement wherever you go with these finely crafted jewel wear from W. #Move360WithWShop from the link https://bit.ly/3o1QeCJ or head to the nearest W store.#WforWoman #Move360 #jewelry #jewellery #jewel #accessories #NewCollection #danglers #jhumki,Experience the magic of Maldives with the stunningSukhmani!Dive into the beachside bliss in our flowy yet trendy cotton piece and game up your travel OOTD.Shop from the link https://bit.ly/435qBzL or head to the nearest W store.#WforWoman #Move360 #springsummer
WforWoman,Make a shining statement wherever you go with these finely crafted jewel wear from W. #Move360WithWShop from the link https://bit.ly/3o1QeCJ or head to the nearest W store.#WforWoman #Move360 #jewelry #jewellery #jewel #accessories #NewCollection #danglers #jhumki,Experience the magic of Maldives with the stunningSukhmani!Dive into the beachside bliss in our flowy yet trendy cotton piece and game up your travel OOTD.Shop from the link https://bit.ly/435qBzL or head to the nearest W store.#WforWoman #Move360 #springsummer,"Create waves wherever you go. Breeze through your tropical getaways and #Move360WithW in breathable, and vibrant styles - perfect for coastal expeditions. Shop from the link https://bit.ly/42VBp3d, or head to your nearest W store.#WforWoman #Move360 #NewCollection"
WforWoman,Experience the magic of Maldives with the stunningSukhmani!Dive into the beachside bliss in our flowy yet trendy cotton piece and game up your travel OOTD.Shop from the link https://bit.ly/435qBzL or head to the nearest W store.#WforWoman #Move360 #springsummer,"Create waves wherever you go. Breeze through your tropical getaways and #Move360WithW in breathable, and vibrant styles - perfect for coastal expeditions. Shop from the link https://bit.ly/42VBp3d, or head to your nearest W store.#WforWoman #Move360 #NewCollection",
WforWoman,"Discover hidden gems in the city Aarushi way! Wander through urban attractions and #Move360WithW in our breathable and dynamic-colored outfit that embodies both comfort and flair.Shop from the link https://bit.ly/3pRwlie, or head to your nearest W store.#WforWoman",,
WforWoman,"Discover hidden gems in the city Aarushi way! Wander through urban attractions and #Move360WithW in our breathable and dynamic-colored outfit that embodies both comfort and flair.Shop from the link https://bit.ly/3pRwlie, or head to your nearest W store.#WforWoman","Get ready to bedazzle and #Move360 this summer just like Aanam with her fashion-forward look crafted by trendsetting stylist Ananya.Check out our latest collection by clicking on this link https://bit.ly/43a0iZ2, or head to the nearest W store.#WforWoman #summercollection","Redefine island vibes, just like the stylish Sukhmani. Feel the tropical breeze and #Move360WithW on vacations in this flowy and vibrant cotton dress.Shop from the link https://bit.ly/45b6XUU or head to the nearest W store.#WforWoman #Move360 #springsummer"
WforWoman,"Get ready to bedazzle and #Move360 this summer just like Aanam with her fashion-forward look crafted by trendsetting stylist Ananya.Check out our latest collection by clicking on this link https://bit.ly/43a0iZ2, or head to the nearest W store.#WforWoman #summercollection","Redefine island vibes, just like the stylish Sukhmani. Feel the tropical breeze and #Move360WithW on vacations in this flowy and vibrant cotton dress.Shop from the link https://bit.ly/45b6XUU or head to the nearest W store.#WforWoman #Move360 #springsummer",Make a shining statement wherever you go with these finely crafted jewel wear from W. #Move360WithWShop from the link https://bit.ly/3o1QeCJ or head to the nearest W store.#WforWoman #Move360 #jewelry #jewellery #jewel #accessories #NewCollection #danglers #jhumki
WforWoman,"Redefine island vibes, just like the stylish Sukhmani. Feel the tropical breeze and #Move360WithW on vacations in this flowy and vibrant cotton dress.Shop from the link https://bit.ly/45b6XUU or head to the nearest W store.#WforWoman #Move360 #springsummer",Make a shining statement wherever you go with these finely crafted jewel wear from W. #Move360WithWShop from the link https://bit.ly/3o1QeCJ or head to the nearest W store.#WforWoman #Move360 #jewelry #jewellery #jewel #accessories #NewCollection #danglers #jhumki,Experience the magic of Maldives with the stunningSukhmani!Dive into the beachside bliss in our flowy yet trendy cotton piece and game up your travel OOTD.Shop from the link https://bit.ly/435qBzL or head to the nearest W store.#WforWoman #Move360 #springsummer
WforWoman,Make a shining statement wherever you go with these finely crafted jewel wear from W. #Move360WithWShop from the link https://bit.ly/3o1QeCJ or head to the nearest W store.#WforWoman #Move360 #jewelry #jewellery #jewel #accessories #NewCollection #danglers #jhumki,Experience the magic of Maldives with the stunningSukhmani!Dive into the beachside bliss in our flowy yet trendy cotton piece and game up your travel OOTD.Shop from the link https://bit.ly/435qBzL or head to the nearest W store.#WforWoman #Move360 #springsummer,"Create waves wherever you go. Breeze through your tropical getaways and #Move360WithW in breathable, and vibrant styles - perfect for coastal expeditions. Shop from the link https://bit.ly/42VBp3d, or head to your nearest W store.#WforWoman #Move360 #NewCollection"
WforWoman,Experience the magic of Maldives with the stunningSukhmani!Dive into the beachside bliss in our flowy yet trendy cotton piece and game up your travel OOTD.Shop from the link https://bit.ly/435qBzL or head to the nearest W store.#WforWoman #Move360 #springsummer,"Create waves wherever you go. Breeze through your tropical getaways and #Move360WithW in breathable, and vibrant styles - perfect for coastal expeditions. Shop from the link https://bit.ly/42VBp3d, or head to your nearest W store.#WforWoman #Move360 #NewCollection",
Deepak Nallasamy,@WforWoman @Cyberdost wanted W to answer how my personal details alonf with recent order details got into hands of a scammer and they tried to rip out my money by a pony scheme. Is my data is safe with @WforWoman? ? ? is eveyone's data is safe with @WforWoman ?," shame on this brand who don't have value of customer Zaid Manager Name, W outlet Vegas mall dwarka.. You guys are supporting this man who don't have value of customer & mis behave with woman","Get inspired by Bhavika she aces the makeup game with an incredible range of Beauty must-haves featuring powder matte Lipstick, a long-lasting Eye crayon, and a vita-enriched Compact from W. "
Advocate Praveen Kumar,Replying to @WforWoman,,"City hopping in style with Rishika's fashion picks. Radiate confidence as you stroll through city streets and #Move360WithW in this breezy, playful cotton attire that captures the city's energy. Shop from the link https://bit.ly/3OqcbWP, or head to your nearest W store."
Advocate Praveen Kumar,Replying to @WforWoman,"@WforWoman ese logo ki wjh se apka brand khrb hora h jo ldkio ki ijjat ni kr skte store mai, please look into this & take strict action, do it silent so that no one harm to that girl, you can see how girl is so harrasesd by Farhan Saifi in W-Store Vegas mall","City hopping in style with Rishika's fashion picks. Radiate confidence as you stroll through city streets and #Move360WithW in this breezy, playful cotton attire that captures the city's energy. Shop from the link https://bit.ly/3OqcbWP, or head to your nearest W store."
WforWoman,"City hopping in style with Rishika's fashion picks. Radiate confidence as you stroll through city streets and #Move360WithW in this breezy, playful cotton attire that captures the city's energy. Shop from the link https://bit.ly/3OqcbWP, or head to your nearest W store.",Immerse yourself in the richness of tropical beauty! Get ready to witness mesmerizing coastal landscapes and #Move360WithW in trendy attires curated with breathable fabric and lively hues. Shop from the link https://bit.ly/3or4sNr or head to the nearest W store.,"Looking to get that show-stopping look? Get inspired by Bhavika she aces the makeup game with an incredible range of Beauty must-haves featuring powder matte Lipstick, a long-lasting Eye crayon, and a vita-enriched Compact from W. #WforWoman #WBeauty #Makeup #Lipsticks"
WforWoman,"Looking to get that show-stopping look? Get inspired by Bhavika she aces the makeup game with an incredible range of Beauty must-haves featuring powder matte Lipstick, a long-lasting Eye crayon, and a vita-enriched Compact from W. #WforWoman #WBeauty #Makeup #Lipsticks","Discover hidden gems in the city Aarushi way! Wander through urban attractions and #Move360WithW in our breathable and dynamic-colored outfit that embodies both comfort and flair.Shop from the link https://bit.ly/3pRwlie, or head to your nearest W store.#WforWoman","@WforWoman ese logo ki wjh se apka brand khrb hora h jo ldkio ki ijjat ni kr skte store mai, please look into this & take strict action, do it silent so that no one harm to that girl, you can see how girl is so harrasesd by Farhan Saifi in W-Store Vegas mall"
WforWoman,Immerse yourself in the richness of tropical beauty! Get ready to witness mesmerizing coastal landscapes and #Move360WithW in trendy attires curated with breathable fabric and lively hues. Shop from the link https://bit.ly/3or4sNr or head to the nearest W store.,"Get ready to bedazzle and #Move360 this summer just like Aanam with her fashion-forward look crafted by trendsetting stylist Ananya.Check out our latest collection by clicking on this link https://bit.ly/43a0iZ2, or head to the nearest W store.#WforWoman #summercollection","Discover hidden gems in the city Aarushi way! Wander through urban attractions and #Move360WithW in our breathable and dynamic-colored outfit that embodies both comfort and flair.Shop from the link https://bit.ly/3pRwlie, or head to your nearest W store.#WforWoman"
,,"Redefine island vibes, just like the stylish Sukhmani. Feel the tropical breeze and #Move360WithW on vacations in this flowy and vibrant cotton dress.Shop from the link https://bit.ly/45b6XUU or head to the nearest W store.#WforWoman #Move360 #springsummer","Get ready to bedazzle and #Move360 this summer just like Aanam with her fashion-forward look crafted by trendsetting stylist Ananya.Check out our latest collection by clicking on this link https://bit.ly/43a0iZ2, or head to the nearest W store.#WforWoman #summercollection"
WforWoman,"Get ready to bedazzle and #Move360 this summer just like Aanam with her fashion-forward look crafted by trendsetting stylist Ananya.Check out our latest collection by clicking on this link https://bit.ly/43a0iZ2, or head to the nearest W store.#WforWoman #summercollection",Replying to @WforWoman,@WforWoman my wife purchased kurti online but some issue on product size so what is the process of replacing product
AVANISH DUBEY,@WforWoman my wife purchased kurti online but some issue on product size so what is the process of replacing product,Make a shining statement wherever you go with these finely crafted jewel wear from W. #Move360WithWShop from the link https://bit.ly/3o1QeCJ or head to the nearest W store.#WforWoman #Move360 #jewelry #jewellery #jewel #accessories #NewCollection #danglers #jhumki,"Redefine island vibes, just like the stylish Sukhmani. Feel the tropical breeze and #Move360WithW on vacations in this flowy and vibrant cotton dress.Shop from the link https://bit.ly/45b6XUU or head to the nearest W store.#WforWoman #Move360 #springsummer"
WforWoman,"Redefine island vibes, just like the stylish Sukhmani. Feel the tropical breeze and #Move360WithW on vacations in this flowy and vibrant cotton dress.Shop from the link https://bit.ly/45b6XUU or head to the nearest W store.#WforWoman #Move360 #springsummer",Experience the magic of Maldives with the stunningSukhmani!Dive into the beachside bliss in our flowy yet trendy cotton piece and game up your travel OOTD.Shop from the link https://bit.ly/435qBzL or head to the nearest W store.#WforWoman #Move360 #springsummer,Replying to @WforWoman
Etienne,Replying to @WforWoman,Worst customer care experience @WforWoman. Even W is not able to provide contact details of store available at Bhopal. #databasenotupdated,Make a shining statement wherever you go with these finely crafted jewel wear from W. #Move360WithWShop from the link https://bit.ly/3o1QeCJ or head to the nearest W store.#WforWoman #Move360 #jewelry #jewellery #jewel #accessories #NewCollection #danglers #jhumki
WforWoman,Make a shining statement wherever you go with these finely crafted jewel wear from W. #Move360WithWShop from the link https://bit.ly/3o1QeCJ or head to the nearest W store.#WforWoman #Move360 #jewelry #jewellery #jewel #accessories #NewCollection #danglers #jhumki,"Create waves wherever you go. Breeze through your tropical getaways and #Move360WithW in breathable, and vibrant styles - perfect for coastal expeditions. Shop from the link https://bit.ly/42VBp3d, or head to your nearest W store.#WforWoman #Move360 #NewCollection",Experience the magic of Maldives with the stunningSukhmani!Dive into the beachside bliss in our flowy yet trendy cotton piece and game up your travel OOTD.Shop from the link https://bit.ly/435qBzL or head to the nearest W store.#WforWoman #Move360 #springsummer
WforWoman,Experience the magic of Maldives with the stunningSukhmani!Dive into the beachside bliss in our flowy yet trendy cotton piece and game up your travel OOTD.Shop from the link https://bit.ly/435qBzL or head to the nearest W store.#WforWoman #Move360 #springsummer,"Rejoice in the spirit of summer with these breezy styles and #Move360WithW. Which one is your favorite? Let us know in the comments.Shop from the link https://bit.ly/3OdpZny, or head to the nearest W store.#WforWoman #summercollection #influencerstyle",Worst customer care experience @WforWoman. Even W is not able to provide contact details of store available at Bhopal. #databasenotupdated
WforWoman,"Create waves wherever you go. Breeze through your tropical getaways and #Move360WithW in breathable, and vibrant styles - perfect for coastal expeditions. Shop from the link https://bit.ly/42VBp3d, or head to your nearest W store.#WforWoman #Move360 #NewCollection","Trends come and go, but a mother's styling expertise is eternal! Here's Akanksha enjoying being dressed up by her mom while reliving the nostalgia of her childhood. Shop from the link https://bit.ly/3O4kN54, or head to the nearest W store.","Rejoice in the spirit of summer with these breezy styles and #Move360WithW. Which one is your favorite? Let us know in the comments.Shop from the link https://bit.ly/3OdpZny, or head to the nearest W store.#WforWoman #summercollection #influencerstyle"
WforWoman,"Rejoice in the spirit of summer with these breezy styles and #Move360WithW. Which one is your favorite? Let us know in the comments.Shop from the link https://bit.ly/3OdpZny, or head to the nearest W store.#WforWoman #summercollection #influencerstyle","@WforWoman I have returned 3 items but only 2 picked up, when will be the third item picked up? Return Created2023-05-08",This is my complain no 574943 after speaking to #CustomerService @WforWoman I was promised for a call back within 24hrs it's been more than 3 days now. #customerexperience #customers #consumerprotection #fraud #falsepromises #poorservice
WforWoman,"Trends come and go, but a mother's styling expertise is eternal! Here's Akanksha enjoying being dressed up by her mom while reliving the nostalgia of her childhood. Shop from the link https://bit.ly/3O4kN54, or head to the nearest W store.",Pathetic experience and wrong selling and I suggest management to train staff properly rather giving daily false commitment @WforWoman,"@WforWoman I have returned 3 items but only 2 picked up, when will be the third item picked up? Return Created2023-05-08"
WforWoman,"Looking to get that show-stopping look? Get inspired by Bhavika she aces the makeup game with an incredible range of Beauty must-haves featuring powder matte Lipstick, a long-lasting Eye crayon, and a vita-enriched Compact from W. #WforWoman #WBeauty #Makeup #Lipsticks","@WforWoman ese logo ki wjh se apka brand khrb hora h jo ldkio ki ijjat ni kr skte store mai, please look into this & take strict action, do it silent so that no one harm to that girl, you can see how girl is so harrasesd by Farhan Saifi in W-Store Vegas mall",
WforWoman,"Looking to get that show-stopping look? Get inspired by Bhavika she aces the makeup game with an incredible range of Beauty must-haves featuring powder matte Lipstick, a long-lasting Eye crayon, and a vita-enriched Compact from W. #WforWoman #WBeauty #Makeup #Lipsticks","@WforWoman ese logo ki wjh se apka brand khrb hora h jo ldkio ki ijjat ni kr skte store mai, please look into this & take strict action, do it silent so that no one harm to that girl, you can see how girl is so harrasesd by Farhan Saifi in W-Store Vegas mall",Immerse yourself in the richness of tropical beauty! Get ready to witness mesmerizing coastal landscapes and #Move360WithW in trendy attires curated with breathable fabric and lively hues. Shop from the link https://bit.ly/3or4sNr or head to the nearest W store.
Advocate Praveen Kumar,"@WforWoman ese logo ki wjh se apka brand khrb hora h jo ldkio ki ijjat ni kr skte store mai, please look into this & take strict action, do it silent so that no one harm to that girl, you can see how girl is so harrasesd by Farhan Saifi in W-Store Vegas mall",Immerse yourself in the richness of tropical beauty! Get ready to witness mesmerizing coastal landscapes and #Move360WithW in trendy attires curated with breathable fabric and lively hues. Shop from the link https://bit.ly/3or4sNr or head to the nearest W store.,"Discover hidden gems in the city Aarushi way! Wander through urban attractions and #Move360WithW in our breathable and dynamic-colored outfit that embodies both comfort and flair.Shop from the link https://bit.ly/3pRwlie, or head to your nearest W store.#WforWoman"
WforWoman,"Discover hidden gems in the city Aarushi way! Wander through urban attractions and #Move360WithW in our breathable and dynamic-colored outfit that embodies both comfort and flair.Shop from the link https://bit.ly/3pRwlie, or head to your nearest W store.#WforWoman","Get ready to bedazzle and #Move360 this summer just like Aanam with her fashion-forward look crafted by trendsetting stylist Ananya.Check out our latest collection by clicking on this link https://bit.ly/43a0iZ2, or head to the nearest W store.#WforWoman #summercollection",@WforWoman my wife purchased kurti online but some issue on product size so what is the process of replacing product
AVANISH DUBEY,@WforWoman my wife purchased kurti online but some issue on product size so what is the process of replacing product,"Redefine island vibes, just like the stylish Sukhmani. Feel the tropical breeze and #Move360WithW on vacations in this flowy and vibrant cotton dress.Shop from the link https://bit.ly/45b6XUU or head to the nearest W store.#WforWoman #Move360 #springsummer",Replying to @WforWoman
WforWoman,"Redefine island vibes, just like the stylish Sukhmani. Feel the tropical breeze and #Move360WithW on vacations in this flowy and vibrant cotton dress.Shop from the link https://bit.ly/45b6XUU or head to the nearest W store.#WforWoman #Move360 #springsummer",Replying to @WforWoman,Make a shining statement wherever you go with these finely crafted jewel wear from W. #Move360WithWShop from the link https://bit.ly/3o1QeCJ or head to the nearest W store.#WforWoman #Move360 #jewelry #jewellery #jewel #accessories #NewCollection #danglers #jhumki
Etienne,Replying to @WforWoman,Make a shining statement wherever you go with these finely crafted jewel wear from W. #Move360WithWShop from the link https://bit.ly/3o1QeCJ or head to the nearest W store.#WforWoman #Move360 #jewelry #jewellery #jewel #accessories #NewCollection #danglers #jhumki,Experience the magic of Maldives with the stunningSukhmani!Dive into the beachside bliss in our flowy yet trendy cotton piece and game up your travel OOTD.Shop from the link https://bit.ly/435qBzL or head to the nearest W store.#WforWoman #Move360 #springsummer
WforWoman,Make a shining statement wherever you go with these finely crafted jewel wear from W. #Move360WithWShop from the link https://bit.ly/3o1QeCJ or head to the nearest W store.#WforWoman #Move360 #jewelry #jewellery #jewel #accessories #NewCollection #danglers #jhumki,Experience the magic of Maldives with the stunningSukhmani!Dive into the beachside bliss in our flowy yet trendy cotton piece and game up your travel OOTD.Shop from the link https://bit.ly/435qBzL or head to the nearest W store.#WforWoman #Move360 #springsummer,Worst customer care experience @WforWoman. Even W is not able to provide contact details of store available at Bhopal. #databasenotupdated
WforWoman,Experience the magic of Maldives with the stunningSukhmani!Dive into the beachside bliss in our flowy yet trendy cotton piece and game up your travel OOTD.Shop from the link https://bit.ly/435qBzL or head to the nearest W store.#WforWoman #Move360 #springsummer,Worst customer care experience @WforWoman. Even W is not able to provide contact details of store available at Bhopal. #databasenotupdated,"Create waves wherever you go. Breeze through your tropical getaways and #Move360WithW in breathable, and vibrant styles - perfect for coastal expeditions. Shop from the link https://bit.ly/42VBp3d, or head to your nearest W store.#WforWoman #Move360 #NewCollection"
sitesh barche,Worst customer care experience @WforWoman. Even W is not able to provide contact details of store available at Bhopal. #databasenotupdated,"Create waves wherever you go. Breeze through your tropical getaways and #Move360WithW in breathable, and vibrant styles - perfect for coastal expeditions. Shop from the link https://bit.ly/42VBp3d, or head to your nearest W store.#WforWoman #Move360 #NewCollection","Rejoice in the spirit of summer with these breezy styles and #Move360WithW. Which one is your favorite? Let us know in the comments.Shop from the link https://bit.ly/3OdpZny, or head to the nearest W store.#WforWoman #summercollection #influencerstyle"
WforWoman,"Rejoice in the spirit of summer with these breezy styles and #Move360WithW. Which one is your favorite? Let us know in the comments.Shop from the link https://bit.ly/3OdpZny, or head to the nearest W store.#WforWoman #summercollection #influencerstyle",This is my complain no 574943 after speaking to #CustomerService @WforWoman I was promised for a call back within 24hrs it's been more than 3 days now. #customerexperience #customers #consumerprotection #fraud #falsepromises #poorservice,"Trends come and go, but a mother's styling expertise is eternal! Here's Akanksha enjoying being dressed up by her mom while reliving the nostalgia of her childhood. Shop from the link https://bit.ly/3O4kN54, or head to the nearest W store."
Aditi Mittal,This is my complain no 574943 after speaking to #CustomerService @WforWoman I was promised for a call back within 24hrs it's been more than 3 days now. #customerexperience #customers #consumerprotection #fraud #falsepromises #poorservice,"Trends come and go, but a mother's styling expertise is eternal! Here's Akanksha enjoying being dressed up by her mom while reliving the nostalgia of her childhood. Shop from the link https://bit.ly/3O4kN54, or head to the nearest W store.","@WforWoman I have returned 3 items but only 2 picked up, when will be the third item picked up? Return Created2023-05-08"
ydlabs™,"@WforWoman I have returned 3 items but only 2 picked up, when will be the third item picked up? Return Created2023-05-08","@WforWoman not worth doing online shopping. Order delay, cancellation, no refund. #ScamAlert",Pathetic experience and wrong selling and I suggest management to train staff properly rather giving daily false commitment @WforWoman
,,,"Looking to get that show-stopping look? Get inspired by Bhavika she aces the makeup game with an incredible range of Beauty must-haves featuring powder matte Lipstick, a long-lasting Eye crayon, and a vita-enriched Compact from W. #WforWoman #WBeauty #Makeup #Lipsticks"
WforWoman,Immerse yourself in the richness of tropical beauty! Get ready to witness mesmerizing coastal landscapes and #Move360WithW in trendy attires curated with breathable fabric and lively hues. Shop from the link https://bit.ly/3or4sNr or head to the nearest W store.,,"Looking to get that show-stopping look? Get inspired by Bhavika she aces the makeup game with an incredible range of Beauty must-haves featuring powder matte Lipstick, a long-lasting Eye crayon, and a vita-enriched Compact from W. #WforWoman #WBeauty #Makeup #Lipsticks"
WforWoman,"Discover hidden gems in the city Aarushi way! Wander through urban attractions and #Move360WithW in our breathable and dynamic-colored outfit that embodies both comfort and flair.Shop from the link https://bit.ly/3pRwlie, or head to your nearest W store.#WforWoman",@WforWoman my wife purchased kurti online but some issue on product size so what is the process of replacing product,"@WforWoman ese logo ki wjh se apka brand khrb hora h jo ldkio ki ijjat ni kr skte store mai, please look into this & take strict action, do it silent so that no one harm to that girl, you can see how girl is so harrasesd by Farhan Saifi in W-Store Vegas mall"
Etienne,Replying to @WforWoman,Experience the magic of Maldives with the stunningSukhmani!Dive into the beachside bliss in our flowy yet trendy cotton piece and game up your travel OOTD.Shop from the link https://bit.ly/435qBzL or head to the nearest W store.#WforWoman #Move360 #springsummer,@WforWoman my wife purchased kurti online but some issue on product size so what is the process of replacing product
sitesh barche,Worst customer care experience @WforWoman. Even W is not able to provide contact details of store available at Bhopal. #databasenotupdated,"Rejoice in the spirit of summer with these breezy styles and #Move360WithW. Which one is your favorite? Let us know in the comments.Shop from the link https://bit.ly/3OdpZny, or head to the nearest W store.#WforWoman #summercollection #influencerstyle",Make a shining statement wherever you go with these finely crafted jewel wear from W. #Move360WithWShop from the link https://bit.ly/3o1QeCJ or head to the nearest W store.#WforWoman #Move360 #jewelry #jewellery #jewel #accessories #NewCollection #danglers #jhumki
WforWoman,"Trends come and go, but a mother's styling expertise is eternal! Here's Akanksha enjoying being dressed up by her mom while reliving the nostalgia of her childhood. Shop from the link https://bit.ly/3O4kN54, or head to the nearest W store.","@WforWoman not worth doing online shopping. Order delay, cancellation, no refund. #ScamAlert","Rejoice in the spirit of summer with these breezy styles and #Move360WithW. Which one is your favorite? Let us know in the comments.Shop from the link https://bit.ly/3OdpZny, or head to the nearest W store.#WforWoman #summercollection #influencerstyle"
Aditi Mittal,Pathetic experience and wrong selling and I suggest management to train staff properly rather giving daily false commitment @WforWoman,Replying to @WforWoman,"@WforWoman I have returned 3 items but only 2 picked up, when will be the third item picked up? Return Created2023-05-08"
Aditi Mittal,@WforWoman yesterday store manager told me that if I do a purchase item worth 8k i can redeem 6k voucher. Today I went to the store the same store manager expects me to make a purchase of 9k#fraud #consumerprotection #consumer #FALSE #selling,"Moms know how to style like a PRO! Watch Noopur get a stylish makeover from her mom and experience the love, warmth, and style only a mother can bring. Check out our latest collection here https://bit.ly/3nKA2pn or head to the nearest W store.#WforWoman #Move360","@WforWoman not worth doing online shopping. Order delay, cancellation, no refund. #ScamAlert"
,Replying to @WforWoman,"City hopping in style with Rishika's fashion picks. Radiate confidence as you stroll through city streets and #Move360WithW in this breezy, playful cotton attire that captures the city's energy. Shop from the link https://bit.ly/3OqcbWP, or head to your nearest W store.","Looking to get that show-stopping look? Get inspired by Bhavika she aces the makeup game with an incredible range of Beauty must-haves featuring powder matte Lipstick, a long-lasting Eye crayon, and a vita-enriched Compact from W. #WforWoman #WBeauty #Makeup #Lipsticks"
Advocate Praveen Kumar,Replying to @WforWoman,"City hopping in style with Rishika's fashion picks. Radiate confidence as you stroll through city streets and #Move360WithW in this breezy, playful cotton attire that captures the city's energy. Shop from the link https://bit.ly/3OqcbWP, or head to your nearest W store.","Looking to get that show-stopping look? Get inspired by Bhavika she aces the makeup game with an incredible range of Beauty must-haves featuring powder matte Lipstick, a long-lasting Eye crayon, and a vita-enriched Compact from W. #WforWoman #WBeauty #Makeup #Lipsticks"
WforWoman,"City hopping in style with Rishika's fashion picks. Radiate confidence as you stroll through city streets and #Move360WithW in this breezy, playful cotton attire that captures the city's energy. Shop from the link https://bit.ly/3OqcbWP, or head to your nearest W store.","Looking to get that show-stopping look? Get inspired by Bhavika she aces the makeup game with an incredible range of Beauty must-haves featuring powder matte Lipstick, a long-lasting Eye crayon, and a vita-enriched Compact from W. #WforWoman #WBeauty #Makeup #Lipsticks","@WforWoman ese logo ki wjh se apka brand khrb hora h jo ldkio ki ijjat ni kr skte store mai, please look into this & take strict action, do it silent so that no one harm to that girl, you can see how girl is so harrasesd by Farhan Saifi in W-Store Vegas mall"
WforWoman,"Looking to get that show-stopping look? Get inspired by Bhavika she aces the makeup game with an incredible range of Beauty must-haves featuring powder matte Lipstick, a long-lasting Eye crayon, and a vita-enriched Compact from W. #WforWoman #WBeauty #Makeup #Lipsticks","@WforWoman ese logo ki wjh se apka brand khrb hora h jo ldkio ki ijjat ni kr skte store mai, please look into this & take strict action, do it silent so that no one harm to that girl, you can see how girl is so harrasesd by Farhan Saifi in W-Store Vegas mall",Immerse yourself in the richness of tropical beauty! Get ready to witness mesmerizing coastal landscapes and #Move360WithW in trendy attires curated with breathable fabric and lively hues. Shop from the link https://bit.ly/3or4sNr or head to the nearest W store.
WforWoman,Immerse yourself in the richness of tropical beauty! Get ready to witness mesmerizing coastal landscapes and #Move360WithW in trendy attires curated with breathable fabric and lively hues. Shop from the link https://bit.ly/3or4sNr or head to the nearest W store.,"Discover hidden gems in the city Aarushi way! Wander through urban attractions and #Move360WithW in our breathable and dynamic-colored outfit that embodies both comfort and flair.Shop from the link https://bit.ly/3pRwlie, or head to your nearest W store.#WforWoman",
WforWoman,,"Get ready to bedazzle and #Move360 this summer just like Aanam with her fashion-forward look crafted by trendsetting stylist Ananya.Check out our latest collection by clicking on this link https://bit.ly/43a0iZ2, or head to the nearest W store.#WforWoman #summercollection",@WforWoman my wife purchased kurti online but some issue on product size so what is the process of replacing product
Etienne,"Get ready to bedazzle and #Move360 this summer just like Aanam with her fashion-forward look crafted by trendsetting stylist Ananya.Check out our latest collection by clicking on this link https://bit.ly/43a0iZ2, or head to the nearest W store.#WforWoman #summercollection",@WforWoman my wife purchased kurti online but some issue on product size so what is the process of replacing product,"Redefine island vibes, just like the stylish Sukhmani. Feel the tropical breeze and #Move360WithW on vacations in this flowy and vibrant cotton dress.Shop from the link https://bit.ly/45b6XUU or head to the nearest W store.#WforWoman #Move360 #springsummer"
WforWoman,@WforWoman my wife purchased kurti online but some issue on product size so what is the process of replacing product,"Redefine island vibes, just like the stylish Sukhmani. Feel the tropical breeze and #Move360WithW on vacations in this flowy and vibrant cotton dress.Shop from the link https://bit.ly/45b6XUU or head to the nearest W store.#WforWoman #Move360 #springsummer",Replying to @WforWoman
WforWoman,"Redefine island vibes, just like the stylish Sukhmani. Feel the tropical breeze and #Move360WithW on vacations in this flowy and vibrant cotton dress.Shop from the link https://bit.ly/45b6XUU or head to the nearest W store.#WforWoman #Move360 #springsummer",Replying to @WforWoman,Make a shining statement wherever you go with these finely crafted jewel wear from W. #Move360WithWShop from the link https://bit.ly/3o1QeCJ or head to the nearest W store.#WforWoman #Move360 #jewelry #jewellery #jewel #accessories #NewCollection #danglers #jhumki
sitesh barche,Replying to @WforWoman,Make a shining statement wherever you go with these finely crafted jewel wear from W. #Move360WithWShop from the link https://bit.ly/3o1QeCJ or head to the nearest W store.#WforWoman #Move360 #jewelry #jewellery #jewel #accessories #NewCollection #danglers #jhumki,Experience the magic of Maldives with the stunningSukhmani!Dive into the beachside bliss in our flowy yet trendy cotton piece and game up your travel OOTD.Shop from the link https://bit.ly/435qBzL or head to the nearest W store.#WforWoman #Move360 #springsummer
WforWoman,Make a shining statement wherever you go with these finely crafted jewel wear from W. #Move360WithWShop from the link https://bit.ly/3o1QeCJ or head to the nearest W store.#WforWoman #Move360 #jewelry #jewellery #jewel #accessories #NewCollection #danglers #jhumki,Experience the magic of Maldives with the stunningSukhmani!Dive into the beachside bliss in our flowy yet trendy cotton piece and game up your travel OOTD.Shop from the link https://bit.ly/435qBzL or head to the nearest W store.#WforWoman #Move360 #springsummer,Worst customer care experience @WforWoman. Even W is not able to provide contact details of store available at Bhopal. #databasenotupdated
WforWoman,Experience the magic of Maldives with the stunningSukhmani!Dive into the beachside bliss in our flowy yet trendy cotton piece and game up your travel OOTD.Shop from the link https://bit.ly/435qBzL or head to the nearest W store.#WforWoman #Move360 #springsummer,Worst customer care experience @WforWoman. Even W is not able to provide contact details of store available at Bhopal. #databasenotupdated,"Create waves wherever you go. Breeze through your tropical getaways and #Move360WithW in breathable, and vibrant styles - perfect for coastal expeditions. Shop from the link https://bit.ly/42VBp3d, or head to your nearest W store.#WforWoman #Move360 #NewCollection"
Aditi Mittal,Worst customer care experience @WforWoman. Even W is not able to provide contact details of store available at Bhopal. #databasenotupdated,"Create waves wherever you go. Breeze through your tropical getaways and #Move360WithW in breathable, and vibrant styles - perfect for coastal expeditions. Shop from the link https://bit.ly/42VBp3d, or head to your nearest W store.#WforWoman #Move360 #NewCollection","Rejoice in the spirit of summer with these breezy styles and #Move360WithW. Which one is your favorite? Let us know in the comments.Shop from the link https://bit.ly/3OdpZny, or head to the nearest W store.#WforWoman #summercollection #influencerstyle"
WforWoman,"Create waves wherever you go. Breeze through your tropical getaways and #Move360WithW in breathable, and vibrant styles - perfect for coastal expeditions. Shop from the link https://bit.ly/42VBp3d, or head to your nearest W store.#WforWoman #Move360 #NewCollection","Rejoice in the spirit of summer with these breezy styles and #Move360WithW. Which one is your favorite? Let us know in the comments.Shop from the link https://bit.ly/3OdpZny, or head to the nearest W store.#WforWoman #summercollection #influencerstyle",This is my complain no 574943 after speaking to #CustomerService @WforWoman I was promised for a call back within 24hrs it's been more than 3 days now. #customerexperience #customers #consumerprotection #fraud #falsepromises #poorservice
ydlabs™,"Rejoice in the spirit of summer with these breezy styles and #Move360WithW. Which one is your favorite? Let us know in the comments.Shop from the link https://bit.ly/3OdpZny, or head to the nearest W store.#WforWoman #summercollection #influencerstyle",This is my complain no 574943 after speaking to #CustomerService @WforWoman I was promised for a call back within 24hrs it's been more than 3 days now. #customerexperience #customers #consumerprotection #fraud #falsepromises #poorservice,"Trends come and go, but a mother's styling expertise is eternal! Here's Akanksha enjoying being dressed up by her mom while reliving the nostalgia of her childhood. Shop from the link https://bit.ly/3O4kN54, or head to the nearest W store."
sohrabz,This is my complain no 574943 after speaking to #CustomerService @WforWoman I was promised for a call back within 24hrs it's been more than 3 days now. #customerexperience #customers #consumerprotection #fraud #falsepromises #poorservice,"Trends come and go, but a mother's styling expertise is eternal! Here's Akanksha enjoying being dressed up by her mom while reliving the nostalgia of her childhood. Shop from the link https://bit.ly/3O4kN54, or head to the nearest W store.","@WforWoman I have returned 3 items but only 2 picked up, when will be the third item picked up? Return Created2023-05-08"
Aditi Mittal,"Trends come and go, but a mother's styling expertise is eternal! Here's Akanksha enjoying being dressed up by her mom while reliving the nostalgia of her childhood. Shop from the link https://bit.ly/3O4kN54, or head to the nearest W store.","@WforWoman I have returned 3 items but only 2 picked up, when will be the third item picked up? Return Created2023-05-08","@WforWoman not worth doing online shopping. Order delay, cancellation, no refund. #ScamAlert"