Fashionista Stories,"#CateBlanchett in #LouisVuitton & #KirstenDunst in #vintage #Chanel from #ShrimptonCouture at the #KillersOfTheFlowerMoon 76th #CannesFilmFestival #premiere. More coming on the blog, link in bio. #tapforcredits #Cannes #FilmFestival #TheFashionistaStories",Chanel CC Spinner Pearl & Crystals Necklacehttp://onlyauthentics.com/products/chanel-cc-spinner-pearl-crystals-necklace…...#onlyauthentics #hermes #birkin #hermesbirkin #hermeskelly #chanel #kelly #gucci #hermesbag #louisvuitton #hermeslover #dior #fashion #herm #prada #luxury #hermesaddict #hermesconstance #fendi,
,,New art piece on our wall#mspacman #CHANEL,Dior or Chanel: Who Wins the Battle of Style and Elegance? #dior #chanel #designerwear
Idessous,New art piece on our wall#mspacman #CHANEL,,
Idessous,New art piece on our wall#mspacman #CHANEL,Spray can8 – Original variation painting on canvas4 sale athttp://dr8love.com.#katemoss #artdealer #artdaily #interiordesign #artlover #hermes #popart #popartist #dr8love #originalart #painter #luxury #marilynmonroe #artbasel #chanel #decor #homedecor #paris #streetart,
Dr8 Love,Dior or Chanel: Who Wins the Battle of Style and Elegance? #dior #chanel #designerwear,Chanel Gold Rope Link Chain with Pearl Togglehttp://onlyauthentics.com/products/chanel-24kt-gold-rope-link-chain-w-pearl-on-clasp…...#onlyauthentics #hermes #birkin #hermesbirkin #hermeskelly #chanel #kelly #gucci #hermesbag #louisvuitton #hermeslover #dior #fashion #herm #prada #luxury #hermesaddict #hermesconstance #fendi,
@onlyauthentics,Spray can8 – Original variation painting on canvas4 sale athttp://dr8love.com.#katemoss #artdealer #artdaily #interiordesign #artlover #hermes #popart #popartist #dr8love #originalart #painter #luxury #marilynmonroe #artbasel #chanel #decor #homedecor #paris #streetart,Your Saturday plans should include a trip to Couture! Stop by today from 10am - 6pm.. #loewe #lowewbag #designerbag #chanel #louisvuitton #gucci #coutureusa #fashion #luxurylifestyle #smallbusiness #styleinspo #Tampa,
coutureusa,Chanel Gold Rope Link Chain with Pearl Togglehttp://onlyauthentics.com/products/chanel-24kt-gold-rope-link-chain-w-pearl-on-clasp…...#onlyauthentics #hermes #birkin #hermesbirkin #hermeskelly #chanel #kelly #gucci #hermesbag #louisvuitton #hermeslover #dior #fashion #herm #prada #luxury #hermesaddict #hermesconstance #fendi,LOOKING FOR A SPECIFIC HANDBAG? CONTACT US AT: (212) 477-0116...#onlyauthentics #hermes #birkin #hermesbirkin #hermeskelly #chanel #kelly #gucci #hermesbag #louisvuitton #hermeslover #dior #fashion #herm #prada #luxury #hermesaddict #hermesconstance #fendi,
@onlyauthentics,Your Saturday plans should include a trip to Couture! Stop by today from 10am - 6pm.. #loewe #lowewbag #designerbag #chanel #louisvuitton #gucci #coutureusa #fashion #luxurylifestyle #smallbusiness #styleinspo #Tampa,Replying to @ainyrockstar,
E,LOOKING FOR A SPECIFIC HANDBAG? CONTACT US AT: (212) 477-0116...#onlyauthentics #hermes #birkin #hermesbirkin #hermeskelly #chanel #kelly #gucci #hermesbag #louisvuitton #hermeslover #dior #fashion #herm #prada #luxury #hermesaddict #hermesconstance #fendi,,
Idessous,Dior or Chanel: Who Wins the Battle of Style and Elegance? #dior #chanel #designerwear,,Dior or Chanel: Who Wins the Battle of Style and Elegance? #dior #chanel #designerwear
Idessous,Dior or Chanel: Who Wins the Battle of Style and Elegance? #dior #chanel #designerwear,Spray can8 – Original variation painting on canvas4 sale athttp://dr8love.com.#katemoss #artdealer #artdaily #interiordesign #artlover #hermes #popart #popartist #dr8love #originalart #painter #luxury #marilynmonroe #artbasel #chanel #decor #homedecor #paris #streetart,Dior or Chanel: Who Wins the Battle of Style and Elegance? #dior #chanel #designerwear
Dr8 Love,Spray can8 – Original variation painting on canvas4 sale athttp://dr8love.com.#katemoss #artdealer #artdaily #interiordesign #artlover #hermes #popart #popartist #dr8love #originalart #painter #luxury #marilynmonroe #artbasel #chanel #decor #homedecor #paris #streetart,Chanel Gold Rope Link Chain with Pearl Togglehttp://onlyauthentics.com/products/chanel-24kt-gold-rope-link-chain-w-pearl-on-clasp…...#onlyauthentics #hermes #birkin #hermesbirkin #hermeskelly #chanel #kelly #gucci #hermesbag #louisvuitton #hermeslover #dior #fashion #herm #prada #luxury #hermesaddict #hermesconstance #fendi,Spray can8 – Original variation painting on canvas4 sale athttp://dr8love.com.#katemoss #artdealer #artdaily #interiordesign #artlover #hermes #popart #popartist #dr8love #originalart #painter #luxury #marilynmonroe #artbasel #chanel #decor #homedecor #paris #streetart
@onlyauthentics,Chanel Gold Rope Link Chain with Pearl Togglehttp://onlyauthentics.com/products/chanel-24kt-gold-rope-link-chain-w-pearl-on-clasp…...#onlyauthentics #hermes #birkin #hermesbirkin #hermeskelly #chanel #kelly #gucci #hermesbag #louisvuitton #hermeslover #dior #fashion #herm #prada #luxury #hermesaddict #hermesconstance #fendi,Your Saturday plans should include a trip to Couture! Stop by today from 10am - 6pm.. #loewe #lowewbag #designerbag #chanel #louisvuitton #gucci #coutureusa #fashion #luxurylifestyle #smallbusiness #styleinspo #Tampa,Chanel Gold Rope Link Chain with Pearl Togglehttp://onlyauthentics.com/products/chanel-24kt-gold-rope-link-chain-w-pearl-on-clasp…...#onlyauthentics #hermes #birkin #hermesbirkin #hermeskelly #chanel #kelly #gucci #hermesbag #louisvuitton #hermeslover #dior #fashion #herm #prada #luxury #hermesaddict #hermesconstance #fendi
coutureusa,Your Saturday plans should include a trip to Couture! Stop by today from 10am - 6pm.. #loewe #lowewbag #designerbag #chanel #louisvuitton #gucci #coutureusa #fashion #luxurylifestyle #smallbusiness #styleinspo #Tampa,LOOKING FOR A SPECIFIC HANDBAG? CONTACT US AT: (212) 477-0116...#onlyauthentics #hermes #birkin #hermesbirkin #hermeskelly #chanel #kelly #gucci #hermesbag #louisvuitton #hermeslover #dior #fashion #herm #prada #luxury #hermesaddict #hermesconstance #fendi,Your Saturday plans should include a trip to Couture! Stop by today from 10am - 6pm.. #loewe #lowewbag #designerbag #chanel #louisvuitton #gucci #coutureusa #fashion #luxurylifestyle #smallbusiness #styleinspo #Tampa
@onlyauthentics,LOOKING FOR A SPECIFIC HANDBAG? CONTACT US AT: (212) 477-0116...#onlyauthentics #hermes #birkin #hermesbirkin #hermeskelly #chanel #kelly #gucci #hermesbag #louisvuitton #hermeslover #dior #fashion #herm #prada #luxury #hermesaddict #hermesconstance #fendi,Replying to @ainyrockstar,LOOKING FOR A SPECIFIC HANDBAG? CONTACT US AT: (212) 477-0116...#onlyauthentics #hermes #birkin #hermesbirkin #hermeskelly #chanel #kelly #gucci #hermesbag #louisvuitton #hermeslover #dior #fashion #herm #prada #luxury #hermesaddict #hermesconstance #fendi
E,Replying to @ainyrockstar,,Replying to @ainyrockstar
Dr8 Love,Dior or Chanel: Who Wins the Battle of Style and Elegance? #dior #chanel #designerwear,,
OC Gaymer,New art piece on our wall#mspacman #CHANEL,Dior or Chanel: Who Wins the Battle of Style and Elegance? #dior #chanel #designerwear,
OC Gaymer,New art piece on our wall#mspacman #CHANEL,Dior or Chanel: Who Wins the Battle of Style and Elegance? #dior #chanel #designerwear,Spray can8 – Original variation painting on canvas4 sale athttp://dr8love.com.#katemoss #artdealer #artdaily #interiordesign #artlover #hermes #popart #popartist #dr8love #originalart #painter #luxury #marilynmonroe #artbasel #chanel #decor #homedecor #paris #streetart
Idessous,Dior or Chanel: Who Wins the Battle of Style and Elegance? #dior #chanel #designerwear,Spray can8 – Original variation painting on canvas4 sale athttp://dr8love.com.#katemoss #artdealer #artdaily #interiordesign #artlover #hermes #popart #popartist #dr8love #originalart #painter #luxury #marilynmonroe #artbasel #chanel #decor #homedecor #paris #streetart,Chanel Gold Rope Link Chain with Pearl Togglehttp://onlyauthentics.com/products/chanel-24kt-gold-rope-link-chain-w-pearl-on-clasp…...#onlyauthentics #hermes #birkin #hermesbirkin #hermeskelly #chanel #kelly #gucci #hermesbag #louisvuitton #hermeslover #dior #fashion #herm #prada #luxury #hermesaddict #hermesconstance #fendi
Dr8 Love,Spray can8 – Original variation painting on canvas4 sale athttp://dr8love.com.#katemoss #artdealer #artdaily #interiordesign #artlover #hermes #popart #popartist #dr8love #originalart #painter #luxury #marilynmonroe #artbasel #chanel #decor #homedecor #paris #streetart,Chanel Gold Rope Link Chain with Pearl Togglehttp://onlyauthentics.com/products/chanel-24kt-gold-rope-link-chain-w-pearl-on-clasp…...#onlyauthentics #hermes #birkin #hermesbirkin #hermeskelly #chanel #kelly #gucci #hermesbag #louisvuitton #hermeslover #dior #fashion #herm #prada #luxury #hermesaddict #hermesconstance #fendi,Your Saturday plans should include a trip to Couture! Stop by today from 10am - 6pm.. #loewe #lowewbag #designerbag #chanel #louisvuitton #gucci #coutureusa #fashion #luxurylifestyle #smallbusiness #styleinspo #Tampa
@onlyauthentics,Chanel Gold Rope Link Chain with Pearl Togglehttp://onlyauthentics.com/products/chanel-24kt-gold-rope-link-chain-w-pearl-on-clasp…...#onlyauthentics #hermes #birkin #hermesbirkin #hermeskelly #chanel #kelly #gucci #hermesbag #louisvuitton #hermeslover #dior #fashion #herm #prada #luxury #hermesaddict #hermesconstance #fendi,Your Saturday plans should include a trip to Couture! Stop by today from 10am - 6pm.. #loewe #lowewbag #designerbag #chanel #louisvuitton #gucci #coutureusa #fashion #luxurylifestyle #smallbusiness #styleinspo #Tampa,LOOKING FOR A SPECIFIC HANDBAG? CONTACT US AT: (212) 477-0116...#onlyauthentics #hermes #birkin #hermesbirkin #hermeskelly #chanel #kelly #gucci #hermesbag #louisvuitton #hermeslover #dior #fashion #herm #prada #luxury #hermesaddict #hermesconstance #fendi
coutureusa,Your Saturday plans should include a trip to Couture! Stop by today from 10am - 6pm.. #loewe #lowewbag #designerbag #chanel #louisvuitton #gucci #coutureusa #fashion #luxurylifestyle #smallbusiness #styleinspo #Tampa,LOOKING FOR A SPECIFIC HANDBAG? CONTACT US AT: (212) 477-0116...#onlyauthentics #hermes #birkin #hermesbirkin #hermeskelly #chanel #kelly #gucci #hermesbag #louisvuitton #hermeslover #dior #fashion #herm #prada #luxury #hermesaddict #hermesconstance #fendi,Replying to @ainyrockstar
@onlyauthentics,LOOKING FOR A SPECIFIC HANDBAG? CONTACT US AT: (212) 477-0116...#onlyauthentics #hermes #birkin #hermesbirkin #hermeskelly #chanel #kelly #gucci #hermesbag #louisvuitton #hermeslover #dior #fashion #herm #prada #luxury #hermesaddict #hermesconstance #fendi,Replying to @ainyrockstar,
,New art piece on our wall#mspacman #CHANEL,Dior or Chanel: Who Wins the Battle of Style and Elegance? #dior #chanel #designerwear,
,New art piece on our wall#mspacman #CHANEL,Dior or Chanel: Who Wins the Battle of Style and Elegance? #dior #chanel #designerwear,Spray can8 – Original variation painting on canvas4 sale athttp://dr8love.com.#katemoss #artdealer #artdaily #interiordesign #artlover #hermes #popart #popartist #dr8love #originalart #painter #luxury #marilynmonroe #artbasel #chanel #decor #homedecor #paris #streetart
OC Gaymer,Dior or Chanel: Who Wins the Battle of Style and Elegance? #dior #chanel #designerwear,Spray can8 – Original variation painting on canvas4 sale athttp://dr8love.com.#katemoss #artdealer #artdaily #interiordesign #artlover #hermes #popart #popartist #dr8love #originalart #painter #luxury #marilynmonroe #artbasel #chanel #decor #homedecor #paris #streetart,Chanel Gold Rope Link Chain with Pearl Togglehttp://onlyauthentics.com/products/chanel-24kt-gold-rope-link-chain-w-pearl-on-clasp…...#onlyauthentics #hermes #birkin #hermesbirkin #hermeskelly #chanel #kelly #gucci #hermesbag #louisvuitton #hermeslover #dior #fashion #herm #prada #luxury #hermesaddict #hermesconstance #fendi
Idessous,Spray can8 – Original variation painting on canvas4 sale athttp://dr8love.com.#katemoss #artdealer #artdaily #interiordesign #artlover #hermes #popart #popartist #dr8love #originalart #painter #luxury #marilynmonroe #artbasel #chanel #decor #homedecor #paris #streetart,Chanel Gold Rope Link Chain with Pearl Togglehttp://onlyauthentics.com/products/chanel-24kt-gold-rope-link-chain-w-pearl-on-clasp…...#onlyauthentics #hermes #birkin #hermesbirkin #hermeskelly #chanel #kelly #gucci #hermesbag #louisvuitton #hermeslover #dior #fashion #herm #prada #luxury #hermesaddict #hermesconstance #fendi,Your Saturday plans should include a trip to Couture! Stop by today from 10am - 6pm.. #loewe #lowewbag #designerbag #chanel #louisvuitton #gucci #coutureusa #fashion #luxurylifestyle #smallbusiness #styleinspo #Tampa
Dr8 Love,Chanel Gold Rope Link Chain with Pearl Togglehttp://onlyauthentics.com/products/chanel-24kt-gold-rope-link-chain-w-pearl-on-clasp…...#onlyauthentics #hermes #birkin #hermesbirkin #hermeskelly #chanel #kelly #gucci #hermesbag #louisvuitton #hermeslover #dior #fashion #herm #prada #luxury #hermesaddict #hermesconstance #fendi,Your Saturday plans should include a trip to Couture! Stop by today from 10am - 6pm.. #loewe #lowewbag #designerbag #chanel #louisvuitton #gucci #coutureusa #fashion #luxurylifestyle #smallbusiness #styleinspo #Tampa,LOOKING FOR A SPECIFIC HANDBAG? CONTACT US AT: (212) 477-0116...#onlyauthentics #hermes #birkin #hermesbirkin #hermeskelly #chanel #kelly #gucci #hermesbag #louisvuitton #hermeslover #dior #fashion #herm #prada #luxury #hermesaddict #hermesconstance #fendi
@onlyauthentics,Your Saturday plans should include a trip to Couture! Stop by today from 10am - 6pm.. #loewe #lowewbag #designerbag #chanel #louisvuitton #gucci #coutureusa #fashion #luxurylifestyle #smallbusiness #styleinspo #Tampa,LOOKING FOR A SPECIFIC HANDBAG? CONTACT US AT: (212) 477-0116...#onlyauthentics #hermes #birkin #hermesbirkin #hermeskelly #chanel #kelly #gucci #hermesbag #louisvuitton #hermeslover #dior #fashion #herm #prada #luxury #hermesaddict #hermesconstance #fendi,Replying to @ainyrockstar
coutureusa,LOOKING FOR A SPECIFIC HANDBAG? CONTACT US AT: (212) 477-0116...#onlyauthentics #hermes #birkin #hermesbirkin #hermeskelly #chanel #kelly #gucci #hermesbag #louisvuitton #hermeslover #dior #fashion #herm #prada #luxury #hermesaddict #hermesconstance #fendi,Replying to @ainyrockstar,
,New art piece on our wall#mspacman #CHANEL,Dior or Chanel: Who Wins the Battle of Style and Elegance? #dior #chanel #designerwear,Spray can8 – Original variation painting on canvas4 sale athttp://dr8love.com.#katemoss #artdealer #artdaily #interiordesign #artlover #hermes #popart #popartist #dr8love #originalart #painter #luxury #marilynmonroe #artbasel #chanel #decor #homedecor #paris #streetart
OC Gaymer,Dior or Chanel: Who Wins the Battle of Style and Elegance? #dior #chanel #designerwear,Spray can8 – Original variation painting on canvas4 sale athttp://dr8love.com.#katemoss #artdealer #artdaily #interiordesign #artlover #hermes #popart #popartist #dr8love #originalart #painter #luxury #marilynmonroe #artbasel #chanel #decor #homedecor #paris #streetart,Chanel Gold Rope Link Chain with Pearl Togglehttp://onlyauthentics.com/products/chanel-24kt-gold-rope-link-chain-w-pearl-on-clasp…...#onlyauthentics #hermes #birkin #hermesbirkin #hermeskelly #chanel #kelly #gucci #hermesbag #louisvuitton #hermeslover #dior #fashion #herm #prada #luxury #hermesaddict #hermesconstance #fendi
Idessous,Spray can8 – Original variation painting on canvas4 sale athttp://dr8love.com.#katemoss #artdealer #artdaily #interiordesign #artlover #hermes #popart #popartist #dr8love #originalart #painter #luxury #marilynmonroe #artbasel #chanel #decor #homedecor #paris #streetart,Chanel Gold Rope Link Chain with Pearl Togglehttp://onlyauthentics.com/products/chanel-24kt-gold-rope-link-chain-w-pearl-on-clasp…...#onlyauthentics #hermes #birkin #hermesbirkin #hermeskelly #chanel #kelly #gucci #hermesbag #louisvuitton #hermeslover #dior #fashion #herm #prada #luxury #hermesaddict #hermesconstance #fendi,Your Saturday plans should include a trip to Couture! Stop by today from 10am - 6pm.. #loewe #lowewbag #designerbag #chanel #louisvuitton #gucci #coutureusa #fashion #luxurylifestyle #smallbusiness #styleinspo #Tampa
Dr8 Love,Chanel Gold Rope Link Chain with Pearl Togglehttp://onlyauthentics.com/products/chanel-24kt-gold-rope-link-chain-w-pearl-on-clasp…...#onlyauthentics #hermes #birkin #hermesbirkin #hermeskelly #chanel #kelly #gucci #hermesbag #louisvuitton #hermeslover #dior #fashion #herm #prada #luxury #hermesaddict #hermesconstance #fendi,Your Saturday plans should include a trip to Couture! Stop by today from 10am - 6pm.. #loewe #lowewbag #designerbag #chanel #louisvuitton #gucci #coutureusa #fashion #luxurylifestyle #smallbusiness #styleinspo #Tampa,LOOKING FOR A SPECIFIC HANDBAG? CONTACT US AT: (212) 477-0116...#onlyauthentics #hermes #birkin #hermesbirkin #hermeskelly #chanel #kelly #gucci #hermesbag #louisvuitton #hermeslover #dior #fashion #herm #prada #luxury #hermesaddict #hermesconstance #fendi
@onlyauthentics,Your Saturday plans should include a trip to Couture! Stop by today from 10am - 6pm.. #loewe #lowewbag #designerbag #chanel #louisvuitton #gucci #coutureusa #fashion #luxurylifestyle #smallbusiness #styleinspo #Tampa,LOOKING FOR A SPECIFIC HANDBAG? CONTACT US AT: (212) 477-0116...#onlyauthentics #hermes #birkin #hermesbirkin #hermeskelly #chanel #kelly #gucci #hermesbag #louisvuitton #hermeslover #dior #fashion #herm #prada #luxury #hermesaddict #hermesconstance #fendi,Replying to @ainyrockstar
coutureusa,LOOKING FOR A SPECIFIC HANDBAG? CONTACT US AT: (212) 477-0116...#onlyauthentics #hermes #birkin #hermesbirkin #hermeskelly #chanel #kelly #gucci #hermesbag #louisvuitton #hermeslover #dior #fashion #herm #prada #luxury #hermesaddict #hermesconstance #fendi,Replying to @ainyrockstar,
,New art piece on our wall#mspacman #CHANEL,Dior or Chanel: Who Wins the Battle of Style and Elegance? #dior #chanel #designerwear,
,New art piece on our wall#mspacman #CHANEL,Dior or Chanel: Who Wins the Battle of Style and Elegance? #dior #chanel #designerwear,Spray can8 – Original variation painting on canvas4 sale athttp://dr8love.com.#katemoss #artdealer #artdaily #interiordesign #artlover #hermes #popart #popartist #dr8love #originalart #painter #luxury #marilynmonroe #artbasel #chanel #decor #homedecor #paris #streetart
,Dior or Chanel: Who Wins the Battle of Style and Elegance? #dior #chanel #designerwear,Spray can8 – Original variation painting on canvas4 sale athttp://dr8love.com.#katemoss #artdealer #artdaily #interiordesign #artlover #hermes #popart #popartist #dr8love #originalart #painter #luxury #marilynmonroe #artbasel #chanel #decor #homedecor #paris #streetart,Chanel Gold Rope Link Chain with Pearl Togglehttp://onlyauthentics.com/products/chanel-24kt-gold-rope-link-chain-w-pearl-on-clasp…...#onlyauthentics #hermes #birkin #hermesbirkin #hermeskelly #chanel #kelly #gucci #hermesbag #louisvuitton #hermeslover #dior #fashion #herm #prada #luxury #hermesaddict #hermesconstance #fendi
,Spray can8 – Original variation painting on canvas4 sale athttp://dr8love.com.#katemoss #artdealer #artdaily #interiordesign #artlover #hermes #popart #popartist #dr8love #originalart #painter #luxury #marilynmonroe #artbasel #chanel #decor #homedecor #paris #streetart,Chanel Gold Rope Link Chain with Pearl Togglehttp://onlyauthentics.com/products/chanel-24kt-gold-rope-link-chain-w-pearl-on-clasp…...#onlyauthentics #hermes #birkin #hermesbirkin #hermeskelly #chanel #kelly #gucci #hermesbag #louisvuitton #hermeslover #dior #fashion #herm #prada #luxury #hermesaddict #hermesconstance #fendi,Your Saturday plans should include a trip to Couture! Stop by today from 10am - 6pm.. #loewe #lowewbag #designerbag #chanel #louisvuitton #gucci #coutureusa #fashion #luxurylifestyle #smallbusiness #styleinspo #Tampa
,Chanel Gold Rope Link Chain with Pearl Togglehttp://onlyauthentics.com/products/chanel-24kt-gold-rope-link-chain-w-pearl-on-clasp…...#onlyauthentics #hermes #birkin #hermesbirkin #hermeskelly #chanel #kelly #gucci #hermesbag #louisvuitton #hermeslover #dior #fashion #herm #prada #luxury #hermesaddict #hermesconstance #fendi,Your Saturday plans should include a trip to Couture! Stop by today from 10am - 6pm.. #loewe #lowewbag #designerbag #chanel #louisvuitton #gucci #coutureusa #fashion #luxurylifestyle #smallbusiness #styleinspo #Tampa,LOOKING FOR A SPECIFIC HANDBAG? CONTACT US AT: (212) 477-0116...#onlyauthentics #hermes #birkin #hermesbirkin #hermeskelly #chanel #kelly #gucci #hermesbag #louisvuitton #hermeslover #dior #fashion #herm #prada #luxury #hermesaddict #hermesconstance #fendi
,Your Saturday plans should include a trip to Couture! Stop by today from 10am - 6pm.. #loewe #lowewbag #designerbag #chanel #louisvuitton #gucci #coutureusa #fashion #luxurylifestyle #smallbusiness #styleinspo #Tampa,LOOKING FOR A SPECIFIC HANDBAG? CONTACT US AT: (212) 477-0116...#onlyauthentics #hermes #birkin #hermesbirkin #hermeskelly #chanel #kelly #gucci #hermesbag #louisvuitton #hermeslover #dior #fashion #herm #prada #luxury #hermesaddict #hermesconstance #fendi,Replying to @ainyrockstar
,LOOKING FOR A SPECIFIC HANDBAG? CONTACT US AT: (212) 477-0116...#onlyauthentics #hermes #birkin #hermesbirkin #hermeskelly #chanel #kelly #gucci #hermesbag #louisvuitton #hermeslover #dior #fashion #herm #prada #luxury #hermesaddict #hermesconstance #fendi,Replying to @ainyrockstar,
Idessous,New art piece on our wall#mspacman #CHANEL,,
Idessous,New art piece on our wall#mspacman #CHANEL,Spray can8 – Original variation painting on canvas4 sale athttp://dr8love.com.#katemoss #artdealer #artdaily #interiordesign #artlover #hermes #popart #popartist #dr8love #originalart #painter #luxury #marilynmonroe #artbasel #chanel #decor #homedecor #paris #streetart,Chanel Gold Rope Link Chain with Pearl Togglehttp://onlyauthentics.com/products/chanel-24kt-gold-rope-link-chain-w-pearl-on-clasp…...#onlyauthentics #hermes #birkin #hermesbirkin #hermeskelly #chanel #kelly #gucci #hermesbag #louisvuitton #hermeslover #dior #fashion #herm #prada #luxury #hermesaddict #hermesconstance #fendi
@onlyauthentics,Spray can8 – Original variation painting on canvas4 sale athttp://dr8love.com.#katemoss #artdealer #artdaily #interiordesign #artlover #hermes #popart #popartist #dr8love #originalart #painter #luxury #marilynmonroe #artbasel #chanel #decor #homedecor #paris #streetart,Your Saturday plans should include a trip to Couture! Stop by today from 10am - 6pm.. #loewe #lowewbag #designerbag #chanel #louisvuitton #gucci #coutureusa #fashion #luxurylifestyle #smallbusiness #styleinspo #Tampa,LOOKING FOR A SPECIFIC HANDBAG? CONTACT US AT: (212) 477-0116...#onlyauthentics #hermes #birkin #hermesbirkin #hermeskelly #chanel #kelly #gucci #hermesbag #louisvuitton #hermeslover #dior #fashion #herm #prada #luxury #hermesaddict #hermesconstance #fendi
@onlyauthentics,Your Saturday plans should include a trip to Couture! Stop by today from 10am - 6pm.. #loewe #lowewbag #designerbag #chanel #louisvuitton #gucci #coutureusa #fashion #luxurylifestyle #smallbusiness #styleinspo #Tampa,Replying to @ainyrockstar,Chanel Triple Strand Gold Beaded Bracelet with CChttp://onlyauthentics.com/products/chanel-3-strand-24kt-gold-plated-beaded-bracelet-w-cc…...#onlyauthentics #hermes #birkin #hermesbirkin #hermeskelly #chanel #kelly #gucci #hermesbag #louisvuitton #hermeslover #dior #fashion #herm #prada #luxury #hermesaddict #hermesconstance #fendi
@onlyauthentics,Replying to @ainyrockstar,"A beautiful collection of long fitted coats, 70’s collars, platform shoes, fitted flared pants and oversized sweatshirts. ...#onlyauthentics #hermes #birkin #hermesbirkin #hermeskelly #chanel #kelly #gucci #hermesbag #louisvuitton #hermeslover #dior #fashion #herm #prada...",#LahsanaLynch wearing #Chanel for an editorial for Matilda promo
@onlyauthentics,Chanel Triple Strand Gold Beaded Bracelet with CChttp://onlyauthentics.com/products/chanel-3-strand-24kt-gold-plated-beaded-bracelet-w-cc…...#onlyauthentics #hermes #birkin #hermesbirkin #hermeskelly #chanel #kelly #gucci #hermesbag #louisvuitton #hermeslover #dior #fashion #herm #prada #luxury #hermesaddict #hermesconstance #fendi,#LahsanaLynch wearing #Chanel for an editorial for Matilda promo,"76th #CannesFilmFestival #Chopard Trophy:1. #BrieLarson in #Chanel Spring 2023 #Couture.2. #PaulDano in #BottegaVeneta.3. #StormReid in #Prada.4. #StacyMartin in #LouisVuitton. More coming on the blog, link in #bio. #TheFashionistaStories"
Fashionista Stories,#LahsanaLynch wearing #Chanel for an editorial for Matilda promo,,High quality shoes#bag#luxury #Chanel #sneaker #Gucci #DIOR #offwhite #shopping #shoes
Shoes nike yeezy,,High quality shoes#bag#luxury #Chanel #sneaker #Gucci #DIOR #offwhite #shopping #shoes,High quality shoes#bag#luxury #Chanel #sneaker #Gucci #DIOR #offwhite #shopping #shoes
Shoes nike yeezy,High quality shoes#bag#luxury #Chanel #sneaker #Gucci #DIOR #offwhite #shopping #shoes,High quality shoes#bag#luxury #Chanel #sneaker #Gucci #DIOR #offwhite #shopping #shoes,Gd has one#GD #GDRAGON #권지용 #지드래곤 @IBGDRGN #BIGBANG #CHANEL #peaceminusone
GD8,High quality shoes#bag#luxury #Chanel #sneaker #Gucci #DIOR #offwhite #shopping #shoes,Chanel Vintage Red Gripoix Bead and Pearl Pinhttp://onlyauthentics.com/products/chanel-red-gripoix-beaded-pin-w-pearl-center-gold-hardware…...#onlyauthentics #hermes #birkin #hermesbirkin #hermeskelly #chanel #kelly #gucci #hermesbag #louisvuitton #hermeslover #dior #fashion #herm #prada #luxury #hermesaddict #hermesconstance #fendi,Unique 3D SculptureSize: 37.5 x 48 x 3 in..4 sale athttp://Gardani-popart.com⁠.#miamiartbasel #artcollector #luxuryhomes #artgallery #popart #popartist #gardaniart #artdealers #interiordesign #artlovers #chanel #singulart #3dsculpture #wallsculpture #heart #love #artlover
Gardani Fine Artist,Chanel Vintage Red Gripoix Bead and Pearl Pinhttp://onlyauthentics.com/products/chanel-red-gripoix-beaded-pin-w-pearl-center-gold-hardware…...#onlyauthentics #hermes #birkin #hermesbirkin #hermeskelly #chanel #kelly #gucci #hermesbag #louisvuitton #hermeslover #dior #fashion #herm #prada #luxury #hermesaddict #hermesconstance #fendi,Original Painting Collage on Paper22x28 in.⁠ .⁠ 4 sale at⁠http://dr8love.com⁠ .⁠ #artdealer #artdaily #interiordesign #cartoons #artlover #popart #popartist #dr8love #originalart #celebrities #saatchiart #luxury #artbaselmiami #miami #nyc #streetart #chanel,"The latest #Chanel heel collection has arrived, boasting stunning designs that are both elegant and sophisticated. Shop Chanel on LAB via our personal shoppers: https://luxafrique.boutique/collections/chanel…#LuxAfriqueBoutique #chanellover #fashion #fashiongram #chanelshoes Content © Chanel"
Lux Afrique Boutique,Original Painting Collage on Paper22x28 in.⁠ .⁠ 4 sale at⁠http://dr8love.com⁠ .⁠ #artdealer #artdaily #interiordesign #cartoons #artlover #popart #popartist #dr8love #originalart #celebrities #saatchiart #luxury #artbaselmiami #miami #nyc #streetart #chanel,With over 35 years of experience in the industry the Company began to collect and hold exclusive pieces that were seen as collectibles as much as consumer goods....#onlyauthentics #hermes #birkin #hermesbirkin #hermeskelly #chanel #kelly #gucci #hermesbag #louisvuitton #h ...,
@onlyauthentics,"The latest #Chanel heel collection has arrived, boasting stunning designs that are both elegant and sophisticated. Shop Chanel on LAB via our personal shoppers: https://luxafrique.boutique/collections/chanel…#LuxAfriqueBoutique #chanellover #fashion #fashiongram #chanelshoes Content © Chanel",,"#Chanel celebrated its 30,000-square-foot Rodeo Drive store and hosted its cruise collection in Hollywood with stars like #MargotRobbie in attendance. https://trib.al/Xew7WrJ"
Vogue Business,,CHANELS/S2019Color Switching Padding BagProduct code: K-118431https://playful-dc.com/en/products/details122592.html…——#chanel#chanelbag#chanelclassic#chanelbags#chanelcollection#シャネル,New novel by Chanel Cleeton takes readers back to historic sea disaster #Chanel | #Cleeton | #Readers | #Historic
Jason Leo,CHANELS/S2019Color Switching Padding BagProduct code: K-118431https://playful-dc.com/en/products/details122592.html…——#chanel#chanelbag#chanelclassic#chanelbags#chanelcollection#シャネル,Yes kick the other one#GD #GDRAGON #권지용 #지드래곤 @IBGDRGN #BIGBANG #CHANEL #peaceminusone,He definitely know the parties#GD #GDRAGON #권지용 #지드래곤 @IBGDRGN #BIGBANG #CHANEL #peaceminusone
GD8,Yes kick the other one#GD #GDRAGON #권지용 #지드래곤 @IBGDRGN #BIGBANG #CHANEL #peaceminusone,My baby#GD #GDRAGON #권지용 #지드래곤 @IBGDRGN #BIGBANG #CHANEL #peaceminusone,Of course #GD #GDRAGON #권지용 #지드래곤 @IBGDRGN #BIGBANG #CHANEL #peaceminusone
GD8,He definitely know the parties#GD #GDRAGON #권지용 #지드래곤 @IBGDRGN #BIGBANG #CHANEL #peaceminusone,Of course #GD #GDRAGON #권지용 #지드래곤 @IBGDRGN #BIGBANG #CHANEL #peaceminusone,CHANELhttps://amzn.to/3cgNtVv#chanel#fashion#beauty#cosme#happy#beautiful#pickup#france
,Of course #GD #GDRAGON #권지용 #지드래곤 @IBGDRGN #BIGBANG #CHANEL #peaceminusone,Fresh facing with #Chanel HUNGER Issue 28: The Rankin Collector’s Issue is available to pre-order now. ⁠https://hungertvshop.com/products/gemma-francis-burnett-wears-chanel-beauty-and-fashion…,Shop Hermes - Shop Only Authenticshttp://OnlyAuthentics.com...#onlyauthentics #hermes #birkin #hermesbirkin #hermeskelly #chanel #kelly #gucci #hermesbag #louisvuitton #hermeslover #dior #fashion #herm #prada #luxury #hermesaddict #hermesconstance #fendi
@onlyauthentics,Fresh facing with #Chanel HUNGER Issue 28: The Rankin Collector’s Issue is available to pre-order now. ⁠https://hungertvshop.com/products/gemma-francis-burnett-wears-chanel-beauty-and-fashion…,,https://s.lazada.com.ph/s.hnbeJ?ccI found this great deal on Lazada! Check it out! Product Name:CHANEL Les Beiges Healthy Glow Gel Touch Foundation SPF 25 PA++ 11g No.10#chanel https://s.lazada.com.ph/s.hnbeJ?cc
Ej,,Replying to @channelafrica1 @SABCNews and 2 others,Women Washed Gradient Denim Embroidered Large Capacity Tote Bag#chanelbag #chanel #designer #designerbag #luxurybag #bag #trendbag #womenbag
amavundla,https://s.lazada.com.ph/s.hnbeJ?ccI found this great deal on Lazada! Check it out! Product Name:CHANEL Les Beiges Healthy Glow Gel Touch Foundation SPF 25 PA++ 11g No.10#chanel https://s.lazada.com.ph/s.hnbeJ?cc,Women Washed Gradient Denim Embroidered Large Capacity Tote Bag#chanelbag #chanel #designer #designerbag #luxurybag #bag #trendbag #womenbag,When you are in #Paris in 10:22 seconds #eiffeltower #LouisVuitton #CHANEL #escargot
Adela,Replying to @channelafrica1 @SABCNews and 2 others,When you are in #Paris in 10:22 seconds #eiffeltower #LouisVuitton #CHANEL #escargot,"CHANEL 2023 eyewear campaign pays homage to a cosmopolitan artistic scene, and to the queens and kings of the night encountered at disco parties and clubs. #chanel #sunglasses #eyewear #sunglasses2023 #fashionhttps://lenshop.eu/sunglasses/654882-chanel-ch5493-1295-s9…"
Harper Monroe,Women Washed Gradient Denim Embroidered Large Capacity Tote Bag#chanelbag #chanel #designer #designerbag #luxurybag #bag #trendbag #womenbag,"CHANEL 2023 eyewear campaign pays homage to a cosmopolitan artistic scene, and to the queens and kings of the night encountered at disco parties and clubs. #chanel #sunglasses #eyewear #sunglasses2023 #fashionhttps://lenshop.eu/sunglasses/654882-chanel-ch5493-1295-s9…","""You can be gorgeous at thirty, charming at forty, and irresistible for the rest of your life."" /Coco Chanel/#Trending #cosmetics #quotes #inspiration #beauty #skincaretips #skincareproducts #CHANEL"
lenshop ,When you are in #Paris in 10:22 seconds #eiffeltower #LouisVuitton #CHANEL #escargot,"""You can be gorgeous at thirty, charming at forty, and irresistible for the rest of your life."" /Coco Chanel/#Trending #cosmetics #quotes #inspiration #beauty #skincaretips #skincareproducts #CHANEL",Replying to @simon_ekpa and @BiafraRGIE
Okafor Ifeanyi,"""You can be gorgeous at thirty, charming at forty, and irresistible for the rest of your life."" /Coco Chanel/#Trending #cosmetics #quotes #inspiration #beauty #skincaretips #skincareproducts #CHANEL",,Chanel Red & Green Gripoix Pin w/ Crystals & Gold Hardwarehttp://onlyauthentics.com/products/chanel-red-green-gripoix-pin-w-crystals-gold-hardware…...#onlyauthentics #hermes #birkin #hermesbirkin #hermeskelly #chanel #kelly #gucci #hermesbag #louisvuitton #hermeslover #dior #fashion #herm #prada #luxury #hermesaddict #hermesconstance...
,Replying to @simon_ekpa and @BiafraRGIE,Chanel Red & Green Gripoix Pin w/ Crystals & Gold Hardwarehttp://onlyauthentics.com/products/chanel-red-green-gripoix-pin-w-crystals-gold-hardware…...#onlyauthentics #hermes #birkin #hermesbirkin #hermeskelly #chanel #kelly #gucci #hermesbag #louisvuitton #hermeslover #dior #fashion #herm #prada #luxury #hermesaddict #hermesconstance...,Win a Chanel handbag!! #giveaway #CHANEL
@onlyauthentics,,Win a Chanel handbag!! #giveaway #CHANEL,"All 22/23 metiers d’art runway looks were created between the Chanel creation studio and le19M, located in Paris ...#onlyauthentics #hermes #birkin #hermesbirkin #hermeskelly #chanel #kelly #gucci #hermesbag #louisvuitton #hermeslover #dior #fashion #herm #prada #luxury # ..."
Meli,Chanel Red & Green Gripoix Pin w/ Crystals & Gold Hardwarehttp://onlyauthentics.com/products/chanel-red-green-gripoix-pin-w-crystals-gold-hardware…...#onlyauthentics #hermes #birkin #hermesbirkin #hermeskelly #chanel #kelly #gucci #hermesbag #louisvuitton #hermeslover #dior #fashion #herm #prada #luxury #hermesaddict #hermesconstance...,"All 22/23 metiers d’art runway looks were created between the Chanel creation studio and le19M, located in Paris ...#onlyauthentics #hermes #birkin #hermesbirkin #hermeskelly #chanel #kelly #gucci #hermesbag #louisvuitton #hermeslover #dior #fashion #herm #prada #luxury # ...",Original Paintings & Print Limited Editions.4 sale athttp://dr8love.com.#lennon #artdealer #artdaily #interiordesign #artlover #hermes #popart #popartist #dr8love #originalart #painter #luxury #marilynmonroe #artbasel #miami #repost #chanel #homedecor #paris #streetart
Dr8 Love,"All 22/23 metiers d’art runway looks were created between the Chanel creation studio and le19M, located in Paris ...#onlyauthentics #hermes #birkin #hermesbirkin #hermeskelly #chanel #kelly #gucci #hermesbag #louisvuitton #hermeslover #dior #fashion #herm #prada #luxury # ...",Chanel Vintage Gold Spinner Ring 1988 Necklacehttp://onlyauthentics.com/products/chanel-ring-spinner-gold-24kt-plated-vintage-1988-necklace…...#onlyauthentics #hermes #birkin #hermesbirkin #hermeskelly #chanel #kelly #gucci #hermesbag #louisvuitton #hermeslover #dior #fashion #herm #prada #luxury #hermesaddict #hermesconstance #fendi,"https://thewallstreetpost.com/video-news-chanel-vs-hermes-disney-instagram-chevy-silverado-fridays-top-stories-thewallstreetpost-com/… - #Chanel #Hermes #youtube Subscribe to Yahoo Finance: https://yhoo.it/2fGu5BbAbout Yahoo Finance:At Yahoo Finance, you get free stock quotes, up-to-date news, portfolio management resources, international market data, social interaction and mor..."
thewallstreetpost.com,Chanel Vintage Gold Spinner Ring 1988 Necklacehttp://onlyauthentics.com/products/chanel-ring-spinner-gold-24kt-plated-vintage-1988-necklace…...#onlyauthentics #hermes #birkin #hermesbirkin #hermeskelly #chanel #kelly #gucci #hermesbag #louisvuitton #hermeslover #dior #fashion #herm #prada #luxury #hermesaddict #hermesconstance #fendi,Chanel Gold Link Quilted Crystal Necklace Belthttp://onlyauthentics.com/products/chanel-24kt-gold-link-belt-w-quilted-crystal-cc-charms-necklace…...#onlyauthentics #hermes #birkin #hermesbirkin #hermeskelly #chanel #kelly #gucci #hermesbag #louisvuitton #hermeslover #dior #fashion #herm #prada #luxury #hermesaddict #hermesconstance #fendi,#Chanel - P.M. Lyrics | Video
@onlyauthentics,"https://thewallstreetpost.com/video-news-chanel-vs-hermes-disney-instagram-chevy-silverado-fridays-top-stories-thewallstreetpost-com/… - #Chanel #Hermes #youtube Subscribe to Yahoo Finance: https://yhoo.it/2fGu5BbAbout Yahoo Finance:At Yahoo Finance, you get free stock quotes, up-to-date news, portfolio management resources, international market data, social interaction and mor...",#Chanel - P.M. Lyrics | Video,Only Authentics - WORLD’S LARGEST PRIVATELY OWNED RETAIL COLLECTION OF HERMES HANDBAGS ...#onlyauthentics #hermes #birkin #hermesbirkin #hermeskelly #chanel #kelly #gucci #hermesbag #louisvuitton #hermeslover #dior #fashion #herm #prada #luxury #hermesaddict #hermesconsta ...
HD Videos & Lyrics,Chanel Gold Link Quilted Crystal Necklace Belthttp://onlyauthentics.com/products/chanel-24kt-gold-link-belt-w-quilted-crystal-cc-charms-necklace…...#onlyauthentics #hermes #birkin #hermesbirkin #hermeskelly #chanel #kelly #gucci #hermesbag #louisvuitton #hermeslover #dior #fashion #herm #prada #luxury #hermesaddict #hermesconstance #fendi,Only Authentics - WORLD’S LARGEST PRIVATELY OWNED RETAIL COLLECTION OF HERMES HANDBAGS ...#onlyauthentics #hermes #birkin #hermesbirkin #hermeskelly #chanel #kelly #gucci #hermesbag #louisvuitton #hermeslover #dior #fashion #herm #prada #luxury #hermesaddict #hermesconsta ...,"sssssssh. watch this chanel baby, you need it.cr: tt @/yibo.zhan_55#WangYibo王一博 #CHANEL #WangYibo_CHANELCruise24"
@onlyauthentics,#Chanel - P.M. Lyrics | Video,"sssssssh. watch this chanel baby, you need it.cr: tt @/yibo.zhan_55#WangYibo王一博 #CHANEL #WangYibo_CHANELCruise24",May people's minds be as white as a rose...#LoveAlwaysWins #Rose #CHANEL
Anna Kai,"sssssssh. watch this chanel baby, you need it.cr: tt @/yibo.zhan_55#WangYibo王一博 #CHANEL #WangYibo_CHANELCruise24",Learn more about the world of rare handbags...#onlyauthentics #hermes #birkin #hermesbirkin #hermeskelly #chanel #kelly #gucci #hermesbag #louisvuitton #hermeslover #dior #fashion #herm #prada #luxury #hermesaddict #hermesconstance #fendi,"Because this is a limited edition collection, I’m getting all of this to add to my already ginormous Chanel makeup collection !#CHANEL @CHANEL"
Amanda Amaro,Learn more about the world of rare handbags...#onlyauthentics #hermes #birkin #hermesbirkin #hermeskelly #chanel #kelly #gucci #hermesbag #louisvuitton #hermeslover #dior #fashion #herm #prada #luxury #hermesaddict #hermesconstance #fendi,May people's minds be as white as a rose...#LoveAlwaysWins #Rose #CHANEL,Only those with intelligence equal to Einstein could solve this problem.Access the link to view the answer. https://wwwsht.com/0CHcHi#answer #Chanel
Anni Gate,"Because this is a limited edition collection, I’m getting all of this to add to my already ginormous Chanel makeup collection !#CHANEL @CHANEL",Only those with intelligence equal to Einstein could solve this problem.Access the link to view the answer. https://wwwsht.com/0CHcHi#answer #Chanel,May people's minds be as white as a rose...#LoveAlwaysWins #Rose #CHANEL
arredondo,May people's minds be as white as a rose...#LoveAlwaysWins #Rose #CHANEL,May people's minds be as white as a rose...#LoveAlwaysWins #Rose #CHANEL,“Shoes transform your body language and attitude. They lift you physically and emotionally.” — Christian Louboutin.Get all your favourites only onhttp://europeanoutlet.com#balmain #fashion #gucci #louisvuitton #givenchy #chanel #style #yeezy #supreme #prada #balenciaga
Anna Kai,Only those with intelligence equal to Einstein could solve this problem.Access the link to view the answer. https://wwwsht.com/0CHcHi#answer #Chanel,“Shoes transform your body language and attitude. They lift you physically and emotionally.” — Christian Louboutin.Get all your favourites only onhttp://europeanoutlet.com#balmain #fashion #gucci #louisvuitton #givenchy #chanel #style #yeezy #supreme #prada #balenciaga,Chanel Vintage Gold CC Pinwheel Earrings with Pearl Centerhttp://onlyauthentics.com/products/chanel-24kt-gold-plated-cc-pinwheel-earrings-w-pearl-center…...#onlyauthentics #hermes #birkin #hermesbirkin #hermeskelly #chanel #kelly #gucci #hermesbag #louisvuitton #hermeslover #dior #fashion #herm #prada #luxury #hermesaddict #hermesconstance...
EuropeanOutlet.com,May people's minds be as white as a rose...#LoveAlwaysWins #Rose #CHANEL,Chanel Vintage Gold CC Pinwheel Earrings with Pearl Centerhttp://onlyauthentics.com/products/chanel-24kt-gold-plated-cc-pinwheel-earrings-w-pearl-center…...#onlyauthentics #hermes #birkin #hermesbirkin #hermeskelly #chanel #kelly #gucci #hermesbag #louisvuitton #hermeslover #dior #fashion #herm #prada #luxury #hermesaddict #hermesconstance...,
OC Gaymer,Arcade1Up Official,Dior or Chanel: Who Wins the Battle of Style and Elegance? #dior #chanel #designerwear,
OC Gaymer,0:01Arcade1Up Official,Dior or Chanel: Who Wins the Battle of Style and Elegance? #dior #chanel #designerwear,Spray can8 – Original variation painting on canvas4 sale athttp://dr8love.com.#katemoss #artdealer #artdaily #interiordesign #artlover #hermes #popart #popartist #dr8love #originalart #painter #luxury #marilynmonroe #artbasel #chanel #decor #homedecor #paris #streetart
Idessous,,Spray can8 – Original variation painting on canvas4 sale athttp://dr8love.com.#katemoss #artdealer #artdaily #interiordesign #artlover #hermes #popart #popartist #dr8love #originalart #painter #luxury #marilynmonroe #artbasel #chanel #decor #homedecor #paris #streetart,Chanel Gold Rope Link Chain with Pearl Togglehttp://onlyauthentics.com/products/chanel-24kt-gold-rope-link-chain-w-pearl-on-clasp…...#onlyauthentics #hermes #birkin #hermesbirkin #hermeskelly #chanel #kelly #gucci #hermesbag #louisvuitton #hermeslover #dior #fashion #herm #prada #luxury #hermesaddict #hermesconstance #fendi
Dr8 Love,0:04,Chanel Gold Rope Link Chain with Pearl Togglehttp://onlyauthentics.com/products/chanel-24kt-gold-rope-link-chain-w-pearl-on-clasp…...#onlyauthentics #hermes #birkin #hermesbirkin #hermeskelly #chanel #kelly #gucci #hermesbag #louisvuitton #hermeslover #dior #fashion #herm #prada #luxury #hermesaddict #hermesconstance #fendi,Your Saturday plans should include a trip to Couture! Stop by today from 10am - 6pm.. #loewe #lowewbag #designerbag #chanel #louisvuitton #gucci #coutureusa #fashion #luxurylifestyle #smallbusiness #styleinspo #Tampa
@onlyauthentics,,Your Saturday plans should include a trip to Couture! Stop by today from 10am - 6pm.. #loewe #lowewbag #designerbag #chanel #louisvuitton #gucci #coutureusa #fashion #luxurylifestyle #smallbusiness #styleinspo #Tampa,LOOKING FOR A SPECIFIC HANDBAG? CONTACT US AT: (212) 477-0116...#onlyauthentics #hermes #birkin #hermesbirkin #hermeskelly #chanel #kelly #gucci #hermesbag #louisvuitton #hermeslover #dior #fashion #herm #prada #luxury #hermesaddict #hermesconstance #fendi
coutureusa,,LOOKING FOR A SPECIFIC HANDBAG? CONTACT US AT: (212) 477-0116...#onlyauthentics #hermes #birkin #hermesbirkin #hermeskelly #chanel #kelly #gucci #hermesbag #louisvuitton #hermeslover #dior #fashion #herm #prada #luxury #hermesaddict #hermesconstance #fendi,Replying to @ainyrockstar
@onlyauthentics,,Replying to @ainyrockstar,
,Arcade1Up Official,Dior or Chanel: Who Wins the Battle of Style and Elegance? #dior #chanel #designerwear,
,0:01Arcade1Up Official,Dior or Chanel: Who Wins the Battle of Style and Elegance? #dior #chanel #designerwear,Spray can8 – Original variation painting on canvas4 sale athttp://dr8love.com.#katemoss #artdealer #artdaily #interiordesign #artlover #hermes #popart #popartist #dr8love #originalart #painter #luxury #marilynmonroe #artbasel #chanel #decor #homedecor #paris #streetart
OC Gaymer,,Spray can8 – Original variation painting on canvas4 sale athttp://dr8love.com.#katemoss #artdealer #artdaily #interiordesign #artlover #hermes #popart #popartist #dr8love #originalart #painter #luxury #marilynmonroe #artbasel #chanel #decor #homedecor #paris #streetart,Chanel Gold Rope Link Chain with Pearl Togglehttp://onlyauthentics.com/products/chanel-24kt-gold-rope-link-chain-w-pearl-on-clasp…...#onlyauthentics #hermes #birkin #hermesbirkin #hermeskelly #chanel #kelly #gucci #hermesbag #louisvuitton #hermeslover #dior #fashion #herm #prada #luxury #hermesaddict #hermesconstance #fendi
Idessous,0:04,Chanel Gold Rope Link Chain with Pearl Togglehttp://onlyauthentics.com/products/chanel-24kt-gold-rope-link-chain-w-pearl-on-clasp…...#onlyauthentics #hermes #birkin #hermesbirkin #hermeskelly #chanel #kelly #gucci #hermesbag #louisvuitton #hermeslover #dior #fashion #herm #prada #luxury #hermesaddict #hermesconstance #fendi,Your Saturday plans should include a trip to Couture! Stop by today from 10am - 6pm.. #loewe #lowewbag #designerbag #chanel #louisvuitton #gucci #coutureusa #fashion #luxurylifestyle #smallbusiness #styleinspo #Tampa
Dr8 Love,,Your Saturday plans should include a trip to Couture! Stop by today from 10am - 6pm.. #loewe #lowewbag #designerbag #chanel #louisvuitton #gucci #coutureusa #fashion #luxurylifestyle #smallbusiness #styleinspo #Tampa,LOOKING FOR A SPECIFIC HANDBAG? CONTACT US AT: (212) 477-0116...#onlyauthentics #hermes #birkin #hermesbirkin #hermeskelly #chanel #kelly #gucci #hermesbag #louisvuitton #hermeslover #dior #fashion #herm #prada #luxury #hermesaddict #hermesconstance #fendi
@onlyauthentics,,LOOKING FOR A SPECIFIC HANDBAG? CONTACT US AT: (212) 477-0116...#onlyauthentics #hermes #birkin #hermesbirkin #hermeskelly #chanel #kelly #gucci #hermesbag #louisvuitton #hermeslover #dior #fashion #herm #prada #luxury #hermesaddict #hermesconstance #fendi,Replying to @ainyrockstar
coutureusa,,Replying to @ainyrockstar,Chanel Triple Strand Gold Beaded Bracelet with CChttp://onlyauthentics.com/products/chanel-3-strand-24kt-gold-plated-beaded-bracelet-w-cc…...#onlyauthentics #hermes #birkin #hermesbirkin #hermeskelly #chanel #kelly #gucci #hermesbag #louisvuitton #hermeslover #dior #fashion #herm #prada #luxury #hermesaddict #hermesconstance #fendi
@onlyauthentics,#CHANEL Nice Taste,Chanel Triple Strand Gold Beaded Bracelet with CChttp://onlyauthentics.com/products/chanel-3-strand-24kt-gold-plated-beaded-bracelet-w-cc…...#onlyauthentics #hermes #birkin #hermesbirkin #hermeskelly #chanel #kelly #gucci #hermesbag #louisvuitton #hermeslover #dior #fashion #herm #prada #luxury #hermesaddict #hermesconstance #fendi,"A beautiful collection of long fitted coats, 70’s collars, platform shoes, fitted flared pants and oversized sweatshirts. ...#onlyauthentics #hermes #birkin #hermesbirkin #hermeskelly #chanel #kelly #gucci #hermesbag #louisvuitton #hermeslover #dior #fashion #herm #prada..."
E,,"A beautiful collection of long fitted coats, 70’s collars, platform shoes, fitted flared pants and oversized sweatshirts. ...#onlyauthentics #hermes #birkin #hermesbirkin #hermeskelly #chanel #kelly #gucci #hermesbag #louisvuitton #hermeslover #dior #fashion #herm #prada...",#LahsanaLynch wearing #Chanel for an editorial for Matilda promo
,New art piece on our wall#mspacman #CHANEL,Dior or Chanel: Who Wins the Battle of Style and Elegance? #dior #chanel #designerwear,Dior or Chanel: Who Wins the Battle of Style and Elegance? #dior #chanel #designerwear
Dr8 Love,New art piece on our wall#mspacman #CHANEL,Dior or Chanel: Who Wins the Battle of Style and Elegance? #dior #chanel #designerwear,Dior or Chanel: Who Wins the Battle of Style and Elegance? #dior #chanel #designerwear
@onlyauthentics,Dior or Chanel: Who Wins the Battle of Style and Elegance? #dior #chanel #designerwear,Spray can8 – Original variation painting on canvas4 sale athttp://dr8love.com.#katemoss #artdealer #artdaily #interiordesign #artlover #hermes #popart #popartist #dr8love #originalart #painter #luxury #marilynmonroe #artbasel #chanel #decor #homedecor #paris #streetart,Spray can8 – Original variation painting on canvas4 sale athttp://dr8love.com.#katemoss #artdealer #artdaily #interiordesign #artlover #hermes #popart #popartist #dr8love #originalart #painter #luxury #marilynmonroe #artbasel #chanel #decor #homedecor #paris #streetart
coutureusa,Spray can8 – Original variation painting on canvas4 sale athttp://dr8love.com.#katemoss #artdealer #artdaily #interiordesign #artlover #hermes #popart #popartist #dr8love #originalart #painter #luxury #marilynmonroe #artbasel #chanel #decor #homedecor #paris #streetart,Chanel Gold Rope Link Chain with Pearl Togglehttp://onlyauthentics.com/products/chanel-24kt-gold-rope-link-chain-w-pearl-on-clasp…...#onlyauthentics #hermes #birkin #hermesbirkin #hermeskelly #chanel #kelly #gucci #hermesbag #louisvuitton #hermeslover #dior #fashion #herm #prada #luxury #hermesaddict #hermesconstance #fendi,Chanel Gold Rope Link Chain with Pearl Togglehttp://onlyauthentics.com/products/chanel-24kt-gold-rope-link-chain-w-pearl-on-clasp…...#onlyauthentics #hermes #birkin #hermesbirkin #hermeskelly #chanel #kelly #gucci #hermesbag #louisvuitton #hermeslover #dior #fashion #herm #prada #luxury #hermesaddict #hermesconstance #fendi
@onlyauthentics,Chanel Gold Rope Link Chain with Pearl Togglehttp://onlyauthentics.com/products/chanel-24kt-gold-rope-link-chain-w-pearl-on-clasp…...#onlyauthentics #hermes #birkin #hermesbirkin #hermeskelly #chanel #kelly #gucci #hermesbag #louisvuitton #hermeslover #dior #fashion #herm #prada #luxury #hermesaddict #hermesconstance #fendi,Your Saturday plans should include a trip to Couture! Stop by today from 10am - 6pm.. #loewe #lowewbag #designerbag #chanel #louisvuitton #gucci #coutureusa #fashion #luxurylifestyle #smallbusiness #styleinspo #Tampa,Your Saturday plans should include a trip to Couture! Stop by today from 10am - 6pm.. #loewe #lowewbag #designerbag #chanel #louisvuitton #gucci #coutureusa #fashion #luxurylifestyle #smallbusiness #styleinspo #Tampa
E,Your Saturday plans should include a trip to Couture! Stop by today from 10am - 6pm.. #loewe #lowewbag #designerbag #chanel #louisvuitton #gucci #coutureusa #fashion #luxurylifestyle #smallbusiness #styleinspo #Tampa,LOOKING FOR A SPECIFIC HANDBAG? CONTACT US AT: (212) 477-0116...#onlyauthentics #hermes #birkin #hermesbirkin #hermeskelly #chanel #kelly #gucci #hermesbag #louisvuitton #hermeslover #dior #fashion #herm #prada #luxury #hermesaddict #hermesconstance #fendi,LOOKING FOR A SPECIFIC HANDBAG? CONTACT US AT: (212) 477-0116...#onlyauthentics #hermes #birkin #hermesbirkin #hermeskelly #chanel #kelly #gucci #hermesbag #louisvuitton #hermeslover #dior #fashion #herm #prada #luxury #hermesaddict #hermesconstance #fendi
,LOOKING FOR A SPECIFIC HANDBAG? CONTACT US AT: (212) 477-0116...#onlyauthentics #hermes #birkin #hermesbirkin #hermeskelly #chanel #kelly #gucci #hermesbag #louisvuitton #hermeslover #dior #fashion #herm #prada #luxury #hermesaddict #hermesconstance #fendi,Replying to @ainyrockstar,Replying to @ainyrockstar