PCZWSinvestinchn,The cute NEV is charging at the morning ! #NEV #LUMIN #Changanvehicle #Chinastocks000625,"""No matter where we are, you will always be my home Aether"" Liar...#genshinimpact #aether #lumin #paimon #fanart #sketch",#NEWVIDEO PREVIEW OF THE #PRODUCTS I WILL BE #REVIEWING OVER THE NEXT FEW MONTHS @GarnierUK #oiamiga #heath #drbotanicals @BybiBeauty @Ilove7thHeaven #Theordinary @DelavieSciences #lumin & much morehttps://youtu.be/GgxK4UeO1mg#skincare #skincareproducts#reviewer #haircareproducts
CHASE J LONDON,"Congratulations to Lianne for winning the Complete Skincare Gift Set from 
@lumin_skin
! Even if you missed this giveaway, Abenity members can still save 20% off any purchase at: https://buff.ly/3olTg1L
#lifehasperks #luminskin",#NEWVIDEO PREVIEW OF THE #PRODUCTS I WILL BE #REVIEWING OVER THE NEXT FEW MONTHS @GarnierUK #oiamiga #heath #drbotanicals @BybiBeauty @Ilove7thHeaven #Theordinary @DelavieSciences #lumin & much morehttps://youtu.be/GgxK4UeO1mg#skincare #skincareproducts#reviewer #haircareproducts,
CHASE J LONDON,,#NEWVIDEO PREVIEW OF THE #PRODUCTS I WILL BE #REVIEWING OVER THE NEXT FEW MONTHS @GarnierUK #oiamiga #heath #drbotanicals @BybiBeauty @Ilove7thHeaven #Theordinary @DelavieSciences #lumin & much morehttps://youtu.be/GgxK4UeO1mg#skincare #skincareproducts#reviewer #haircareproducts,"Watch as Chef Jason, Ace's Grilling Expert, goes through his favorite features on the Weber Lumin. #Weber #MyWhitesAce #YourGrillingPlace #YourHelpfulPlace #lumin"
FanClub F.Cuz Mexico,1:18,[2023.05.05 #ë£¨ë¯¼ #Lumin Instagram stories@lumin_official ] #ì´ìŠ¹í˜„ #ì´ìœ  #leeseunghyun #ë°°ìš° #singer #idol #kpop #music #ì‚¬ë‘í•´ #ìˆ˜ê³ í–ˆì–´ #songwriter #goodluck,[2023.05.03 #ë£¨ë¯¼ #Lumin Instagram stories@lumin_official ] #ì´ìŠ¹í˜„ #ì´ìœ  #leeseunghyun #ë°°ìš° #singer #idol #kpop #music #ì‚¬ë‘í•´ #ìˆ˜ê³ í–ˆì–´ #songwriter #goodluck#ì´ìœ 
KikoLobo,instagram.comF.Cuz Mexico (@f.cuz_mexico) â€¢ Instagram photo,[2023.05.03 #ë£¨ë¯¼ #Lumin Instagram stories@lumin_official ] #ì´ìŠ¹í˜„ #ì´ìœ  #leeseunghyun #ë°°ìš° #singer #idol #kpop #music #ì‚¬ë‘í•´ #ìˆ˜ê³ í–ˆì–´ #songwriter #goodluck#ì´ìœ ,Mindfulness Mondays: You are wonderfully made just as you are. #lcmfresno #mindfulnessmondays #campusministry #elcayoungadults #Lumin
FanClub F.Cuz Mexico,"An intelligent #Matter compatible lighting control system with gestures, no neutral required, haptic feedback and presence sensors #Lumin by @xlabhq http://lumin.xlabhq.com","Watch as Chef Jason, Ace's Grilling Expert, goes through his favorite features on the Weber Lumin. #Weber #MyWhitesAce #YourGrillingPlace #YourHelpfulPlace #lumin",[2023.05.01 #ë£¨ë¯¼ #Lumin Instagram stories@lumin_official ] #ì´ìŠ¹í˜„ #ì´ìœ  #leeseunghyun #ë°°ìš° #singer #idol #kpop #music #ì‚¬ë‘í•´ #ìˆ˜ê³ í–ˆì–´ #songwriter #goodluck#ì´ìœ 
White's Ace Hardware,instagram.comF.Cuz Mexico (@f.cuz_mexico) â€¢ Instagram photo,Mindfulness Mondays: You are wonderfully made just as you are. #lcmfresno #mindfulnessmondays #campusministry #elcayoungadults #Lumin,[2023.04.28 #ë£¨ë¯¼ #Lumin Instagram stories@lumin_official ] #ì´ìŠ¹í˜„ #ì´ìœ  #leeseunghyun #ë°°ìš° #singer #idol #kpop #music #ì‚¬ë‘í•´ #ìˆ˜ê³ í–ˆì–´ #songwriter #goodluck#ì´ìœ 
FanClub F.Cuz Mexico,,[2023.04.28 #ë£¨ë¯¼ #Lumin Instagram stories@lumin_official ] #ì´ìŠ¹í˜„ #ì´ìœ  #leeseunghyun #ë°°ìš° #singer #idol #kpop #music #ì‚¬ë‘í•´ #ìˆ˜ê³ í–ˆì–´ #songwriter #goodluck#ì´ìœ ,[2023.04.27 #ë£¨ë¯¼ #Lumin Instagram stories@lumin_official ] #ì´ìŠ¹í˜„ #ì´ìœ  #leeseunghyun #ë°°ìš° #singer #idol #kpop #music #ì‚¬ë‘í•´ #ìˆ˜ê³ í–ˆì–´ #songwriter #goodluck#ì´ìœ 
FanClub F.Cuz Mexico,instagram.comF.Cuz Mexico (@f.cuz_mexico) â€¢ Instagram photos and videos,[2023.04.27 #ë£¨ë¯¼ #Lumin Instagram stories@lumin_official ] 2#ì´ìŠ¹í˜„ #ì´ìœ  #leeseunghyun #ë°°ìš° #singer #idol #kpop #music #ì‚¬ë‘í•´ #ìˆ˜ê³ í–ˆì–´ #songwriter #goodluck#ì´ìœ ,"[2023.04.26 #ë£¨ë¯¼ #Lumin Instagram stories@lumin_official ] 2,3,4#ì´ìŠ¹í˜„ #ì´ìœ  #leeseunghyun #ë°°ìš° #singer #idol #kpop #music #ì‚¬ë‘í•´ #ìˆ˜ê³ í–ˆì–´ #songwriter #goodluck#ì´ìœ "
FanClub F.Cuz Mexico,instagram.comF.Cuz Mexico (@f.cuz_mexico) â€¢ Instagram photo,[2023.04.27 #ë£¨ë¯¼ #Lumin Instagram stories@lumin_official ] #ì´ìŠ¹í˜„ #ì´ìœ  #leeseunghyun #ë°°ìš° #singer #idol #kpop #music #ì‚¬ë‘í•´ #ìˆ˜ê³ í–ˆì–´ #songwriter #goodluck#ì´ìœ ,Sunshines#genshin #GenshinImpact #lumin #dainsleif #dainslumi
FanClub F.Cuz Mexico,instagram.comF.Cuz Mexico (@f.cuz_mexico) â€¢ Instagram photo,"[2023.04.26 #ë£¨ë¯¼ #Lumin Instagram stories@lumin_official ] 2,3,4#ì´ìŠ¹í˜„ #ì´ìœ  #leeseunghyun #ë°°ìš° #singer #idol #kpop #music #ì‚¬ë‘í•´ #ìˆ˜ê³ í–ˆì–´ #songwriter #goodluck#ì´ìœ ",Mindfulness Mondays: Remember to take time to take care of yourself this week and every week. #lcmfresno #mindfulnessmondays #campusministry #elcayoungadults #Lumin
FanClub F.Cuz Mexico,instagram.comF.Cuz Mexico (@f.cuz_mexico) â€¢ Instagram photo,Sunshines#genshin #GenshinImpact #lumin #dainsleif #dainslumi,Powerful morning with Lumina Learning USA and the incredible @RebeccaLBales@stewartdesson - Great to be together again!@DebbieMrazek @skydallas Rebecca Hale @talentrecon@DebbieSaviano#learning #inclusivity #diversity #personality #lumin
LCM Fresno,,Powerful morning with Lumina Learning USA and the incredible @RebeccaLBales@stewartdesson - Great to be together again!@DebbieMrazek @skydallas Rebecca Hale @talentrecon@DebbieSaviano#learning #inclusivity #diversity #personality #lumin,[2023.04.17 #ë£¨ë¯¼ #Lumin Instagram stories@lumin_official ] #ì´ìŠ¹í˜„ #ì´ìœ  #leeseunghyun #ë°°ìš° #singer #idol #kpop #music #ì‚¬ë‘í•´ #ìˆ˜ê³ í–ˆì–´ #songwriter #goodluck#ì´ìœ 
LCM Fresno,instagram.comF.Cuz Mexico (@f.cuz_mexico) â€¢ Instagram photo,[2023.04.08 #ë£¨ë¯¼ #Lumin Instagram@lumin_official ] #í˜„ëŒ€í™” #3ì§‘ #ê°€ì¡±ì´ë€ì´ë¦„ìœ¼ë¡œ #ì–´ë²„ì´ë‚  #ë””ì§€í„¸ì‹±ê¸€ #í˜„ëŒ€í™”ì²œì¬ https://instagram.com/p/CqxEJ-1von6/#ì´ìŠ¹í˜„ #ì´ìœ  #leeseunghyun #ë°°ìš° #singer #idol #kpop #music #ì‚¬ë‘í•´ #ìˆ˜ê³ í–ˆì–´ #songwriter #goodluck#leeu https://instagram.com/p/CqxF7ICux30/?igshid=MDJmNzVkMjY=â€¦,[ 2023.04.07 #DAEGEON instagram stories @daegeon_ii ] #ê¹€ëŒ€ê±´ #KimDaeGeon #ëŒ€ê±´ #ã‚­ãƒ ãƒ†ã‚´ãƒ³ #DaeGun #ãƒ†ã‚´ãƒ³ #foru #í¬ìœ  #í¬ì»¤ì¦ˆ #fcuz #f_cuz #ãƒ•ã‚©ãƒ¼ã‚«ã‚º #music #singer #idol#friends #familia #JINON #RAEHYUN #sungyoon #YEJUN #Lumin #ì¹œêµ¬
FanClub F.Cuz Mexico,instagram.comì´ìŠ¹í˜„ (LUMIN) (@lumin_official) â€¢ Instagram photos and videos,[ 2023.04.07 #DAEGEON instagram stories @daegeon_ii ] #ê¹€ëŒ€ê±´ #KimDaeGeon #ëŒ€ê±´ #ã‚­ãƒ ãƒ†ã‚´ãƒ³ #DaeGun #ãƒ†ã‚´ãƒ³ #foru #í¬ìœ  #í¬ì»¤ì¦ˆ #fcuz #f_cuz #ãƒ•ã‚©ãƒ¼ã‚«ã‚º #music #singer #idol#friends #familia #JINON #RAEHYUN #sungyoon #YEJUN #Lumin #ì¹œêµ¬,Mindfulness Mondays: Something to think about to start the week.#lcmfresno #mindfulnessmondays #campusministry #elcayoungadults #Lumin
FanClub F.Cuz Mexico,instagram.comF.Cuz Mexico (@f.cuz_mexico) â€¢ Instagram photos and videos,[2023.04.04 #ë£¨ë¯¼ #Lumin Instagram stories@lumin_official ] #ì´ìŠ¹í˜„ #ë£¨ë¯¼ #leeseunghyun #ë°°ìš° #singer #idol #kpop #music #ì‚¬ë‘í•´ #ìˆ˜ê³ í–ˆì–´ #ì¼ìƒ #ëª¨ë¸ #ì‚¬ì§„ #songwriter #goodluck # #takecare #love #,Replying to @Lumishare_Lumi
LCM Fresno,instagram.comF.Cuz Mexico (@f.cuz_mexico) â€¢ Instagram photo,Replying to @Lumishare_Lumi,Mindfulness Mondays: This is a great reminder for all of us.#lcmfresno #mindfulnessmondays #campusministry #elcayoungadults #Lumin
Ahmad Ibrahim,,my Araether & Aralumin (â ï¾‰^ãƒ®^)â ï¾‰â *â .â âœ§Â°~#acrylicfigure #art #aether #lumin #acrylicstand,Some piece of process.. #GenshinImpact #Baizhu #Lumin #BaiLumi #fanart #comic #manga #anime#sketch #drawing
LCM Fresno,,Some piece of process.. #GenshinImpact #Baizhu #Lumin #BaiLumi #fanart #comic #manga #anime#sketch #drawing,Fosfor's Lumin Enhances Its Decision Intelligence Capabilities With Powerful AI And GPT-Based Contextual Narratives.#LTIMindtree #Fosfor #Lumin #DecisionIntelligence#PowerfulAI#GPTbasedContextualNarratives
Maâ‚¹ket VedantA â„¢,,Fosfor's Lumin Enhances Its Decision Intelligence Capabilities With Powerful AI And GPT-Based Contextual Narratives#LTIMindtree #INE214T01019 ##Fosfor #Lumin #DecisionIntelligence https://equitybulls.com/category.php?id=329250â€¦,Mindfulness Mondays: Try this to lower stress and improve your mood.#lcmfresno #mindfulnessmondays #campusministry #elcayoungadults #Lumin
FanClub F.Cuz Mexico,,[2023.03.20 #ë£¨ë¯¼ #Lumin Instagram stories@lumin_official ] 4#ì´ìŠ¹í˜„ #ë£¨ë¯¼ #leeseunghyun #ë°°ìš° #singer #idol #kpop #music #ì‚¬ë‘í•´ #ìˆ˜ê³ í–ˆì–´ #ì¼ìƒ #ëª¨ë¸ #ì‚¬ì§„ #songwriter #goodluck # #takecare #love #HAPPYBIRTHDAY,[2023.03.20 #ë£¨ë¯¼ #Lumin Instagram stories@lumin_official ] 2#ì´ìŠ¹í˜„ #ë£¨ë¯¼ #leeseunghyun #ë°°ìš° #singer #idol #kpop #music #ì‚¬ë‘í•´ #ìˆ˜ê³ í–ˆì–´ #ì¼ìƒ #ëª¨ë¸ #ì‚¬ì§„ #songwriter #goodluck # #takecare #love #HAPPYBIRTHDAY
FanClub F.Cuz Mexico,instagram.comF.Cuz Mexico (@f.cuz_mexico) â€¢ Instagram photos and videos,[2023.03.20 #ë£¨ë¯¼ #Lumin Instagram stories@lumin_official ] 2#ì´ìŠ¹í˜„ #ë£¨ë¯¼ #leeseunghyun #ë°°ìš° #singer #idol #kpop #music #ì‚¬ë‘í•´ #ìˆ˜ê³ í–ˆì–´ #ì¼ìƒ #ëª¨ë¸ #ì‚¬ì§„ #songwriter #goodluck # #takecare #love #HAPPYBIRTHDAY,"LUMIN, Uruguay invests in the new Raute Green Veneer Composing Line R7 #veneer #forestry #wood #Lumin #ifi_news"
FanClub F.Cuz Mexico,"LUMIN, Uruguay invests in the new Raute Green Veneer Composing Line R7 #veneer #forestry #wood #Lumin #ifi_news",[2023.03.20 #ë£¨ë¯¼ #Lumin Instagram stories@lumin_official ] 1#ì´ìŠ¹í˜„ #ë£¨ë¯¼ #leeseunghyun #ë°°ìš° #singer #idol #kpop #music #ì‚¬ë‘í•´ #ìˆ˜ê³ í–ˆì–´ #ì¼ìƒ #ëª¨ë¸ #ì‚¬ì§„ #songwriter #goodluck # #takecare #love,[2023.03.19 #ë£¨ë¯¼ #Lumin Instagram stories@lumin_official ] #ì´ìŠ¹í˜„ #ë£¨ë¯¼ #leeseunghyun #ë°°ìš° #singer #idol #kpop #music #ì‚¬ë‘í•´ #ìˆ˜ê³ í–ˆì–´ #ì¼ìƒ #ëª¨ë¸ #ì‚¬ì§„ #songwriter #goodluck # #takecare #love
,#NEWVIDEO PREVIEW OF THE #PRODUCTS I WILL BE #REVIEWING OVER THE NEXT FEW MONTHS @GarnierUK #oiamiga #heath #drbotanicals @BybiBeauty @Ilove7thHeaven #Theordinary @DelavieSciences #lumin & much morehttps://youtu.be/GgxK4UeO1mg#skincare #skincareproducts#reviewer #haircareproducts,#NEWVIDEO PREVIEW OF THE #PRODUCTS I WILL BE #REVIEWING OVER THE NEXT FEW MONTHS @GarnierUK #oiamiga #heath #drbotanicals @BybiBeauty @Ilove7thHeaven #Theordinary @DelavieSciences #lumin & much morehttps://youtu.be/GgxK4UeO1mg#skincare #skincareproducts#reviewer #haircareproducts,
FanClub F.Cuz Mexico,#NEWVIDEO PREVIEW OF THE #PRODUCTS I WILL BE #REVIEWING OVER THE NEXT FEW MONTHS @GarnierUK #oiamiga #heath #drbotanicals @BybiBeauty @Ilove7thHeaven #Theordinary @DelavieSciences #lumin & much morehttps://youtu.be/GgxK4UeO1mg#skincare #skincareproducts#reviewer #haircareproducts,#NEWVIDEO PREVIEW OF THE #PRODUCTS I WILL BE #REVIEWING OVER THE NEXT FEW MONTHS @GarnierUK #oiamiga #heath #drbotanicals @BybiBeauty @Ilove7thHeaven #Theordinary @DelavieSciences #lumin & much morehttps://youtu.be/GgxK4UeO1mg#skincare #skincareproducts#reviewer #haircareproducts,Mindfulness Mondays: Embrace your strenght today. #lcmfresno #mindfulnessmondays #campusministry #elcayoungadults #Lumin
LCM Fresno,[2023.05.05 #ë£¨ë¯¼ #Lumin Instagram stories@lumin_official ] #ì´ìŠ¹í˜„ #ì´ìœ  #leeseunghyun #ë°°ìš° #singer #idol #kpop #music #ì‚¬ë‘í•´ #ìˆ˜ê³ í–ˆì–´ #songwriter #goodluck,Replying to @tfadell,[2023.05.03 #ë£¨ë¯¼ #Lumin Instagram stories@lumin_official ] #ì´ìŠ¹í˜„ #ì´ìœ  #leeseunghyun #ë°°ìš° #singer #idol #kpop #music #ì‚¬ë‘í•´ #ìˆ˜ê³ í–ˆì–´ #songwriter #goodluck#ì´ìœ 
FanClub F.Cuz Mexico,[2023.05.03 #ë£¨ë¯¼ #Lumin Instagram stories@lumin_official ] #ì´ìŠ¹í˜„ #ì´ìœ  #leeseunghyun #ë°°ìš° #singer #idol #kpop #music #ì‚¬ë‘í•´ #ìˆ˜ê³ í–ˆì–´ #songwriter #goodluck#ì´ìœ ,"Watch as Chef Jason, Ace's Grilling Expert, goes through his favorite features on the Weber Lumin. #Weber #MyWhitesAce #YourGrillingPlace #YourHelpfulPlace #lumin",Mindfulness Mondays: You are wonderfully made just as you are. #lcmfresno #mindfulnessmondays #campusministry #elcayoungadults #Lumin
FanClub F.Cuz Mexico,[2023.05.01 #ë£¨ë¯¼ #Lumin Instagram stories@lumin_official ] #ì´ìŠ¹í˜„ #ì´ìœ  #leeseunghyun #ë°°ìš° #singer #idol #kpop #music #ì‚¬ë‘í•´ #ìˆ˜ê³ í–ˆì–´ #songwriter #goodluck#ì´ìœ ,[2023.04.28 #ë£¨ë¯¼ #Lumin Instagram stories@lumin_official ] #ì´ìŠ¹í˜„ #ì´ìœ  #leeseunghyun #ë°°ìš° #singer #idol #kpop #music #ì‚¬ë‘í•´ #ìˆ˜ê³ í–ˆì–´ #songwriter #goodluck#ì´ìœ ,[2023.04.27 #ë£¨ë¯¼ #Lumin Instagram stories@lumin_official ] 2#ì´ìŠ¹í˜„ #ì´ìœ  #leeseunghyun #ë°°ìš° #singer #idol #kpop #music #ì‚¬ë‘í•´ #ìˆ˜ê³ í–ˆì–´ #songwriter #goodluck#ì´ìœ 
LCM Fresno,[2023.04.27 #ë£¨ë¯¼ #Lumin Instagram stories@lumin_official ] 2#ì´ìŠ¹í˜„ #ì´ìœ  #leeseunghyun #ë°°ìš° #singer #idol #kpop #music #ì‚¬ë‘í•´ #ìˆ˜ê³ í–ˆì–´ #songwriter #goodluck#ì´ìœ ,[2023.04.27 #ë£¨ë¯¼ #Lumin Instagram stories@lumin_official ] #ì´ìŠ¹í˜„ #ì´ìœ  #leeseunghyun #ë°°ìš° #singer #idol #kpop #music #ì‚¬ë‘í•´ #ìˆ˜ê³ í–ˆì–´ #songwriter #goodluck#ì´ìœ ,"[2023.04.26 #ë£¨ë¯¼ #Lumin Instagram stories@lumin_official ] 2,3,4#ì´ìŠ¹í˜„ #ì´ìœ  #leeseunghyun #ë°°ìš° #singer #idol #kpop #music #ì‚¬ë‘í•´ #ìˆ˜ê³ í–ˆì–´ #songwriter #goodluck#ì´ìœ  https://instagram.com/p/CrgHi35OyQR/?igshid=YTgzYjQ4ZTY=â€¦"
LCM Fresno,"[2023.04.26 #ë£¨ë¯¼ #Lumin Instagram stories@lumin_official ] 2,3,4#ì´ìŠ¹í˜„ #ì´ìœ  #leeseunghyun #ë°°ìš° #singer #idol #kpop #music #ì‚¬ë‘í•´ #ìˆ˜ê³ í–ˆì–´ #songwriter #goodluck#ì´ìœ  https://instagram.com/p/CrgHi35OyQR/?igshid=YTgzYjQ4ZTY=â€¦",Sunshines#genshin #GenshinImpact #lumin #dainsleif #dainslumi,Mindfulness Mondays: Remember to take time to take care of yourself this week and every week. #lcmfresno #mindfulnessmondays #campusministry #elcayoungadults #Lumin
FanClub F.Cuz Mexico,Mindfulness Mondays: Do not be afraid of work. Some of the best things are found through work.#lcmfresno #mindfulnessmondays #campusministry #elcayoungadults #Lumin,[2023.04.17 #ë£¨ë¯¼ #Lumin Instagram stories@lumin_official ] #ì´ìŠ¹í˜„ #ì´ìœ  #leeseunghyun #ë°°ìš° #singer #idol #kpop #music #ì‚¬ë‘í•´ #ìˆ˜ê³ í–ˆì–´ #songwriter #goodluck#ì´ìœ ,Mindfulness Mondays: Be comfortable in who you are and share it with the world.#lcmfresno #mindfulnessmondays #campusministry #elcayoungadults #Lumin
Ahmad Ibrahim,[ 2023.04.07 Choi Sung Yoon #SungYoon instagram @sung_yoon_91] @kan_sy_91 #ì„±ìœ¤ #SungYoonChoi #SUNGYOON #ã‚½ãƒ³ãƒ¦ãƒ³ #ìµœì„±ìœ¤ #ãƒã‚§ã‚½ãƒ³ãƒ¦ãƒ³ #ã‚«ãƒ³ #KAN #ì¹¸ #í¬ì»¤ì¦ˆ #FCUZ #f_cuz #foru #í¬ìœ  #singer #idol #kpop #music #DAEGEON #RAEHYUN #JINON #YEJUN #Lumin,[ 2023.04.07 #DAEGEON instagram stories @daegeon_ii ] #ê¹€ëŒ€ê±´ #KimDaeGeon #ëŒ€ê±´ #ã‚­ãƒ ãƒ†ã‚´ãƒ³ #DaeGun #ãƒ†ã‚´ãƒ³ #foru #í¬ìœ  #í¬ì»¤ì¦ˆ #fcuz #f_cuz #ãƒ•ã‚©ãƒ¼ã‚«ã‚º #music #singer #idol#friends #familia #JINON #RAEHYUN #sungyoon #YEJUN #Lumin #ì¹œêµ¬,[2023.04.04 #ë£¨ë¯¼ #Lumin Instagram stories@lumin_official ] #ì´ìŠ¹í˜„ #ë£¨ë¯¼ #leeseunghyun #ë°°ìš° #singer #idol #kpop #music #ì‚¬ë‘í•´ #ìˆ˜ê³ í–ˆì–´ #ì¼ìƒ #ëª¨ë¸ #ì‚¬ì§„ #songwriter #goodluck # #takecare #love #
Wicky_Cup,Mindfulness Mondays: Something to think about to start the week.#lcmfresno #mindfulnessmondays #campusministry #elcayoungadults #Lumin,Replying to @Lumishare_Lumi,my Araether & Aralumin (â ï¾‰^ãƒ®^)â ï¾‰â *â .â âœ§Â°~#acrylicfigure #art #aether #lumin #acrylicstand
EquityBulls.com,Mindfulness Mondays: This is a great reminder for all of us.#lcmfresno #mindfulnessmondays #campusministry #elcayoungadults #Lumin,Some piece of process.. #GenshinImpact #Baizhu #Lumin #BaiLumi #fanart #comic #manga #anime#sketch #drawing,Get ready for your lobster events! Lobster Luminary Bags! #lobster #lumin #luminarybags #lobsterbibs #lobsterbake #partybibs
FanClub F.Cuz Mexico,#Fosforâ€™s #Lumin Enhances Its Decision #Intelligence #Capabilities With #Powerful #AI And #GPT-Based Contextual Narratives Source: #NSE#BSE#stockmarket #investing #LTIM,Mindfulness Mondays: Try this to lower stress and improve your mood.#lcmfresno #mindfulnessmondays #campusministry #elcayoungadults #Lumin,[2023.03.20 #ë£¨ë¯¼ #Lumin Instagram stories@lumin_official ] 5#ì´ìŠ¹í˜„#leeseunghyun #ë°°ìš° #singer #idol #kpop #music #ì‚¬ë‘í•´ #ìˆ˜ê³ í–ˆì–´ #ì¼ìƒ #ëª¨ë¸ #ì‚¬ì§„ #songwriter #goodluck # #takecare #love #HAPPYBIRTHDAY #
FanClub F.Cuz Mexico,[2023.03.20 #ë£¨ë¯¼ #Lumin Instagram stories@lumin_official ] 3#ì´ìŠ¹í˜„ #ë£¨ë¯¼ #leeseunghyun #ë°°ìš° #singer #idol #kpop #music #ì‚¬ë‘í•´ #ìˆ˜ê³ í–ˆì–´ #ì¼ìƒ #ëª¨ë¸ #ì‚¬ì§„ #songwriter #goodluck # #takecare #love #HAPPYBIRTHDAY,[2023.03.20 #ë£¨ë¯¼ #Lumin Instagram stories@lumin_official ] 2#ì´ìŠ¹í˜„ #ë£¨ë¯¼ #leeseunghyun #ë°°ìš° #singer #idol #kpop #music #ì‚¬ë‘í•´ #ìˆ˜ê³ í–ˆì–´ #ì¼ìƒ #ëª¨ë¸ #ì‚¬ì§„ #songwriter #goodluck # #takecare #love #HAPPYBIRTHDAY,[2023.03.20 #ë£¨ë¯¼ #Lumin Instagram stories@lumin_official ] 1#ì´ìŠ¹í˜„ #ë£¨ë¯¼ #leeseunghyun #ë°°ìš° #singer #idol #kpop #music #ì‚¬ë‘í•´ #ìˆ˜ê³ í–ˆì–´ #ì¼ìƒ #ëª¨ë¸ #ì‚¬ì§„ #songwriter #goodluck # #takecare #love
FanClub F.Cuz Mexico,[2023.03.20 #ë£¨ë¯¼ #Lumin Instagram stories@lumin_official ] 1#ì´ìŠ¹í˜„ #ë£¨ë¯¼ #leeseunghyun #ë°°ìš° #singer #idol #kpop #music #ì‚¬ë‘í•´ #ìˆ˜ê³ í–ˆì–´ #ì¼ìƒ #ëª¨ë¸ #ì‚¬ì§„ #songwriter #goodluck # #takecare #love,"LUMIN, Uruguay invests in the new Raute Green Veneer Composing Line R7 #veneer #forestry #wood #Lumin #ifi_news",[2023.03.19 #ë£¨ë¯¼ #Lumin Instagram stories@lumin_official ] #ì´ìŠ¹í˜„ #ë£¨ë¯¼ #leeseunghyun #ë°°ìš° #singer #idol #kpop #music #ì‚¬ë‘í•´ #ìˆ˜ê³ í–ˆì–´ #ì¼ìƒ #ëª¨ë¸ #ì‚¬ì§„ #songwriter #goodluck # #takecare #love
Ashish Rishi,"LUMIN, Uruguay invests in the new Raute Green Veneer Composing Line R7 #veneer #forestry #wood #Lumin #ifi_news",[2023.03.19 #ë£¨ë¯¼ #Lumin Instagram stories@lumin_official ] #ì´ìŠ¹í˜„ #ë£¨ë¯¼ #leeseunghyun #ë°°ìš° #singer #idol #kpop #music #ì‚¬ë‘í•´ #ìˆ˜ê³ í–ˆì–´ #ì¼ìƒ #ëª¨ë¸ #ì‚¬ì§„ #songwriter #goodluck # #takecare #love,[2023.03.18 #ë£¨ë¯¼ #Lumin Instagram stories@lumin_official ] #ì´ìŠ¹í˜„ #ë£¨ë¯¼ #leeseunghyun #ë°°ìš° #singer #idol #kpop #music #ì‚¬ë‘í•´ #ìˆ˜ê³ í–ˆì–´ #ì¼ìƒ #ëª¨ë¸ #ì‚¬ì§„ #songwriter #goodluck # #takecare #love
Ashish Rishi,[2023.03.19 #ë£¨ë¯¼ #Lumin Instagram stories@lumin_official ] #ì´ìŠ¹í˜„ #ë£¨ë¯¼ #leeseunghyun #ë°°ìš° #singer #idol #kpop #music #ì‚¬ë‘í•´ #ìˆ˜ê³ í–ˆì–´ #ì¼ìƒ #ëª¨ë¸ #ì‚¬ì§„ #songwriter #goodluck # #takecare #love,[2023.03.18 #ë£¨ë¯¼ #Lumin Instagram stories@lumin_official ] #ì´ìŠ¹í˜„ #ë£¨ë¯¼ #leeseunghyun #ë°°ìš° #singer #idol #kpop #music #ì‚¬ë‘í•´ #ìˆ˜ê³ í–ˆì–´ #ì¼ìƒ #ëª¨ë¸ #ì‚¬ì§„ #songwriter #goodluck # #takecare #love,[2023.03.17 #ë£¨ë¯¼ #Lumin Instagram stories@lumin_official ] #ì´ìŠ¹í˜„ #ë£¨ë¯¼ #leeseunghyun #ë°°ìš° #singer #idol #kpop #music #ì‚¬ë‘í•´ #ìˆ˜ê³ í–ˆì–´ #ì¼ìƒ #ëª¨ë¸ #ì‚¬ì§„ #songwriter #goodluck # #takecare #love
LCM Fresno,[2023.03.18 #ë£¨ë¯¼ #Lumin Instagram stories@lumin_official ] #ì´ìŠ¹í˜„ #ë£¨ë¯¼ #leeseunghyun #ë°°ìš° #singer #idol #kpop #music #ì‚¬ë‘í•´ #ìˆ˜ê³ í–ˆì–´ #ì¼ìƒ #ëª¨ë¸ #ì‚¬ì§„ #songwriter #goodluck # #takecare #love,[2023.03.17 #ë£¨ë¯¼ #Lumin Instagram stories@lumin_official ] #ì´ìŠ¹í˜„ #ë£¨ë¯¼ #leeseunghyun #ë°°ìš° #singer #idol #kpop #music #ì‚¬ë‘í•´ #ìˆ˜ê³ í–ˆì–´ #ì¼ìƒ #ëª¨ë¸ #ì‚¬ì§„ #songwriter #goodluck # #takecare #love,Couldn't agree more! #lumin
Satya Kumar,[2023.03.17 #ë£¨ë¯¼ #Lumin Instagram stories@lumin_official ] #ì´ìŠ¹í˜„ #ë£¨ë¯¼ #leeseunghyun #ë°°ìš° #singer #idol #kpop #music #ì‚¬ë‘í•´ #ìˆ˜ê³ í–ˆì–´ #ì¼ìƒ #ëª¨ë¸ #ì‚¬ì§„ #songwriter #goodluck # #takecare #love,Couldn't agree more! #lumin,"Context window is Central to co referencing, a problem that we have been trying to solve for with #Lumin, this is great news for long term conversations! More power to context!"
Audio Emotion,"Context window is Central to co referencing, a problem that we have been trying to solve for with #Lumin, this is great news for long term conversations! More power to context!",Mindfulness Mondays: Trust yourself and God enough to move without fear of a misstep.#lcmfresno #mindfulnessmondays #campusministry #elcayoungadults #Lumin,Lumin indeed is lit. #decisionintelligence #lumin
enaxx-02,"Captain Aria Reynolds: Thank you for sharing that information with me, Lumin. I appreciate your time and your help.Lumin: Itâ€™s been a pleasure, Captain Reynolds. Feel free to ask me more questions if you have any.#reynolds #lumin #spaceexplorer #fascinating #discovery",HiFi News has just reviewed the Lumin T3 and awarded it as an â€œOutstanding Productâ€. Visit our site to read the full review - https://buff.ly/3ZBz3oS #lumin #hifinews #audioemotion,[2023.03.06 #ë£¨ë¯¼ #Lumin Instagram stories@lumin_official ] #ì´ìŠ¹í˜„ #ë£¨ë¯¼ #leeseunghyun #ë°°ìš° #singer #idol #kpop #music #ì‚¬ë‘í•´ #ìˆ˜ê³ í–ˆì–´ #ì¼ìƒ #ëª¨ë¸ #ì‚¬ì§„ #songwriter #goodluck
Jamie Biesemans,Mindfulness Mondays: A good thought to start the week with.#lcmfresno #mindfulnessmondays #campusministry #elcayoungadults #Lumin,- I don't wanna let you go #dainlumi #dainsleif #lumin #GenshinImpact #åŸç¥,[2023.03.01 #ë£¨ë¯¼ #Lumin Instagram stories@lumin_official ] 4#ì´ìŠ¹í˜„ #ë£¨ë¯¼ #leeseunghyun #ë°°ìš° #singer #idol #kpop #music #ì‚¬ë‘í•´ #ìˆ˜ê³ í–ˆì–´ #ì¼ìƒ #ëª¨ë¸ #ì‚¬ì§„ #songwriter #goodluck
Phoenix Review of Books,[2023.03.01 #ë£¨ë¯¼ #Lumin Instagram stories@lumin_official ] 3#ì´ìŠ¹í˜„ #ë£¨ë¯¼ #leeseunghyun #ë°°ìš° #singer #idol #kpop #music #ì‚¬ë‘í•´ #ìˆ˜ê³ í–ˆì–´ #ì¼ìƒ #ëª¨ë¸ #ì‚¬ì§„ #songwriter #goodluck,"A lot of cool gear today: the Lumin U2, as presented by Angus Leung, together with the STR amp from Anthem and those brand new MartinLogan Motion XT speakers. Impressive stuff. Soon on @hifi.nl...#hifi #streaming #music #lumin #audiophile @lumin__music @penholdbv",Mindfulness Mondays: Even the smallest steps ae important. Just take them.#lcmfresno #mindfulnessmondays #campusministry #elcayoungadults #Lumin
LCM Fresno,"On Feb 18, the 2nd series of ""Jiangsu Literature Translated"" was launched in Nanjing, #CityofLiterature.""Dinner for Six"" by #LuMin, ""Flight of the Bumblebee"" by #HuangBeijia, ""Selected stories by #XuZechen"", and #HanDong's ""Capriccio on the Way to Buy Salt"", were introduced.",lumin pls come back #aether #lumin #GenshinImpact #art,Weber's new Lumin range offers a state-of-the-art electric grill is ideal forthose with limited outdoor space who don't want to store gas or charcoal grills in their home. #weber #electricgrill #bbq #lumin
FanClub F.Cuz Mexico,Mindfulness Mondays: How can you help someone in need this week?#lcmfresno #mindfulnessmondays #campusministry #elcayoungadults #Lumin,Excited to share the latest addition to my #etsy shop: Paper sock lantern hanging for christmas svg pdf Template - DIY Christmas Decorations - merry christmas lantern - christmas crafts svg 1 https://etsy.me/3ElaBQc #christmas #christmascricut #christmasdecorsvg #lumin,[2023.02.18 #ë£¨ë¯¼ #Lumin Instagram stories @lumin_official ] 5#ì´ìŠ¹í˜„ #ë£¨ë¯¼ #leeseunghyun #ë°°ìš° #singer #idol #kpop #music #ì‚¬ë‘í•´ #ìˆ˜ê³ í–ˆì–´ #ì¼ìƒ #ëª¨ë¸ #ì‚¬ì§„ #songwriter #goodluck https://instagram.com/p/Coz0-YjugBy/?igshid=YTgzYjQ4ZTY=â€¦
FanClub F.Cuz Mexico,[2023.02.18 #ë£¨ë¯¼ #Lumin Instagram stories @lumin_official ] 3#ì´ìŠ¹í˜„ #ë£¨ë¯¼ #leeseunghyun #ë°°ìš° #singer #idol #kpop #music #ì‚¬ë‘í•´ #ìˆ˜ê³ í–ˆì–´ #ì¼ìƒ #ëª¨ë¸ #ì‚¬ì§„ #songwriter #goodluck https://instagram.com/p/CozxqRPO4Ek/?igshid=YTgzYjQ4ZTY=â€¦,[2023.02.18 #ë£¨ë¯¼ #Lumin Instagram stories @lumin_official ] 2#ì´ìŠ¹í˜„ #ë£¨ë¯¼ #leeseunghyun #ë°°ìš° #singer #idol #kpop #music #ì‚¬ë‘í•´ #ìˆ˜ê³ í–ˆì–´ #ì¼ìƒ #ëª¨ë¸ #ì‚¬ì§„ #songwriter #goodluck #hamsome,NEWS CM-Audio â€Meet The Expertsâ€œ- Workshop mit Lumin & Lyravox: https://l8r.it/7ADD#hifinews #hifi #news #fairaudio #highend #highendaudio #bestsound #audio #audionews #audioshow #hifiworkshop #hifivorfÃ¼hrung #cmaudio #lyravox #lumin
FanClub F.Cuz Mexico,NEWS CM-Audio â€Meet The Expertsâ€œ- Workshop mit Lumin & Lyravox: https://l8r.it/7ADD#hifinews #hifi #news #fairaudio #highend #highendaudio #bestsound #audio #audionews #audioshow #hifiworkshop #hifivorfÃ¼hrung #cmaudio #lyravox #lumin,[2023.02.17 #ë£¨ë¯¼ #Lumin Instagram stories @lumin_official ] #ì´ìŠ¹í˜„ #ë£¨ë¯¼ #leeseunghyun #ë°°ìš° #singer #idol #kpop #music #ì‚¬ë‘í•´ #ìˆ˜ê³ í–ˆì–´ #ì¼ìƒ #ëª¨ë¸ #ì‚¬ì§„ #songwriter #goodluck,[2023.02.16 #ë£¨ë¯¼ #Lumin Instagram stories @lumin_official ] #ì´ìŠ¹í˜„ #ë£¨ë¯¼ #leeseunghyun #ë°°ìš° #singer #idol #kpop #music #ì‚¬ë‘í•´ #ìˆ˜ê³ í–ˆì–´ #ì¼ìƒ #ëª¨ë¸ #ì‚¬ì§„ #songwriter #goodluck
FanClub F.Cuz Mexico,[2023.02.17 #ë£¨ë¯¼ #Lumin Instagram stories @lumin_official ] #ì´ìŠ¹í˜„ #ë£¨ë¯¼ #leeseunghyun #ë°°ìš° #singer #idol #kpop #music #ì‚¬ë‘í•´ #ìˆ˜ê³ í–ˆì–´ #ì¼ìƒ #ëª¨ë¸ #ì‚¬ì§„ #songwriter #goodluck,[2023.02.16 #ë£¨ë¯¼ #Lumin Instagram stories @lumin_official ] #ì´ìŠ¹í˜„ #ë£¨ë¯¼ #leeseunghyun #ë°°ìš° #singer #idol #kpop #music #ì‚¬ë‘í•´ #ìˆ˜ê³ í–ˆì–´ #ì¼ìƒ #ëª¨ë¸ #ì‚¬ì§„ #songwriter #goodluck,[2023.02.13 #ë£¨ë¯¼ #Lumin Instagram stories @lumin_official ] 2#ì´ìŠ¹í˜„ #ë£¨ë¯¼ #leeseunghyun #ë°°ìš° #singer #idol #kpop #music #ì‚¬ë‘í•´ #ìˆ˜ê³ í–ˆì–´ #ì¼ìƒ #ëª¨ë¸ #ì‚¬ì§„ #songwriter #goodluck
fouaad tariq,They are fraud #LuminSkin,,
Tal Swicegood,"Wow, #luminskin has some shady business practices. Cancelling that post free trial membership is next to impossible on mobile. ğŸ˜µ",,
Crypto Recoinnaissance,"@InternetTodayTV
 thanks for the #LuminSkin hookup. Was legit skeptical about this and was thoroughly impressed! My wife said keep the subscription lol. It works! 37, look 40, trying to hit the middle ;)",,
Sean Tourangeau - Designer Luna Class Titan,Since Iâ€™ve seen the commercial posted by @good_conductcreative for #luminskin I figure itâ€™s safe to post the storyboards I did for this commercial. Thanks Rob Lewis for bringing me on to this project. #storyboards #broadcastadvertising #commerial,,
"papibebe","My skincare for next few weeks. 
Hope they works! #lumin #luminskin",,
"diegodowntown",Ready to face the day thanks to #LuminSkin â€” they offer curated skincare sets for all types of skin. Look at me â€” Iâ€™m glowing! Try it out with a 30 day free trial. Head over to my IG to sign-up! #YourBestLookEver #MadeForMen #NYC #DiegoDowntown #Ad,,
Dustin Reyes,"Been using 
@lumin_skin
 for quite some time now, and the effects are superb!

â¤ï¸
#LuminSkin #LuminSkinManagementSet",,
,"Joey Atwaini
Nighttime routine with #luminskin",,
"East Coast Vegas
","@lumin_skin
 an order was placed on July 3, 2020 and it still says in route? This is beyond a COVID delay. Can you help me understand the issue? Regards! #lumin #luminskin
",,
"stuartforrest","#luminskin is a scam.  Signed up for the trial you can cancel. They sent the wrong stuff and dont answer emails for over a week and you cant cancel the trial as the website doesnt work.  SCAM
",,
"@HausofPayton
","P
Does anyone actually use the #LuminSkin skincare line???",,
"@jockey.jay
","I did a commercial for 
@lumin_skin
 ğŸ‘ŒğŸ¾
#actor #lumin #luminskin #gq #menshealth #rollingstone #forbes",,
"Thijs Kremers
","tomsbroer
Are you happy with your #luminskin subscription? Try to cancel it anyway, they give you your next three boxes with great discounts! #lumin",,
,"OfficialBlakeWalker
@OfficialCarlJW1
Â·
Oct 15, 2019
#justme #me #gaymodel #gayfamous #gayguy #gayfame  #luminskinmanagementformen  #gaymodel #gaystuff #gaymale #gayoftheday #skinmanagementformen #lumin #skincare #dailyroutine #luminskin #yesterday #product #tested well worth using tjis brand easy to apply and a very good price too",,
,"Roy
@royirvingchan
Â·
Sep 27, 2019
Decided to give #luminskin a try https://instagram.com/p/B26WXTAhmb9/?igshid=10ki1vtpm8k3h",,
,"Crypto Recoinnaissance
@cryptorecoin
Â·
May 27, 2022
@InternetTodayTV
 thanks for the #LuminSkin hookup. Was legit skeptical about this and was thoroughly impressed! My wife said keep the subscription lol. It works! 37, look 40, trying to hit the middle ;)",,
"WiiYoncÃ©
","@WiiYonce
Anyone actually tried using 
@warpaintformen
 or even that skincare line for ""men"" called #Luminskin ğŸ¤”ğŸ¤”ğŸ¤” I simply ask cuz I know all makeup products and all skincare products can and should work for ALL skin types. So why gender lock products? #shade #mua #skincare #hottea #ijs",,
,"suhin_m
@suhin_m
Â·
Mar 11, 2020
Replying to 
@lumin_skin
Following Liked Retweeted & Tagging my friend 
@AgnaniGirish
 #LuminSkin #Giveaway",,
"Joey Atwaini
","lux_simple
Â·
Aug 7, 2021
Night time routine.
â€¢ Charcoal cleanser â˜‘ï¸
â€¢ Moisturizing Balm â˜‘ï¸
â€¢ Dark circle defence â˜‘ï¸
10 hours sleepğŸ’¤

#nighttime #nightroutine #skincare #skin
#healthyskin #luminskin #Melanin #healthy","Juhdeema ğŸ’‹ğŸŒº
@juhdeema
Â·
Jun 10, 2020
Me when my friends try to give me some weak ğŸƒ 
â€¢
â€¢
â€¢
â€¢
â€¢
â€¢
Checkout my Lumin Skincare Management for Men review on my YouTube! Link in bio!
â€¢
#lumin #luminskin #luminskincare #luminskincareformen #skincare #maleâ€¦ https://instagram.com/p/CBPA7sCDiIK/?igshid=s0b1av708vrj",
Sean Tourangeau - Designer Luna Class Titan,"
@SeanTourangeau
Â·
Feb 10, 2022
Since Iâ€™ve seen the commercial posted by @good_conductcreative for #luminskin I figure itâ€™s safe to post the storyboards I did for this commercial. Thanks Rob Lewis for bringing me on to this project. #storyboards #broadcastadvertising #commerial",,
,"B
@1Bromotion
Â·
May 18, 2020
Let's try thisğŸ¤·â€â™‚ï¸ 
@EasyAllies
 #LuminSkin
",,
,"
james
@plainjanepapi
Â·
Feb 19, 2020
NEW VIDEO OUT ON YOUTUBE (the vlogs are coming back soon I swear) https://youtu.be/Dmjfo554ZFg via 
@YouTube
 
@lumin_skin
 #LuminSkin
youtube.com
so I bought an Instagram ad... | Lumin Skin Review
In this video, I'm giving an honest (not sponsored btw) review of Lumin Skin Care for men! If you like ",,
,"Evan Rofheart
@evananda
Â·
Jun 29, 2019
#LuminSkin is a complete scam. #Lumin #Luminskin #Scam Just more dangerous skin care crap made in China. I threw it out.",,
,"Moin Ali
@moinaconn
Â·
Jan 2, 2020
https://luminskin.com/pages/free-trial?_referral_coupon=MOINALI 

#luminSkin best cream for mens","Mr. Hudson
@somosadmirables
Â·
Feb 29, 2020
I have several emails sent to this company 
@lumin_skin
 they are scammers, they do not send the product, and I have passed the charge at the bank, I am claiming for my money.  very careful with this company #luminskin",
,"âšœï¸King Ralph Harmonâšœï¸
@iGQRalph
Â·
Feb 26, 2020
Looking forward to trying this new skincare line for men #LuminSkin letâ€™s see what happens! #skincareroutine #skincaretwitter #skincare #skincareformen
Abenity
@Abenity
Â·
Dec 10, 2021
Congrats to Miranda for winning the Complete Skincare Gift Set from 
@lumin_skin
! Abenity members can save 20% off any purchase at: https://buff.ly/3olTg1L

#lifehasperks #luminskin
ğŸµğŸ™ˆğŸ™‰ğŸ™ŠğŸ’
@Rigo_Corona
Â·
Nov 30, 2019
I been using #LuminSkin now for about 5 months an Iâ€™m so annoyed that I just found out I can switch products out for other ones #SMH. I have so much black circle defense at home I was getting mad lol.",,
,"Abenity
@Abenity
Â·
Jan 6, 2022
Congratulations to Lianne for winning the Complete Skincare Gift Set from 
@lumin_skin
! Even if you missed this giveaway, Abenity members can still save 20% off any purchase at: https://buff.ly/3olTg1L

#lifehasperks #luminskin
Joey Atwaini
@lux_simple
Â·
Aug 4, 2021
I'm very picky about skincare, especially with chemical ingredients. 
This set is simply amazing. ğŸ”ğŸ”

#skincareformen #skincareroutine #Skin 
#luminskin #skincare #skincaretips
Aniket ğŸ¤·ğŸ»â€â™‚ï¸
@LogonAniket
Â·
Sep 27, 2019
Hey! Let me introduce you to #Lumin the best simple skin management for guys. They've been featured on GQ! Use my referral link to get a 1 month supply for USD $3 only. You can cancel anytime. ğŸ˜€ #LuminSkin

Link:
luminskin.com
FT: Exclusive Free Trial
Lumin creates premium men's skincare products to build easy daily skincare routines for guys that combat dark eye circles, fine lines, dry skin, and more.",,
GulfCoastSmoke,Mindfulness Mondays: Remember to take time to take care of yourself this week and every week. #lcmfresno #mindfulnessmondays #campusministry #elcayoungadults #Lumin,,
GulfCoastSmoke,Mindfulness Mondays: Remember to take time to take care of yourself this week and every week. #lcmfresno #mindfulnessmondays #campusministry #elcayoungadults #Lumin,#Fosforâ€™s #Lumin Enhances Its Decision #Intelligence #Capabilities With #Powerful #AI And #GPT-Based Contextual Narratives Source: #NSE#BSE#stockmarket #investing #LTIM,Mindfulness Mondays: You are wonderfully made just as you are. #lcmfresno #mindfulnessmondays #campusministry #elcayoungadults #Lumin
LCM Fresno,#Fosforâ€™s #Lumin Enhances Its Decision #Intelligence #Capabilities With #Powerful #AI And #GPT-Based Contextual Narratives Source: #NSE#BSE#stockmarket #investing #LTIM,Mindfulness Mondays: Embrace your strenght today. #lcmfresno #mindfulnessmondays #campusministry #elcayoungadults #Lumin,The cute NEV is charging at the morning ! #NEV #LUMIN #Changanvehicle #Chinastocks000625
PCZWSinvestinchn,Mindfulness Mondays: Embrace your strenght today. #lcmfresno #mindfulnessmondays #campusministry #elcayoungadults #Lumin,Some piece of process.. #GenshinImpact #Baizhu #Lumin #BaiLumi #fanart #comic #manga #anime#sketch #drawing,my Araether & Aralumin (â ï¾‰^ãƒ®^)â ï¾‰â *â .â âœ§Â°~#acrylicfigure #art #aether #lumin #acrylicstand
Wicky_Cup,The cute NEV is charging at the morning ! #NEV #LUMIN #Changanvehicle #Chinastocks000625,my Araether & Aralumin (â ï¾‰^ãƒ®^)â ï¾‰â *â .â âœ§Â°~#acrylicfigure #art #aether #lumin #acrylicstand,lumin pls come back #aether #lumin #GenshinImpact #art
fruo fruo Arts,Some piece of process.. #GenshinImpact #Baizhu #Lumin #BaiLumi #fanart #comic #manga #anime#sketch #drawing,lumin pls come back #aether #lumin #GenshinImpact #art,Fosfor's Lumin Enhances Its Decision Intelligence Capabilities With Powerful AI And GPT-Based Contextual Narratives.#LTIMindtree #Fosfor #Lumin #DecisionIntelligence#PowerfulAI#GPTbasedContextualNarratives
ruis poossay,my Araether & Aralumin (â ï¾‰^ãƒ®^)â ï¾‰â *â .â âœ§Â°~#acrylicfigure #art #aether #lumin #acrylicstand,Fosfor's Lumin Enhances Its Decision Intelligence Capabilities With Powerful AI And GPT-Based Contextual Narratives.#LTIMindtree #Fosfor #Lumin #DecisionIntelligence#PowerfulAI#GPTbasedContextualNarratives,I don't know what motivated me to do Aether and Lumin....#Genshinlmpact#MurderDrones#Lumin#Aether
Maâ‚¹ket VedantA â„¢,lumin pls come back #aether #lumin #GenshinImpact #art,I don't know what motivated me to do Aether and Lumin....#Genshinlmpact#MurderDrones#Lumin#Aether,Weber's new Lumin range offers a state-of-the-art electric grill is ideal forthose with limited outdoor space who don't want to store gas or charcoal grills in their home. #weber #electricgrill #bbq #lumin
Rego,Fosfor's Lumin Enhances Its Decision Intelligence Capabilities With Powerful AI And GPT-Based Contextual Narratives.#LTIMindtree #Fosfor #Lumin #DecisionIntelligence#PowerfulAI#GPTbasedContextualNarratives,Weber's new Lumin range offers a state-of-the-art electric grill is ideal forthose with limited outdoor space who don't want to store gas or charcoal grills in their home. #weber #electricgrill #bbq #lumin,#Lumin CPAP cleaner consists of a chamber that produces #UVlight and this effective UV light is useful for killing 99.9% of germs. #CPAPcleaningmachine is 100% safe and easy to use.#Respiratory #medicalsupplies #tampa #florida
O'Reilly Hardware,I don't know what motivated me to do Aether and Lumin....#Genshinlmpact#MurderDrones#Lumin#Aether,#Lumin CPAP cleaner consists of a chamber that produces #UVlight and this effective UV light is useful for killing 99.9% of germs. #CPAPcleaningmachine is 100% safe and easy to use.#Respiratory #medicalsupplies #tampa #florida,"LUMIN, Uruguay invests in the new Raute Green Veneer Composing Line R7 #veneer #forestry #wood #Lumin #ifi_news"
Riteway Medical,Weber's new Lumin range offers a state-of-the-art electric grill is ideal forthose with limited outdoor space who don't want to store gas or charcoal grills in their home. #weber #electricgrill #bbq #lumin,"LUMIN, Uruguay invests in the new Raute Green Veneer Composing Line R7 #veneer #forestry #wood #Lumin #ifi_news",#NEWVIDEO PREVIEW OF THE #PRODUCTS I WILL BE #REVIEWING OVER THE NEXT FEW MONTHS @GarnierUK #oiamiga #heath #drbotanicals @BybiBeauty @Ilove7thHeaven #Theordinary @DelavieSciences #lumin & much morehttps://youtu.be/GgxK4UeO1mg#skincare #skincareproducts#reviewer #haircareproducts
IFI: forestry news,#Lumin CPAP cleaner consists of a chamber that produces #UVlight and this effective UV light is useful for killing 99.9% of germs. #CPAPcleaningmachine is 100% safe and easy to use.#Respiratory #medicalsupplies #tampa #florida,#NEWVIDEO PREVIEW OF THE #PRODUCTS I WILL BE #REVIEWING OVER THE NEXT FEW MONTHS @GarnierUK #oiamiga #heath #drbotanicals @BybiBeauty @Ilove7thHeaven #Theordinary @DelavieSciences #lumin & much morehttps://youtu.be/GgxK4UeO1mg#skincare #skincareproducts#reviewer #haircareproducts,"On Feb 18, the 2nd series of ""Jiangsu Literature Translated"" was launched in Nanjing, #CityofLiterature.""Dinner for Six"" by #LuMin, ""Flight of the Bumblebee"" by #HuangBeijia, ""Selected stories by #XuZechen"", and #HanDong's ""Capriccio on the Way to Buy Salt"", were introduced."
CHASE J LONDON,"LUMIN, Uruguay invests in the new Raute Green Veneer Composing Line R7 #veneer #forestry #wood #Lumin #ifi_news","On Feb 18, the 2nd series of ""Jiangsu Literature Translated"" was launched in Nanjing, #CityofLiterature.""Dinner for Six"" by #LuMin, ""Flight of the Bumblebee"" by #HuangBeijia, ""Selected stories by #XuZechen"", and #HanDong's ""Capriccio on the Way to Buy Salt"", were introduced.",Get ready for your lobster events! Lobster Luminary Bags! #lobster #lumin #luminarybags #lobsterbibs #lobsterbake #partybibs
Phoenix Review of Books,#NEWVIDEO PREVIEW OF THE #PRODUCTS I WILL BE #REVIEWING OVER THE NEXT FEW MONTHS @GarnierUK #oiamiga #heath #drbotanicals @BybiBeauty @Ilove7thHeaven #Theordinary @DelavieSciences #lumin & much morehttps://youtu.be/GgxK4UeO1mg#skincare #skincareproducts#reviewer #haircareproducts,Get ready for your lobster events! Lobster Luminary Bags! #lobster #lumin #luminarybags #lobsterbibs #lobsterbake #partybibs,"Watch as Chef Jason, Ace's Grilling Expert, goes through his favorite features on the Weber Lumin. #Weber #MyWhitesAce #YourGrillingPlace #YourHelpfulPlace #lumin"
Sand Scripts,"On Feb 18, the 2nd series of ""Jiangsu Literature Translated"" was launched in Nanjing, #CityofLiterature.""Dinner for Six"" by #LuMin, ""Flight of the Bumblebee"" by #HuangBeijia, ""Selected stories by #XuZechen"", and #HanDong's ""Capriccio on the Way to Buy Salt"", were introduced.","Watch as Chef Jason, Ace's Grilling Expert, goes through his favorite features on the Weber Lumin. #Weber #MyWhitesAce #YourGrillingPlace #YourHelpfulPlace #lumin",Shopping Lumin? Save with 8% cashback when you use Dollar Dig!Save now: https://dlrdg.us/4z0a5#frugal #cashback #cashbackoffer #lumin #skincare #deal #savings #onlineshopping #frugallife
Dollar Dig,"Watch as Chef Jason, Ace's Grilling Expert, goes through his favorite features on the Weber Lumin. #Weber #MyWhitesAce #YourGrillingPlace #YourHelpfulPlace #lumin",Lumin indeed is lit. #decisionintelligence #lumin,and also this #dainslumi aesthetic was made for @justvalery__ as wellthem#GenshinImapct #dainslumi #lumin #Dainsleif
Satya Kumar,Shopping Lumin? Save with 8% cashback when you use Dollar Dig!Save now: https://dlrdg.us/4z0a5#frugal #cashback #cashbackoffer #lumin #skincare #deal #savings #onlineshopping #frugallife,and also this #dainslumi aesthetic was made for @justvalery__ as wellthem#GenshinImapct #dainslumi #lumin #Dainsleif,Replying to @tfadell
ĞºĞ¾Ñ€Ğ´ĞµĞ»Ğ°Ğ¼Ğ¸,Lumin indeed is lit. #decisionintelligence #lumin,Replying to @tfadell,Couldn't agree more! #lumin
KikoLobo,and also this #dainslumi aesthetic was made for @justvalery__ as wellthem#GenshinImapct #dainslumi #lumin #Dainsleif,Couldn't agree more! #lumin,Confucius-instituut Groningen.#China #literatuur #LuMin chineseliterature https://singeluitgeverijen.nl/de-geus/boek/hormonen-in-de-nacht/â€¦https://mastodon.nl/@astigg1/109682469766447365â€¦ (2/2)
Ashish Rishi,Replying to @tfadell,Confucius-instituut Groningen.#China #literatuur #LuMin chineseliterature https://singeluitgeverijen.nl/de-geus/boek/hormonen-in-de-nacht/â€¦https://mastodon.nl/@astigg1/109682469766447365â€¦ (2/2),Excited to share the latest addition to my #etsy shop: Paper star lantern hanging for christmas svg pdf Template - DIY Christmas Decorations - merry christmas lantern - christmas crafts svg 1 https://etsy.me/3QpBLu8 #christmas #christmascricut #christmasdecorsvg #lumin
Bert Huisman,Couldn't agree more! #lumin,Excited to share the latest addition to my #etsy shop: Paper star lantern hanging for christmas svg pdf Template - DIY Christmas Decorations - merry christmas lantern - christmas crafts svg 1 https://etsy.me/3QpBLu8 #christmas #christmascricut #christmasdecorsvg #lumin,"A lot of cool gear today: the Lumin U2, as presented by Angus Leung, together with the STR amp from Anthem and those brand new MartinLogan Motion XT speakers. Impressive stuff. Soon on @hifi.nl...#hifi #streaming #music #lumin #audiophile @lumin__music @penholdbv"
Thu Phuong,Confucius-instituut Groningen.#China #literatuur #LuMin chineseliterature https://singeluitgeverijen.nl/de-geus/boek/hormonen-in-de-nacht/â€¦https://mastodon.nl/@astigg1/109682469766447365â€¦ (2/2),"A lot of cool gear today: the Lumin U2, as presented by Angus Leung, together with the STR amp from Anthem and those brand new MartinLogan Motion XT speakers. Impressive stuff. Soon on @hifi.nl...#hifi #streaming #music #lumin #audiophile @lumin__music @penholdbv",NEWS CM-Audio â€Meet The Expertsâ€œ- Workshop mit Lumin & Lyravox: https://l8r.it/7ADD#hifinews #hifi #news #fairaudio #highend #highendaudio #bestsound #audio #audionews #audioshow #hifiworkshop #hifivorfÃ¼hrung #cmaudio #lyravox #lumin
fairaudio,"A lot of cool gear today: the Lumin U2, as presented by Angus Leung, together with the STR amp from Anthem and those brand new MartinLogan Motion XT speakers. Impressive stuff. Soon on @hifi.nl...#hifi #streaming #music #lumin #audiophile @lumin__music @penholdbv",#CLICK #luminCheck out this deal! Get 15% OFF site wide: https://invol.co/clfw4c7?ia_source=twitterâ€¦,Fosfor's Lumin Enhances Its Decision Intelligence Capabilities With Powerful AI And GPT-Based Contextual Narratives#LTIMindtree #INE214T01019 ##Fosfor #Lumin #DecisionIntelligence https://equitybulls.com/category.php?id=329250â€¦
EquityBulls.com,#CLICK #luminCheck out this deal! Get 15% OFF site wide: https://invol.co/clfw4c7?ia_source=twitterâ€¦,Replying to @Lumishare_Lumi,February Offer #Lumin
Ahmad Ibrahim,Fosfor's Lumin Enhances Its Decision Intelligence Capabilities With Powerful AI And GPT-Based Contextual Narratives#LTIMindtree #INE214T01019 ##Fosfor #Lumin #DecisionIntelligence https://equitybulls.com/category.php?id=329250â€¦,February Offer #Lumin,Get 15% OFF site wide #Lumin