Marilyn egli,So good I had to share! Check out all the items I'm loving on @Poshmarkapp #poshmark #fashion #style #shopmycloset #swarovskielements #taylorstitch #freepeople: https://posh.mk/FIZmgEJqWxb,,So good I had to share! Check out all the items I'm loving on @Poshmarkapp #poshmark #fashion #style #shopmycloset #taylorstitch #shein #americaneagleoutfitters: https://posh.mk/S9sk2qwdUxb
StyleBranding,"B Shop, Bergdorf Goodman’s Mens store is looking especially notable with the addition of the capsule collection by Taylor Stitch.#bergdorfgoodman #taylorstitch #menswear",FINALLY FINISHED with #taylorstitch!! shoulder injury can’t hold me down. #taylorswiftME #MEoutnow @taylorswift13 @taylornation13 #MEMusicVideo #crossstitch,So good I had to share! Check out all the items I'm loving on @Poshmarkapp from @SmtQuiltRetreat @scienceresell #poshmark #fashion #style #shopmycloset #anthonymarkhankins #taylorstitch #solutions: https://posh.mk/tij2W25pRwb
,,So good I had to share! Check out all the items I'm loving on @Poshmarkapp from @SmtQuiltRetreat @scienceresell #poshmark #fashion #style #shopmycloset #anthonymarkhankins #taylorstitch #solutions: https://posh.mk/tij2W25pRwb,
,,So good I had to share! Check out all the items I'm loving on @Poshmarkapp from @SmtQuiltRetreat @scienceresell #poshmark #fashion #style #shopmycloset #anthonymarkhankins #taylorstitch #solutions: https://posh.mk/tij2W25pRwb,Hey Guys #TaylorStitch Just Launched Its New Arrival Collection! Don't Wait Shop Now!https://ourfamily2yours.com/taylorstitchsale…
Burz,"The incredible texture of the @taylorstitch indigo waffle long haul jacket. Also paired with a @lucaavitabile Friday polo in khaki, and @blackhorselane denim....#taylorstitch #lucaavitabile #blackhorselane #dapperlydone #mensfashionreview #mensclothing #dailystyle #dappe…","Top half from yesterday’s weekend look. @taylorstitch long haul jacket, @hertlingusa relaxed chinos, @spiermackay flannel shirt, and @equusleather belt....#taylorstitch #spierandmackay #hertling #equusleather #dapperlydone #mensfashionreview #mensclothing #dailystyle #da…",the irony of “i’m the only one of me” @taylorswift13 x4. @taylornation13 #ts7 #TaylorSwiftME #MeOutNow #MEmusicvideo #BenjaminButton #BenjaminButtomAndME #allthetaylorswifthashtags #taylorstitch
Burz,"Top half from yesterday’s weekend look. @taylorstitch long haul jacket, @hertlingusa relaxed chinos, @spiermackay flannel shirt, and @equusleather belt....#taylorstitch #spierandmackay #hertling #equusleather #dapperlydone #mensfashionreview #mensclothing #dailystyle #da…",Hey Guys #TaylorStitch Just Launched Its New Arrival Collection! Don't Wait Shop Now!https://ourfamily2yours.com/taylorstitchsale…,Hey Guys Need a NEW Wardrobe? Head Over To #TAYLORSTITCH and Get 25% Off Sitewide! Shop Now!https://ourfamily2yours.com/taylorstitchspringsale…
Barbara Harnsberger,Hey Guys #TaylorStitch Just Launched Its New Arrival Collection! Don't Wait Shop Now!https://ourfamily2yours.com/taylorstitchsale…,Hey Guys #TaylorStitch Just Put Their Entire Site 30% Off For The Fourth Of July! Shop Now!!https://ourfamily2yours.com/taylorstitchshortsleeveshirts…,So good I had to share! Check out all the items I'm loving on @Poshmarkapp #poshmark #fashion #style #shopmycloset #disney #hm #taylorstitch: https://posh.mk/xX8YAZeFqqb
Barbara Harnsberger,Hey Guys #TaylorStitch Just Put Their Entire Site 30% Off For The Fourth Of July! Shop Now!!https://ourfamily2yours.com/taylorstitchshortsleeveshirts…,the irony of “i’m the only one of me” @taylorswift13 x4. @taylornation13 #ts7 #TaylorSwiftME #MeOutNow #MEmusicvideo #BenjaminButton #BenjaminButtomAndME #allthetaylorswifthashtags #taylorstitch,So good I had to share! Check out all the items I'm loving on @Poshmarkapp #poshmark #fashion #style #shopmycloset #taylorstitch #jcrew #samedelman: https://posh.mk/3nUe4nbNCxb
Burz,"The incredible texture of the @taylorstitch indigo waffle long haul jacket. Also paired with a @lucaavitabile Friday polo in khaki, and @blackhorselane denim....#taylorstitch #lucaavitabile #blackhorselane #dapperlydone #mensfashionreview #mensclothing #dailystyle #dappe…","Top half from yesterday’s weekend look. @taylorstitch long haul jacket, @hertlingusa relaxed chinos, @spiermackay flannel shirt, and @equusleather belt....#taylorstitch #spierandmackay #hertling #equusleather #dapperlydone #mensfashionreview #mensclothing #dailystyle #da…",
Burz,"The incredible texture of the @taylorstitch indigo waffle long haul jacket. Also paired with a @lucaavitabile Friday polo in khaki, and @blackhorselane denim....#taylorstitch #lucaavitabile #blackhorselane #dapperlydone #mensfashionreview #mensclothing #dailystyle #dappe…","Top half from yesterday’s weekend look. @taylorstitch long haul jacket, @hertlingusa relaxed chinos, @spiermackay flannel shirt, and @equusleather belt....#taylorstitch #spierandmackay #hertling #equusleather #dapperlydone #mensfashionreview #mensclothing #dailystyle #da…",Hey Guys #TaylorStitch Just Launched Its New Arrival Collection! Don't Wait Shop Now!https://ourfamily2yours.com/taylorstitchsale…
Barbara Harnsberger,Hey Guys #TaylorStitch Just Launched Its New Arrival Collection! Don't Wait Shop Now!https://ourfamily2yours.com/taylorstitchsale…,Hey Guys #TaylorStitch Just Put Their Entire Site 30% Off For The Fourth Of July! Shop Now!!https://ourfamily2yours.com/taylorstitchshortsleeveshirts…,the irony of “i’m the only one of me” @taylorswift13 x4. @taylornation13 #ts7 #TaylorSwiftME #MeOutNow #MEmusicvideo #BenjaminButton #BenjaminButtomAndME #allthetaylorswifthashtags #taylorstitch
Barbara Harnsberger,Hey Guys #TaylorStitch Just Put Their Entire Site 30% Off For The Fourth Of July! Shop Now!!https://ourfamily2yours.com/taylorstitchshortsleeveshirts…,the irony of “i’m the only one of me” @taylorswift13 x4. @taylornation13 #ts7 #TaylorSwiftME #MeOutNow #MEmusicvideo #BenjaminButton #BenjaminButtomAndME #allthetaylorswifthashtags #taylorstitch,Hey Guys Need a NEW Wardrobe? Head Over To #TAYLORSTITCH and Get 25% Off Sitewide! Shop Now!https://ourfamily2yours.com/taylorstitchspringsale…
megan,the irony of “i’m the only one of me” @taylorswift13 x4. @taylornation13 #ts7 #TaylorSwiftME #MeOutNow #MEmusicvideo #BenjaminButton #BenjaminButtomAndME #allthetaylorswifthashtags #taylorstitch,Hey Guys Need a NEW Wardrobe? Head Over To #TAYLORSTITCH and Get 25% Off Sitewide! Shop Now!https://ourfamily2yours.com/taylorstitchspringsale…,So good I had to share! Check out all the items I'm loving on @Poshmarkapp #poshmark #fashion #style #shopmycloset #disney #hm #taylorstitch: https://posh.mk/xX8YAZeFqqb
Barbara Harnsberger,Hey Guys Need a NEW Wardrobe? Head Over To #TAYLORSTITCH and Get 25% Off Sitewide! Shop Now!https://ourfamily2yours.com/taylorstitchspringsale…,So good I had to share! Check out all the items I'm loving on @Poshmarkapp #poshmark #fashion #style #shopmycloset #disney #hm #taylorstitch: https://posh.mk/xX8YAZeFqqb,So good I had to share! Check out all the items I'm loving on @Poshmarkapp #poshmark #fashion #style #shopmycloset #taylorstitch #jcrew #samedelman: https://posh.mk/3nUe4nbNCxb
,,So good I had to share! Check out all the items I'm loving on @Poshmarkapp #poshmark #fashion #style #shopmycloset #disney #hm #taylorstitch: https://posh.mk/xX8YAZeFqqb,So good I had to share! Check out all the items I'm loving on @Poshmarkapp #poshmark #fashion #style #shopmycloset #taylorstitch #jcrew #samedelman: https://posh.mk/3nUe4nbNCxb
,"Top half from yesterday’s weekend look. @taylorstitch long haul jacket, @hertlingusa relaxed chinos, @spiermackay flannel shirt, and @equusleather belt....#taylorstitch #spierandmackay #hertling #equusleather #dapperlydone #mensfashionreview #mensclothing #dailystyle #da…",,
Mrs.Guzman,"Top half from yesterday’s weekend look. @taylorstitch long haul jacket, @hertlingusa relaxed chinos, @spiermackay flannel shirt, and @equusleather belt....#taylorstitch #spierandmackay #hertling #equusleather #dapperlydone #mensfashionreview #mensclothing #dailystyle #da…",the irony of “i’m the only one of me” @taylorswift13 x4. @taylornation13 #ts7 #TaylorSwiftME #MeOutNow #MEmusicvideo #BenjaminButton #BenjaminButtomAndME #allthetaylorswifthashtags #taylorstitch,"The extremely beautiful Moto Boot from @taylorstitch -4oz leather, fantastic construction and looks great with pretty much anything .......#taylorstitch #motoboot #goodyearwelted #stylegram #mensblog #gq #gstyle #gqstylehunt #rawdenim #selvedge #edcgear #styleformen…"
Boot Addict,the irony of “i’m the only one of me” @taylorswift13 x4. @taylornation13 #ts7 #TaylorSwiftME #MeOutNow #MEmusicvideo #BenjaminButton #BenjaminButtomAndME #allthetaylorswifthashtags #taylorstitch,"The incredible texture of the @taylorstitch indigo waffle long haul jacket. Also paired with a @lucaavitabile Friday polo in khaki, and @blackhorselane denim....#taylorstitch #lucaavitabile #blackhorselane #dapperlydone #mensfashionreview #mensclothing #dailystyle #dappe…",Change your t-shirt and sneakers and you can elevate even the t-shirt and jeans look!#menswear #mensstyle #style #styletips #taylorstitch #mottandbow
Angela M,Change your t-shirt and sneakers and you can elevate even the t-shirt and jeans look!#menswear #mensstyle #style #styletips #taylorstitch #mottandbow,"I’m not back to work for a few more days, this is more what my current wardrobe is looking like right now. @taylorstitch long haul and @jungmaven tee via @shopnaqp...#taylorstitch (sponsored)#jungmaven #naqp #instastyle #instafashion #wiw #wiwt #moda #modahombre #mensty…",Hey Guys #TaylorStitch Just Launched Its New Arrival Collection! Don't Wait Shop Now!https://ourfamily2yours.com/taylorstitchsale…
Barbara Harnsberger,Hey Guys #TaylorStitch Just Launched Its New Arrival Collection! Don't Wait Shop Now!https://ourfamily2yours.com/taylorstitchsale…,Hey Guys Need a NEW Wardrobe? Head Over To #TAYLORSTITCH and Get 25% Off Sitewide! Shop Now!https://ourfamily2yours.com/taylorstitchspringsale…,So good I had to share! Check out all the items I'm loving on @Poshmarkapp #poshmark #fashion #style #shopmycloset #taylorstitch #madewell #gucci: https://posh.mk/YxjV5QkHvfb
M Kathleen Hendrix,Hey Guys Need a NEW Wardrobe? Head Over To #TAYLORSTITCH and Get 25% Off Sitewide! Shop Now!https://ourfamily2yours.com/taylorstitchspringsale…,So good I had to share! Check out all the items I'm loving on @Poshmarkapp from @JennaDevroy #poshmark #fashion #style #shopmycloset #michaelmichaelkors #calvinklein #taylorstitch: https://posh.mk/AfKn8XWevmb,Deal of the Day! Taylor Stitch is hosting their Last Call Sale and you're invited to save and EXTRA 20% off last call items when you use promo code 'EXTRA50' at checkout! See the sale here: https://bit.ly/DOTD777#DOTD #ShopGenius #TaylorStitch #LastCall #Sale #Deal #Retail
Boynton Bargains,So good I had to share! Check out all the items I'm loving on @Poshmarkapp #poshmark #fashion #style #shopmycloset #taylorstitch #madewell #gucci: https://posh.mk/YxjV5QkHvfb,Deal of the Day! Taylor Stitch is hosting their Last Call Sale and you're invited to save and EXTRA 20% off last call items when you use promo code 'EXTRA50' at checkout! See the sale here: https://bit.ly/DOTD777#DOTD #ShopGenius #TaylorStitch #LastCall #Sale #Deal #Retail,"Add some spice to both your wardrobe and your margarita!New #taylorstitch Sunrise Print Shirt and #wandpdesign Spicy Margarita Mix!All available at http://journeymanshop.com Cheers, Todd"
shopgeniuscom,So good I had to share! Check out all the items I'm loving on @Poshmarkapp from @JennaDevroy #poshmark #fashion #style #shopmycloset #michaelmichaelkors #calvinklein #taylorstitch: https://posh.mk/AfKn8XWevmb,"Add some spice to both your wardrobe and your margarita!New #taylorstitch Sunrise Print Shirt and #wandpdesign Spicy Margarita Mix!All available at http://journeymanshop.com Cheers, Todd",CamoNow that the leaves are turning... I can stand out in this camo instead of blending in. Hope you are having a great #camtober@taylorstitch camo ojai@fieldnotesbrand pencil@redwingheritage Rover#camtober19 #camoflauge #taylorstitch #fieldnotes… https://ift.tt/30KRlFa
TL Sorenson,"Add some spice to both your wardrobe and your margarita!New #taylorstitch Sunrise Print Shirt and #wandpdesign Spicy Margarita Mix!All available at http://journeymanshop.com Cheers, Todd",So good I had to share! Check out all the items I'm loving on @Poshmarkapp #poshmark #fashion #style #shopmycloset #madewell #taylorstitch #milly: https://posh.mk/hWLojyDupob,Apothecary and vintage jars available on our website - fabulous decor #selvedge #taylorstitch #andythorntonltd #decor #tobacco #tattooparlour #restaurant #restaurantideas #decoration #vintage #vintagestyle #bottles #americandecor #apothecary #tobacconist… https://instagr.am/p/CKeZW4PncbF/
Andy Thornton Ltd,So good I had to share! Check out all the items I'm loving on @Poshmarkapp #poshmark #fashion #style #shopmycloset #madewell #taylorstitch #milly: https://posh.mk/hWLojyDupob,So good I had to share! Check out all the items I'm loving on @Poshmarkapp from @AutumnOlive4 @2squirrels1 #poshmark #fashion #style #shopmycloset #taylorstitch #columbia #nanettelepore: https://posh.mk/yIfMeexXAdb,
,So good I had to share! Check out all the items I'm loving on @Poshmarkapp from @AutumnOlive4 @2squirrels1 #poshmark #fashion #style #shopmycloset #taylorstitch #columbia #nanettelepore: https://posh.mk/yIfMeexXAdb,So good I had to share! Check out all the items I'm loving on @Poshmarkapp #poshmark #fashion #style #shopmycloset #taylorstitch #americaneagleoutfitters: https://posh.mk/76kYeXxdC7,So good I had to share! Check out all the items I'm loving on @Poshmarkapp #poshmark #fashion #style #shopmycloset #dickies #taylorstitch #huf: https://posh.mk/zno7kiqFwdb
momo ⁷ ,So good I had to share! Check out all the items I'm loving on @Poshmarkapp #poshmark #fashion #style #shopmycloset #taylorstitch #americaneagleoutfitters: https://posh.mk/76kYeXxdC7,So good I had to share! Check out all the items I'm loving on @Poshmarkapp from @ARose4503 #poshmark #fashion #style #shopmycloset #taylorstitch #galaxygoldproducts #forever21: https://posh.mk/3mfnr5F8Cxb,DEAL23.44% off to $98Taylor Stitch - The Jack in Terrace PlaidCheck out this deal and thousands of others from today's top deals.http://pricefinder.ai/products/39621369462861…#TaylorStitch #mens #plaid #oxford #buttondown #rugged #longhaulers #Untucked
Pricefinder,So good I had to share! Check out all the items I'm loving on @Poshmarkapp from @ARose4503 #poshmark #fashion #style #shopmycloset #taylorstitch #galaxygoldproducts #forever21: https://posh.mk/3mfnr5F8Cxb,denim x leatherindigo x navy•••••#menswear #menstyle #mensstyle #mensfashion #mensboots #workboots #workwear #ruggedwear #ruggedstyle #denimandleather #selvedgedenim #taylorstitch #japanesedenim #conemills… https://instagram.com/p/B7L4NN3J_B3/?igshid=177m2m2t8vnr3…,So good I had to share! Check out all the items I'm loving on @Poshmarkapp from @8itten #poshmark #fashion #style #shopmycloset #coach #taylorstitch #farmacy: https://posh.mk/2NYlro3lftb
Jason Le,DEAL23.44% off to $98Taylor Stitch - The Jack in Terrace PlaidCheck out this deal and thousands of others from today's top deals.http://pricefinder.ai/products/39621369462861…#TaylorStitch #mens #plaid #oxford #buttondown #rugged #longhaulers #Untucked,So good I had to share! Check out all the items I'm loving on @Poshmarkapp from @8itten #poshmark #fashion #style #shopmycloset #coach #taylorstitch #farmacy: https://posh.mk/2NYlro3lftb,#TaylorStitch #Sale20OFF #EventscouponsHot promotion: Why don’t you use this Taylor Stitch coupon to save up to 20% OFF? Let’s come to get a coupon code to save your money!==>Get deals now: http://bit.ly/2VPsYXV==>Taylor Stitch coupon: http://bit.ly/2x9w6nb
Jeanine,denim x leatherindigo x navy•••••#menswear #menstyle #mensstyle #mensfashion #mensboots #workboots #workwear #ruggedwear #ruggedstyle #denimandleather #selvedgedenim #taylorstitch #japanesedenim #conemills… https://instagram.com/p/B7L4NN3J_B3/?igshid=177m2m2t8vnr3…,#TaylorStitch #Sale20OFF #EventscouponsHot promotion: Why don’t you use this Taylor Stitch coupon to save up to 20% OFF? Let’s come to get a coupon code to save your money!==>Get deals now: http://bit.ly/2VPsYXV==>Taylor Stitch coupon: http://bit.ly/2x9w6nb,So good I had to share! Check out all the items I'm loving on @Poshmarkapp from @shopfashionlush #poshmark #fashion #style #shopmycloset #nfl #underarmour #taylorstitch: https://posh.mk/JjDvcQCYrub
EventsCoupons,So good I had to share! Check out all the items I'm loving on @Poshmarkapp from @8itten #poshmark #fashion #style #shopmycloset #coach #taylorstitch #farmacy: https://posh.mk/2NYlro3lftb,So good I had to share! Check out all the items I'm loving on @Poshmarkapp from @shopfashionlush #poshmark #fashion #style #shopmycloset #nfl #underarmour #taylorstitch: https://posh.mk/JjDvcQCYrub,So good I had to share! Check out all the items I'm loving on @Poshmarkapp #poshmark #fashion #style #shopmycloset #hollister #romwe #taylorstitch: https://posh.mk/P7rzTzf8Vsb
TravNFT,#TaylorStitch #Sale20OFF #EventscouponsHot promotion: Why don’t you use this Taylor Stitch coupon to save up to 20% OFF? Let’s come to get a coupon code to save your money!==>Get deals now: http://bit.ly/2VPsYXV==>Taylor Stitch coupon: http://bit.ly/2x9w6nb,So good I had to share! Check out all the items I'm loving on @Poshmarkapp #poshmark #fashion #style #shopmycloset #hollister #romwe #taylorstitch: https://posh.mk/P7rzTzf8Vsb,So good I had to share! Check out all the items I'm loving on @Poshmarkapp from @MaxMaxValue #poshmark #fashion #style #shopmycloset #thenorthface #taylorstitch #ivypark: https://posh.mk/2lzs6J6Fhob
Sally Tuazon Zito,So good I had to share! Check out all the items I'm loving on @Poshmarkapp from @shopfashionlush #poshmark #fashion #style #shopmycloset #nfl #underarmour #taylorstitch: https://posh.mk/JjDvcQCYrub,So good I had to share! Check out all the items I'm loving on @Poshmarkapp from @MaxMaxValue #poshmark #fashion #style #shopmycloset #thenorthface #taylorstitch #ivypark: https://posh.mk/2lzs6J6Fhob,"DEAL-30%The Lodge Beanie in CoffeeCheck out this deal and 8,503 others from today's top deals.http://pricefinder.ai/products/39604400685133…#TaylorStitch #beanie #sale #winter"
"Brandy Wendler, RN, MSN",So good I had to share! Check out all the items I'm loving on @Poshmarkapp #poshmark #fashion #style #shopmycloset #hollister #romwe #taylorstitch: https://posh.mk/P7rzTzf8Vsb,"DEAL-30%The Lodge Beanie in CoffeeCheck out this deal and 8,503 others from today's top deals.http://pricefinder.ai/products/39604400685133…#TaylorStitch #beanie #sale #winter",#Flatlay by fashion savvy writer Beau Hayhoe (@beauhayhoe) with a #taylorstitch Ojai Jacket #denim #dailygrid #DailyWatch #EDC #everydaycarry #EveryDayCarry #mensfashion #mensgrooming #mensstyle #menswear #montres #OOTDMen #orologio #rawdenim #reloj #techne #TechneWatches
Techné watches,"DEAL-30%The Lodge Beanie in CoffeeCheck out this deal and 8,503 others from today's top deals.http://pricefinder.ai/products/39604400685133…#TaylorStitch #beanie #sale #winter",So good I had to share! Check out all the items I'm loving on @Poshmarkapp from @GonzoGirl55 #poshmark #fashion #style #shopmycloset #jcrew #taylorstitch #rewash: https://posh.mk/V6rUEJXsdkb,So good I had to share! Check out all the items I'm loving on @Poshmarkapp #poshmark #fashion #style #shopmycloset #taylorstitch #unbranded #champion: https://posh.mk/wX7W9W4YEob
Johnny Lay,So good I had to share! Check out all the items I'm loving on @Poshmarkapp from @GonzoGirl55 #poshmark #fashion #style #shopmycloset #jcrew #taylorstitch #rewash: https://posh.mk/V6rUEJXsdkb,Keep warm while staying light on your feet with the 100% Recycled down fill of the #TaylorStitch x #MissionWorkshop Farallon Jacket.http://zpr.io/HTebw,"Taylor Stitch is looking for a Growth Marketing Manager (Portland, ME us) #TaylorStitch https://fantastichire.com/job/Taylor%20Stitch-Growth%20Marketing%20Manager-20200311000214…"
Fantastic Hire,Keep warm while staying light on your feet with the 100% Recycled down fill of the #TaylorStitch x #MissionWorkshop Farallon Jacket.http://zpr.io/HTebw,"DEAL -25.25% The Weekend Cardigan in Navy Herringbone WoolCheck out this deal and 5,089 others from today's top deals.http://pricefinder.ai/products/39671838769229…#TaylorStitch #cardigan #wool",So good I had to share! Check out all the items I'm loving on @Poshmarkapp #poshmark #fashion #style #shopmycloset #taylorstitch #elisem #madewell: https://posh.mk/aG4JMrM8fdb
Pricefinder,"Taylor Stitch is looking for a Growth Marketing Manager (Portland, ME us) #TaylorStitch https://fantastichire.com/job/Taylor%20Stitch-Growth%20Marketing%20Manager-20200311000214…",So good I had to share! Check out all the items I'm loving on @Poshmarkapp #poshmark #fashion #style #shopmycloset #taylorstitch #elisem #madewell: https://posh.mk/aG4JMrM8fdb,indigo x black cherry•••••#menswear #menstyle #mensstyle #mensfashion #mensboots #workwear #workboots #taylorstitch #canvas #tannergoods #bravestarselvage #indigo #selvedge… https://instagram.com/p/BrvMuYonqC6/?utm_source=ig_twitter_share&igshid=1gvknttcc9rbr…
Rixxi's Closet,"DEAL -25.25% The Weekend Cardigan in Navy Herringbone WoolCheck out this deal and 5,089 others from today's top deals.http://pricefinder.ai/products/39671838769229…#TaylorStitch #cardigan #wool",indigo x black cherry•••••#menswear #menstyle #mensstyle #mensfashion #mensboots #workwear #workboots #taylorstitch #canvas #tannergoods #bravestarselvage #indigo #selvedge… https://instagram.com/p/BrvMuYonqC6/?utm_source=ig_twitter_share&igshid=1gvknttcc9rbr…,waxed canvas on canvas•••••#mensfashion #menstyle #menswear #mensstyle #ruggedwear #workwear #ruggedstyle #waxedcanvas #japaneseselvedge #workboots #mensboots #taylorstitch #1350leather #shipjohn… https://instagram.com/p/B8c0Hv3JaKB/?igshid=hm6etonfst1p…
Jason Le,So good I had to share! Check out all the items I'm loving on @Poshmarkapp #poshmark #fashion #style #shopmycloset #taylorstitch #elisem #madewell: https://posh.mk/aG4JMrM8fdb,waxed canvas on canvas•••••#mensfashion #menstyle #menswear #mensstyle #ruggedwear #workwear #ruggedstyle #waxedcanvas #japaneseselvedge #workboots #mensboots #taylorstitch #1350leather #shipjohn… https://instagram.com/p/B8c0Hv3JaKB/?igshid=hm6etonfst1p…,So good I had to share! Check out all the items I'm loving on @Poshmarkapp from @alli_shu #poshmark #fashion #style #shopmycloset #taylorstitch #danielcremieux: https://bnc.lt/focc/9Ci2p7txBP
megan,the irony of “i’m the only one of me” @taylorswift13 x4. @taylornation13 #ts7 #TaylorSwiftME #MeOutNow #MEmusicvideo #BenjaminButton #BenjaminButtomAndME #allthetaylorswifthashtags #taylorstitch,,
Boot Addict,"The extremely beautiful Moto Boot from @taylorstitch -4oz leather, fantastic construction and looks great with pretty much anything .......#taylorstitch #motoboot #goodyearwelted #stylegram #mensblog #gq #gstyle #gqstylehunt #rawdenim #selvedge #edcgear #styleformen…",So good I had to share! Check out all the items I'm loving on @Poshmarkapp #poshmark #fashion #style #shopmycloset #taylorstitch #jcrew #samedelman: https://posh.mk/3nUe4nbNCxb,"The incredible texture of the @taylorstitch indigo waffle long haul jacket. Also paired with a @lucaavitabile Friday polo in khaki, and @blackhorselane denim....#taylorstitch #lucaavitabile #blackhorselane #dapperlydone #mensfashionreview #mensclothing #dailystyle #dappe…"
Burz,"I’m not back to work for a few more days, this is more what my current wardrobe is looking like right now. @taylorstitch long haul and @jungmaven tee via @shopnaqp...#taylorstitch (sponsored)#jungmaven #naqp #instastyle #instafashion #wiw #wiwt #moda #modahombre #mensty…",So good I had to share! Check out all the items I'm loving on @Poshmarkapp from @SmtQuiltRetreat @scienceresell #poshmark #fashion #style #shopmycloset #anthonymarkhankins #taylorstitch #solutions: https://posh.mk/tij2W25pRwb,Hey Guys #TaylorStitch Just Launched Its New Arrival Collection! Don't Wait Shop Now!https://ourfamily2yours.com/taylorstitchsale…
Barbara Harnsberger,Hey Guys #TaylorStitch Just Put Their Entire Site 30% Off For The Fourth Of July! Shop Now!!https://ourfamily2yours.com/taylorstitchshortsleeveshirts…,Change your t-shirt and sneakers and you can elevate even the t-shirt and jeans look!#menswear #mensstyle #style #styletips #taylorstitch #mottandbow,Hey Guys Need a NEW Wardrobe? Head Over To #TAYLORSTITCH and Get 25% Off Sitewide! Shop Now!https://ourfamily2yours.com/taylorstitchspringsale…
Barbara Harnsberger,Hey Guys Need a NEW Wardrobe? Head Over To #TAYLORSTITCH and Get 25% Off Sitewide! Shop Now!https://ourfamily2yours.com/taylorstitchspringsale…,So good I had to share! Check out all the items I'm loving on @Poshmarkapp #poshmark #fashion #style #shopmycloset #taylorstitch #madewell #gucci: https://posh.mk/YxjV5QkHvfb,So good I had to share! Check out all the items I'm loving on @Poshmarkapp from @JennaDevroy #poshmark #fashion #style #shopmycloset #michaelmichaelkors #calvinklein #taylorstitch: https://posh.mk/AfKn8XWevmb
M Kathleen Hendrix,So good I had to share! Check out all the items I'm loving on @Poshmarkapp #poshmark #fashion #style #shopmycloset #taylorstitch #madewell #gucci: https://posh.mk/YxjV5QkHvfb,So good I had to share! Check out all the items I'm loving on @Poshmarkapp from @JennaDevroy #poshmark #fashion #style #shopmycloset #michaelmichaelkors #calvinklein #taylorstitch: https://posh.mk/AfKn8XWevmb,"Add some spice to both your wardrobe and your margarita!New #taylorstitch Sunrise Print Shirt and #wandpdesign Spicy Margarita Mix!All available at http://journeymanshop.com Cheers, Todd"
Boynton Bargains,So good I had to share! Check out all the items I'm loving on @Poshmarkapp from @JennaDevroy #poshmark #fashion #style #shopmycloset #michaelmichaelkors #calvinklein #taylorstitch: https://posh.mk/AfKn8XWevmb,"Add some spice to both your wardrobe and your margarita!New #taylorstitch Sunrise Print Shirt and #wandpdesign Spicy Margarita Mix!All available at http://journeymanshop.com Cheers, Todd",CamoNow that the leaves are turning... I can stand out in this camo instead of blending in. Hope you are having a great #camtober@taylorstitch camo ojai@fieldnotesbrand pencil@redwingheritage Rover#camtober19 #camoflauge #taylorstitch #fieldnotes… https://ift.tt/30KRlFa
TL Sorenson,CamoNow that the leaves are turning... I can stand out in this camo instead of blending in. Hope you are having a great #camtober@taylorstitch camo ojai@fieldnotesbrand pencil@redwingheritage Rover#camtober19 #camoflauge #taylorstitch #fieldnotes… https://ift.tt/30KRlFa,Deal of the Day! Taylor Stitch is hosting their Last Call Sale and you're invited to save and EXTRA 20% off last call items when you use promo code 'EXTRA50' at checkout! See the sale here: https://bit.ly/DOTD777#DOTD #ShopGenius #TaylorStitch #LastCall #Sale #Deal #Retail,So good I had to share! Check out all the items I'm loving on @Poshmarkapp #poshmark #fashion #style #shopmycloset #madewell #taylorstitch #milly: https://posh.mk/hWLojyDupob
Jennifer Montilino,So good I had to share! Check out all the items I'm loving on @Poshmarkapp #poshmark #fashion #style #shopmycloset #madewell #taylorstitch #milly: https://posh.mk/hWLojyDupob,So good I had to share! Check out all the items I'm loving on @Poshmarkapp from @AutumnOlive4 @2squirrels1 #poshmark #fashion #style #shopmycloset #taylorstitch #columbia #nanettelepore: https://posh.mk/yIfMeexXAdb,Apothecary and vintage jars available on our website - fabulous decor #selvedge #taylorstitch #andythorntonltd #decor #tobacco #tattooparlour #restaurant #restaurantideas #decoration #vintage #vintagestyle #bottles #americandecor #apothecary #tobacconist… https://instagr.am/p/CKeZW4PncbF/
Andy Thornton Ltd,Apothecary and vintage jars available on our website - fabulous decor #selvedge #taylorstitch #andythorntonltd #decor #tobacco #tattooparlour #restaurant #restaurantideas #decoration #vintage #vintagestyle #bottles #americandecor #apothecary #tobacconist… https://instagr.am/p/CKeZW4PncbF/,So good I had to share! Check out all the items I'm loving on @Poshmarkapp #poshmark #fashion #style #shopmycloset #taylorstitch #americaneagleoutfitters: https://posh.mk/76kYeXxdC7,So good I had to share! Check out all the items I'm loving on @Poshmarkapp from @ARose4503 #poshmark #fashion #style #shopmycloset #taylorstitch #galaxygoldproducts #forever21: https://posh.mk/3mfnr5F8Cxb
Sandra Cline,So good I had to share! Check out all the items I'm loving on @Poshmarkapp from @ARose4503 #poshmark #fashion #style #shopmycloset #taylorstitch #galaxygoldproducts #forever21: https://posh.mk/3mfnr5F8Cxb,So good I had to share! Check out all the items I'm loving on @Poshmarkapp #poshmark #fashion #style #shopmycloset #dickies #taylorstitch #huf: https://posh.mk/zno7kiqFwdb,denim x leatherindigo x navy•••••#menswear #menstyle #mensstyle #mensfashion #mensboots #workboots #workwear #ruggedwear #ruggedstyle #denimandleather #selvedgedenim #taylorstitch #japanesedenim #conemills… https://instagram.com/p/B7L4NN3J_B3/?igshid=177m2m2t8vnr3…
Jason Le,denim x leatherindigo x navy•••••#menswear #menstyle #mensstyle #mensfashion #mensboots #workboots #workwear #ruggedwear #ruggedstyle #denimandleather #selvedgedenim #taylorstitch #japanesedenim #conemills… https://instagram.com/p/B7L4NN3J_B3/?igshid=177m2m2t8vnr3…,So good I had to share! Check out all the items I'm loving on @Poshmarkapp from @8itten #poshmark #fashion #style #shopmycloset #coach #taylorstitch #farmacy: https://posh.mk/2NYlro3lftb,#TaylorStitch #Sale20OFF #EventscouponsHot promotion: Why don’t you use this Taylor Stitch coupon to save up to 20% OFF? Let’s come to get a coupon code to save your money!==>Get deals now: http://bit.ly/2VPsYXV==>Taylor Stitch coupon: http://bit.ly/2x9w6nb
Jeanine,So good I had to share! Check out all the items I'm loving on @Poshmarkapp from @8itten #poshmark #fashion #style #shopmycloset #coach #taylorstitch #farmacy: https://posh.mk/2NYlro3lftb,#TaylorStitch #Sale20OFF #EventscouponsHot promotion: Why don’t you use this Taylor Stitch coupon to save up to 20% OFF? Let’s come to get a coupon code to save your money!==>Get deals now: http://bit.ly/2VPsYXV==>Taylor Stitch coupon: http://bit.ly/2x9w6nb,DEAL23.44% off to $98Taylor Stitch - The Jack in Terrace PlaidCheck out this deal and thousands of others from today's top deals.http://pricefinder.ai/products/39621369462861…#TaylorStitch #mens #plaid #oxford #buttondown #rugged #longhaulers #Untucked
EventsCoupons,#TaylorStitch #Sale20OFF #EventscouponsHot promotion: Why don’t you use this Taylor Stitch coupon to save up to 20% OFF? Let’s come to get a coupon code to save your money!==>Get deals now: http://bit.ly/2VPsYXV==>Taylor Stitch coupon: http://bit.ly/2x9w6nb,DEAL23.44% off to $98Taylor Stitch - The Jack in Terrace PlaidCheck out this deal and thousands of others from today's top deals.http://pricefinder.ai/products/39621369462861…#TaylorStitch #mens #plaid #oxford #buttondown #rugged #longhaulers #Untucked,So good I had to share! Check out all the items I'm loving on @Poshmarkapp from @shopfashionlush #poshmark #fashion #style #shopmycloset #nfl #underarmour #taylorstitch: https://posh.mk/JjDvcQCYrub
Pricefinder,DEAL23.44% off to $98Taylor Stitch - The Jack in Terrace PlaidCheck out this deal and thousands of others from today's top deals.http://pricefinder.ai/products/39621369462861…#TaylorStitch #mens #plaid #oxford #buttondown #rugged #longhaulers #Untucked,So good I had to share! Check out all the items I'm loving on @Poshmarkapp from @shopfashionlush #poshmark #fashion #style #shopmycloset #nfl #underarmour #taylorstitch: https://posh.mk/JjDvcQCYrub,So good I had to share! Check out all the items I'm loving on @Poshmarkapp #poshmark #fashion #style #shopmycloset #hollister #romwe #taylorstitch: https://posh.mk/P7rzTzf8Vsb
TravNFT,So good I had to share! Check out all the items I'm loving on @Poshmarkapp from @shopfashionlush #poshmark #fashion #style #shopmycloset #nfl #underarmour #taylorstitch: https://posh.mk/JjDvcQCYrub,So good I had to share! Check out all the items I'm loving on @Poshmarkapp #poshmark #fashion #style #shopmycloset #hollister #romwe #taylorstitch: https://posh.mk/P7rzTzf8Vsb,So good I had to share! Check out all the items I'm loving on @Poshmarkapp from @MaxMaxValue #poshmark #fashion #style #shopmycloset #thenorthface #taylorstitch #ivypark: https://posh.mk/2lzs6J6Fhob
Sally Tuazon Zito,So good I had to share! Check out all the items I'm loving on @Poshmarkapp #poshmark #fashion #style #shopmycloset #hollister #romwe #taylorstitch: https://posh.mk/P7rzTzf8Vsb,So good I had to share! Check out all the items I'm loving on @Poshmarkapp from @MaxMaxValue #poshmark #fashion #style #shopmycloset #thenorthface #taylorstitch #ivypark: https://posh.mk/2lzs6J6Fhob,#Flatlay by fashion savvy writer Beau Hayhoe (@beauhayhoe) with a #taylorstitch Ojai Jacket #denim #dailygrid #DailyWatch #EDC #everydaycarry #EveryDayCarry #mensfashion #mensgrooming #mensstyle #menswear #montres #OOTDMen #orologio #rawdenim #reloj #techne #TechneWatches
"Brandy Wendler, RN, MSN",So good I had to share! Check out all the items I'm loving on @Poshmarkapp from @MaxMaxValue #poshmark #fashion #style #shopmycloset #thenorthface #taylorstitch #ivypark: https://posh.mk/2lzs6J6Fhob,#Flatlay by fashion savvy writer Beau Hayhoe (@beauhayhoe) with a #taylorstitch Ojai Jacket #denim #dailygrid #DailyWatch #EDC #everydaycarry #EveryDayCarry #mensfashion #mensgrooming #mensstyle #menswear #montres #OOTDMen #orologio #rawdenim #reloj #techne #TechneWatches,"DEAL-30%The Lodge Beanie in CoffeeCheck out this deal and 8,503 others from today's top deals.http://pricefinder.ai/products/39604400685133…#TaylorStitch #beanie #sale #winter"
Pricefinder,"DEAL-30%The Lodge Beanie in CoffeeCheck out this deal and 8,503 others from today's top deals.http://pricefinder.ai/products/39604400685133…#TaylorStitch #beanie #sale #winter",So good I had to share! Check out all the items I'm loving on @Poshmarkapp #poshmark #fashion #style #shopmycloset #taylorstitch #unbranded #champion: https://posh.mk/wX7W9W4YEob,So good I had to share! Check out all the items I'm loving on @Poshmarkapp from @GonzoGirl55 #poshmark #fashion #style #shopmycloset #jcrew #taylorstitch #rewash: https://posh.mk/V6rUEJXsdkb
BeautyInnovate,So good I had to share! Check out all the items I'm loving on @Poshmarkapp from @GonzoGirl55 #poshmark #fashion #style #shopmycloset #jcrew #taylorstitch #rewash: https://posh.mk/V6rUEJXsdkb,"Taylor Stitch is looking for a Growth Marketing Manager (Portland, ME us) #TaylorStitch https://fantastichire.com/job/Taylor%20Stitch-Growth%20Marketing%20Manager-20200311000214…",Keep warm while staying light on your feet with the 100% Recycled down fill of the #TaylorStitch x #MissionWorkshop Farallon Jacket.http://zpr.io/HTebw
IMBOLDN,Keep warm while staying light on your feet with the 100% Recycled down fill of the #TaylorStitch x #MissionWorkshop Farallon Jacket.http://zpr.io/HTebw,So good I had to share! Check out all the items I'm loving on @Poshmarkapp #poshmark #fashion #style #shopmycloset #taylorstitch #elisem #madewell: https://posh.mk/aG4JMrM8fdb,indigo x black cherry•••••#menswear #menstyle #mensstyle #mensfashion #mensboots #workwear #workboots #taylorstitch #canvas #tannergoods #bravestarselvage #indigo #selvedge… https://instagram.com/p/BrvMuYonqC6/?utm_source=ig_twitter_share&igshid=1gvknttcc9rbr…
Rixxi's Closet,So good I had to share! Check out all the items I'm loving on @Poshmarkapp #poshmark #fashion #style #shopmycloset #taylorstitch #elisem #madewell: https://posh.mk/aG4JMrM8fdb,indigo x black cherry•••••#menswear #menstyle #mensstyle #mensfashion #mensboots #workwear #workboots #taylorstitch #canvas #tannergoods #bravestarselvage #indigo #selvedge… https://instagram.com/p/BrvMuYonqC6/?utm_source=ig_twitter_share&igshid=1gvknttcc9rbr…,waxed canvas on canvas•••••#mensfashion #menstyle #menswear #mensstyle #ruggedwear #workwear #ruggedstyle #waxedcanvas #japaneseselvedge #workboots #mensboots #taylorstitch #1350leather #shipjohn… https://instagram.com/p/B8c0Hv3JaKB/?igshid=hm6etonfst1p…
megan, ,,
megan, ,"The extremely beautiful Moto Boot from @taylorstitch -4oz leather, fantastic construction and looks great with pretty much anything .......#taylorstitch #motoboot #goodyearwelted #stylegram #mensblog #gq #gstyle #gqstylehunt #rawdenim #selvedge #edcgear #styleformen…",the irony of “i’m the only one of me” @taylorswift13 x4. @taylornation13 #ts7 #TaylorSwiftME #MeOutNow #MEmusicvideo #BenjaminButton #BenjaminButtomAndME #allthetaylorswifthashtags #taylorstitch
Burz, x4. ,"The incredible texture of the @taylorstitch indigo waffle long haul jacket. Also paired with a @lucaavitabile Friday polo in khaki, and @blackhorselane denim....#taylorstitch #lucaavitabile #blackhorselane #dapperlydone #mensfashionreview #mensclothing #dailystyle #dappe…","I’m not back to work for a few more days, this is more what my current wardrobe is looking like right now. @taylorstitch long haul and @jungmaven tee via @shopnaqp...#taylorstitch (sponsored)#jungmaven #naqp #instastyle #instafashion #wiw #wiwt #moda #modahombre #mensty…"
Mrs.Guzman, long haul and ,So good I had to share! Check out all the items I'm loving on @Poshmarkapp from @SmtQuiltRetreat @scienceresell #poshmark #fashion #style #shopmycloset #anthonymarkhankins #taylorstitch #solutions: https://posh.mk/tij2W25pRwb,Hey Guys #TaylorStitch Just Launched Its New Arrival Collection! Don't Wait Shop Now!https://ourfamily2yours.com/taylorstitchsale…
RockyMtnStyle,#TaylorStitch,Hey Guys Need a NEW Wardrobe? Head Over To #TAYLORSTITCH and Get 25% Off Sitewide! Shop Now!https://ourfamily2yours.com/taylorstitchspringsale…,So good I had to share! Check out all the items I'm loving on @Poshmarkapp #poshmark #fashion #style #shopmycloset #taylorstitch #madewell #gucci: https://posh.mk/YxjV5QkHvfb
Angela M,#TaylorStitch,So good I had to share! Check out all the items I'm loving on @Poshmarkapp #poshmark #fashion #style #shopmycloset #taylorstitch #madewell #gucci: https://posh.mk/YxjV5QkHvfb,So good I had to share! Check out all the items I'm loving on @Poshmarkapp from @JennaDevroy #poshmark #fashion #style #shopmycloset #michaelmichaelkors #calvinklein #taylorstitch: https://posh.mk/AfKn8XWevmb
Barbara Harnsberger,#TAYLORSTITCH,So good I had to share! Check out all the items I'm loving on @Poshmarkapp from @JennaDevroy #poshmark #fashion #style #shopmycloset #michaelmichaelkors #calvinklein #taylorstitch: https://posh.mk/AfKn8XWevmb,"Add some spice to both your wardrobe and your margarita!New #taylorstitch Sunrise Print Shirt and #wandpdesign Spicy Margarita Mix!All available at http://journeymanshop.com Cheers, Todd"
Barbara Harnsberger, ,"Add some spice to both your wardrobe and your margarita!New #taylorstitch Sunrise Print Shirt and #wandpdesign Spicy Margarita Mix!All available at http://journeymanshop.com Cheers, Todd",CamoNow that the leaves are turning... I can stand out in this camo instead of blending in. Hope you are having a great #camtober@taylorstitch camo ojai@fieldnotesbrand pencil@redwingheritage Rover#camtober19 #camoflauge #taylorstitch #fieldnotes… https://ift.tt/30KRlFa
M Kathleen Hendrix,#taylorstitch,Deal of the Day! Taylor Stitch is hosting their Last Call Sale and you're invited to save and EXTRA 20% off last call items when you use promo code 'EXTRA50' at checkout! See the sale here: https://bit.ly/DOTD777#DOTD #ShopGenius #TaylorStitch #LastCall #Sale #Deal #Retail,So good I had to share! Check out all the items I'm loving on @Poshmarkapp #poshmark #fashion #style #shopmycloset #madewell #taylorstitch #milly: https://posh.mk/hWLojyDupob
Todd Christiansen,,Apothecary and vintage jars available on our website - fabulous decor #selvedge #taylorstitch #andythorntonltd #decor #tobacco #tattooparlour #restaurant #restaurantideas #decoration #vintage #vintagestyle #bottles #americandecor #apothecary #tobacconist… https://instagr.am/p/CKeZW4PncbF/,So good I had to share! Check out all the items I'm loving on @Poshmarkapp #poshmark #fashion #style #shopmycloset #taylorstitch #americaneagleoutfitters: https://posh.mk/76kYeXxdC7
Jennifer Montilino, ,So good I had to share! Check out all the items I'm loving on @Poshmarkapp from @ARose4503 #poshmark #fashion #style #shopmycloset #taylorstitch #galaxygoldproducts #forever21: https://posh.mk/3mfnr5F8Cxb,So good I had to share! Check out all the items I'm loving on @Poshmarkapp #poshmark #fashion #style #shopmycloset #dickies #taylorstitch #huf: https://posh.mk/zno7kiqFwdb
Rcoleposher27, from ,denim x leatherindigo x navy•••••#menswear #menstyle #mensstyle #mensfashion #mensboots #workboots #workwear #ruggedwear #ruggedstyle #denimandleather #selvedgedenim #taylorstitch #japanesedenim #conemills… https://instagram.com/p/B7L4NN3J_B3/?igshid=177m2m2t8vnr3…,DEAL23.44% off to $98Taylor Stitch - The Jack in Terrace PlaidCheck out this deal and thousands of others from today's top deals.http://pricefinder.ai/products/39621369462861…#TaylorStitch #mens #plaid #oxford #buttondown #rugged #longhaulers #Untucked
Highly Divine, ,DEAL23.44% off to $98Taylor Stitch - The Jack in Terrace PlaidCheck out this deal and thousands of others from today's top deals.http://pricefinder.ai/products/39621369462861…#TaylorStitch #mens #plaid #oxford #buttondown #rugged #longhaulers #Untucked,So good I had to share! Check out all the items I'm loving on @Poshmarkapp from @8itten #poshmark #fashion #style #shopmycloset #coach #taylorstitch #farmacy: https://posh.mk/2NYlro3lftb
Sandra Cline, ,So good I had to share! Check out all the items I'm loving on @Poshmarkapp from @8itten #poshmark #fashion #style #shopmycloset #coach #taylorstitch #farmacy: https://posh.mk/2NYlro3lftb,#TaylorStitch #Sale20OFF #EventscouponsHot promotion: Why don’t you use this Taylor Stitch coupon to save up to 20% OFF? Let’s come to get a coupon code to save your money!==>Get deals now: http://bit.ly/2VPsYXV==>Taylor Stitch coupon: http://bit.ly/2x9w6nb
momo ⁷ ,,#TaylorStitch #Sale20OFF #EventscouponsHot promotion: Why don’t you use this Taylor Stitch coupon to save up to 20% OFF? Let’s come to get a coupon code to save your money!==>Get deals now: http://bit.ly/2VPsYXV==>Taylor Stitch coupon: http://bit.ly/2x9w6nb,So good I had to share! Check out all the items I'm loving on @Poshmarkapp from @shopfashionlush #poshmark #fashion #style #shopmycloset #nfl #underarmour #taylorstitch: https://posh.mk/JjDvcQCYrub
Jason Le, from ,So good I had to share! Check out all the items I'm loving on @Poshmarkapp from @shopfashionlush #poshmark #fashion #style #shopmycloset #nfl #underarmour #taylorstitch: https://posh.mk/JjDvcQCYrub,So good I had to share! Check out all the items I'm loving on @Poshmarkapp from @MaxMaxValue #poshmark #fashion #style #shopmycloset #thenorthface #taylorstitch #ivypark: https://posh.mk/2lzs6J6Fhob
Pricefinder, ,So good I had to share! Check out all the items I'm loving on @Poshmarkapp from @MaxMaxValue #poshmark #fashion #style #shopmycloset #thenorthface #taylorstitch #ivypark: https://posh.mk/2lzs6J6Fhob,So good I had to share! Check out all the items I'm loving on @Poshmarkapp #poshmark #fashion #style #shopmycloset #hollister #romwe #taylorstitch: https://posh.mk/P7rzTzf8Vsb
Jeanine, from ,So good I had to share! Check out all the items I'm loving on @Poshmarkapp #poshmark #fashion #style #shopmycloset #hollister #romwe #taylorstitch: https://posh.mk/P7rzTzf8Vsb,"DEAL-30%The Lodge Beanie in CoffeeCheck out this deal and 8,503 others from today's top deals.http://pricefinder.ai/products/39604400685133…#TaylorStitch #beanie #sale #winter"
EventsCoupons, from ,"DEAL-30%The Lodge Beanie in CoffeeCheck out this deal and 8,503 others from today's top deals.http://pricefinder.ai/products/39604400685133…#TaylorStitch #beanie #sale #winter",#Flatlay by fashion savvy writer Beau Hayhoe (@beauhayhoe) with a #taylorstitch Ojai Jacket #denim #dailygrid #DailyWatch #EDC #everydaycarry #EveryDayCarry #mensfashion #mensgrooming #mensstyle #menswear #montres #OOTDMen #orologio #rawdenim #reloj #techne #TechneWatches
"Brandy Wendler, RN, MSN",,So good I had to share! Check out all the items I'm loving on @Poshmarkapp #poshmark #fashion #style #shopmycloset #taylorstitch #unbranded #champion: https://posh.mk/wX7W9W4YEob,So good I had to share! Check out all the items I'm loving on @Poshmarkapp from @GonzoGirl55 #poshmark #fashion #style #shopmycloset #jcrew #taylorstitch #rewash: https://posh.mk/V6rUEJXsdkb
Pricefinder, ,Keep warm while staying light on your feet with the 100% Recycled down fill of the #TaylorStitch x #MissionWorkshop Farallon Jacket.http://zpr.io/HTebw,"Taylor Stitch is looking for a Growth Marketing Manager (Portland, ME us) #TaylorStitch https://fantastichire.com/job/Taylor%20Stitch-Growth%20Marketing%20Manager-20200311000214…"
Johnny Lay,#TaylorStitch,indigo x black cherry•••••#menswear #menstyle #mensstyle #mensfashion #mensboots #workwear #workboots #taylorstitch #canvas #tannergoods #bravestarselvage #indigo #selvedge… https://instagram.com/p/BrvMuYonqC6/?utm_source=ig_twitter_share&igshid=1gvknttcc9rbr…,So good I had to share! Check out all the items I'm loving on @Poshmarkapp #poshmark #fashion #style #shopmycloset #taylorstitch #elisem #madewell: https://posh.mk/aG4JMrM8fdb
,So good I had to share! Check out all the items I'm loving on @Poshmarkapp #poshmark #fashion #style #shopmycloset #disney #hm #taylorstitch: https://posh.mk/xX8YAZeFqqb,,
Boot Addict,So good I had to share! Check out all the items I'm loving on @Poshmarkapp #poshmark #fashion #style #shopmycloset #disney #hm #taylorstitch: https://posh.mk/xX8YAZeFqqb,the irony of “i’m the only one of me” @taylorswift13 x4. @taylornation13 #ts7 #TaylorSwiftME #MeOutNow #MEmusicvideo #BenjaminButton #BenjaminButtomAndME #allthetaylorswifthashtags #taylorstitch,So good I had to share! Check out all the items I'm loving on @Poshmarkapp #poshmark #fashion #style #shopmycloset #taylorstitch #jcrew #samedelman: https://posh.mk/3nUe4nbNCxb
Burz,the irony of “i’m the only one of me” @taylorswift13 x4. @taylornation13 #ts7 #TaylorSwiftME #MeOutNow #MEmusicvideo #BenjaminButton #BenjaminButtomAndME #allthetaylorswifthashtags #taylorstitch,"I’m not back to work for a few more days, this is more what my current wardrobe is looking like right now. @taylorstitch long haul and @jungmaven tee via @shopnaqp...#taylorstitch (sponsored)#jungmaven #naqp #instastyle #instafashion #wiw #wiwt #moda #modahombre #mensty…",Change your t-shirt and sneakers and you can elevate even the t-shirt and jeans look!#menswear #mensstyle #style #styletips #taylorstitch #mottandbow
Angela M,"I’m not back to work for a few more days, this is more what my current wardrobe is looking like right now. @taylorstitch long haul and @jungmaven tee via @shopnaqp...#taylorstitch (sponsored)#jungmaven #naqp #instastyle #instafashion #wiw #wiwt #moda #modahombre #mensty…",Hey Guys #TaylorStitch Just Launched Its New Arrival Collection! Don't Wait Shop Now!https://ourfamily2yours.com/taylorstitchsale…,Hey Guys #TaylorStitch Just Put Their Entire Site 30% Off For The Fourth Of July! Shop Now!!https://ourfamily2yours.com/taylorstitchshortsleeveshirts…
Barbara Harnsberger,So good I had to share! Check out all the items I'm loving on @Poshmarkapp from @SmtQuiltRetreat @scienceresell #poshmark #fashion #style #shopmycloset #anthonymarkhankins #taylorstitch #solutions: https://posh.mk/tij2W25pRwb,Hey Guys Need a NEW Wardrobe? Head Over To #TAYLORSTITCH and Get 25% Off Sitewide! Shop Now!https://ourfamily2yours.com/taylorstitchspringsale…,So good I had to share! Check out all the items I'm loving on @Poshmarkapp #poshmark #fashion #style #shopmycloset #taylorstitch #madewell #gucci: https://posh.mk/YxjV5QkHvfb
Barbara Harnsberger,Hey Guys #TaylorStitch Just Launched Its New Arrival Collection! Don't Wait Shop Now!https://ourfamily2yours.com/taylorstitchsale…,So good I had to share! Check out all the items I'm loving on @Poshmarkapp #poshmark #fashion #style #shopmycloset #taylorstitch #madewell #gucci: https://posh.mk/YxjV5QkHvfb,So good I had to share! Check out all the items I'm loving on @Poshmarkapp from @JennaDevroy #poshmark #fashion #style #shopmycloset #michaelmichaelkors #calvinklein #taylorstitch: https://posh.mk/AfKn8XWevmb
M Kathleen Hendrix,Hey Guys #TaylorStitch Just Put Their Entire Site 30% Off For The Fourth Of July! Shop Now!!https://ourfamily2yours.com/taylorstitchshortsleeveshirts…,So good I had to share! Check out all the items I'm loving on @Poshmarkapp from @JennaDevroy #poshmark #fashion #style #shopmycloset #michaelmichaelkors #calvinklein #taylorstitch: https://posh.mk/AfKn8XWevmb,"Add some spice to both your wardrobe and your margarita!New #taylorstitch Sunrise Print Shirt and #wandpdesign Spicy Margarita Mix!All available at http://journeymanshop.com Cheers, Todd"
Boynton Bargains,Hey Guys Need a NEW Wardrobe? Head Over To #TAYLORSTITCH and Get 25% Off Sitewide! Shop Now!https://ourfamily2yours.com/taylorstitchspringsale…,"Add some spice to both your wardrobe and your margarita!New #taylorstitch Sunrise Print Shirt and #wandpdesign Spicy Margarita Mix!All available at http://journeymanshop.com Cheers, Todd",CamoNow that the leaves are turning... I can stand out in this camo instead of blending in. Hope you are having a great #camtober@taylorstitch camo ojai@fieldnotesbrand pencil@redwingheritage Rover#camtober19 #camoflauge #taylorstitch #fieldnotes… https://ift.tt/30KRlFa
TL Sorenson,So good I had to share! Check out all the items I'm loving on @Poshmarkapp from @JennaDevroy #poshmark #fashion #style #shopmycloset #michaelmichaelkors #calvinklein #taylorstitch: https://posh.mk/AfKn8XWevmb,Deal of the Day! Taylor Stitch is hosting their Last Call Sale and you're invited to save and EXTRA 20% off last call items when you use promo code 'EXTRA50' at checkout! See the sale here: https://bit.ly/DOTD777#DOTD #ShopGenius #TaylorStitch #LastCall #Sale #Deal #Retail,So good I had to share! Check out all the items I'm loving on @Poshmarkapp #poshmark #fashion #style #shopmycloset #madewell #taylorstitch #milly: https://posh.mk/hWLojyDupob
Jennifer Montilino,CamoNow that the leaves are turning... I can stand out in this camo instead of blending in. Hope you are having a great #camtober@taylorstitch camo ojai@fieldnotesbrand pencil@redwingheritage Rover#camtober19 #camoflauge #taylorstitch #fieldnotes… https://ift.tt/30KRlFa,Apothecary and vintage jars available on our website - fabulous decor #selvedge #taylorstitch #andythorntonltd #decor #tobacco #tattooparlour #restaurant #restaurantideas #decoration #vintage #vintagestyle #bottles #americandecor #apothecary #tobacconist… https://instagr.am/p/CKeZW4PncbF/,So good I had to share! Check out all the items I'm loving on @Poshmarkapp #poshmark #fashion #style #shopmycloset #taylorstitch #americaneagleoutfitters: https://posh.mk/76kYeXxdC7
Highly Divine,Apothecary and vintage jars available on our website - fabulous decor #selvedge #taylorstitch #andythorntonltd #decor #tobacco #tattooparlour #restaurant #restaurantideas #decoration #vintage #vintagestyle #bottles #americandecor #apothecary #tobacconist… https://instagr.am/p/CKeZW4PncbF/,So good I had to share! Check out all the items I'm loving on @Poshmarkapp from @ARose4503 #poshmark #fashion #style #shopmycloset #taylorstitch #galaxygoldproducts #forever21: https://posh.mk/3mfnr5F8Cxb,So good I had to share! Check out all the items I'm loving on @Poshmarkapp #poshmark #fashion #style #shopmycloset #dickies #taylorstitch #huf: https://posh.mk/zno7kiqFwdb
momo ⁷ ,So good I had to share! Check out all the items I'm loving on @Poshmarkapp from @AutumnOlive4 @2squirrels1 #poshmark #fashion #style #shopmycloset #taylorstitch #columbia #nanettelepore: https://posh.mk/yIfMeexXAdb,denim x leatherindigo x navy•••••#menswear #menstyle #mensstyle #mensfashion #mensboots #workboots #workwear #ruggedwear #ruggedstyle #denimandleather #selvedgedenim #taylorstitch #japanesedenim #conemills… https://instagram.com/p/B7L4NN3J_B3/?igshid=177m2m2t8vnr3…,DEAL23.44% off to $98Taylor Stitch - The Jack in Terrace PlaidCheck out this deal and thousands of others from today's top deals.http://pricefinder.ai/products/39621369462861…#TaylorStitch #mens #plaid #oxford #buttondown #rugged #longhaulers #Untucked
Jason Le,So good I had to share! Check out all the items I'm loving on @Poshmarkapp from @ARose4503 #poshmark #fashion #style #shopmycloset #taylorstitch #galaxygoldproducts #forever21: https://posh.mk/3mfnr5F8Cxb,DEAL23.44% off to $98Taylor Stitch - The Jack in Terrace PlaidCheck out this deal and thousands of others from today's top deals.http://pricefinder.ai/products/39621369462861…#TaylorStitch #mens #plaid #oxford #buttondown #rugged #longhaulers #Untucked,So good I had to share! Check out all the items I'm loving on @Poshmarkapp from @8itten #poshmark #fashion #style #shopmycloset #coach #taylorstitch #farmacy: https://posh.mk/2NYlro3lftb
Pricefinder,So good I had to share! Check out all the items I'm loving on @Poshmarkapp #poshmark #fashion #style #shopmycloset #dickies #taylorstitch #huf: https://posh.mk/zno7kiqFwdb,So good I had to share! Check out all the items I'm loving on @Poshmarkapp from @8itten #poshmark #fashion #style #shopmycloset #coach #taylorstitch #farmacy: https://posh.mk/2NYlro3lftb,#TaylorStitch #Sale20OFF #EventscouponsHot promotion: Why don’t you use this Taylor Stitch coupon to save up to 20% OFF? Let’s come to get a coupon code to save your money!==>Get deals now: http://bit.ly/2VPsYXV==>Taylor Stitch coupon: http://bit.ly/2x9w6nb
Jeanine,denim x leatherindigo x navy•••••#menswear #menstyle #mensstyle #mensfashion #mensboots #workboots #workwear #ruggedwear #ruggedstyle #denimandleather #selvedgedenim #taylorstitch #japanesedenim #conemills… https://instagram.com/p/B7L4NN3J_B3/?igshid=177m2m2t8vnr3…,#TaylorStitch #Sale20OFF #EventscouponsHot promotion: Why don’t you use this Taylor Stitch coupon to save up to 20% OFF? Let’s come to get a coupon code to save your money!==>Get deals now: http://bit.ly/2VPsYXV==>Taylor Stitch coupon: http://bit.ly/2x9w6nb,So good I had to share! Check out all the items I'm loving on @Poshmarkapp from @shopfashionlush #poshmark #fashion #style #shopmycloset #nfl #underarmour #taylorstitch: https://posh.mk/JjDvcQCYrub
EventsCoupons,DEAL23.44% off to $98Taylor Stitch - The Jack in Terrace PlaidCheck out this deal and thousands of others from today's top deals.http://pricefinder.ai/products/39621369462861…#TaylorStitch #mens #plaid #oxford #buttondown #rugged #longhaulers #Untucked,So good I had to share! Check out all the items I'm loving on @Poshmarkapp from @shopfashionlush #poshmark #fashion #style #shopmycloset #nfl #underarmour #taylorstitch: https://posh.mk/JjDvcQCYrub,So good I had to share! Check out all the items I'm loving on @Poshmarkapp from @MaxMaxValue #poshmark #fashion #style #shopmycloset #thenorthface #taylorstitch #ivypark: https://posh.mk/2lzs6J6Fhob
TravNFT,So good I had to share! Check out all the items I'm loving on @Poshmarkapp from @8itten #poshmark #fashion #style #shopmycloset #coach #taylorstitch #farmacy: https://posh.mk/2NYlro3lftb,So good I had to share! Check out all the items I'm loving on @Poshmarkapp from @MaxMaxValue #poshmark #fashion #style #shopmycloset #thenorthface #taylorstitch #ivypark: https://posh.mk/2lzs6J6Fhob,So good I had to share! Check out all the items I'm loving on @Poshmarkapp #poshmark #fashion #style #shopmycloset #hollister #romwe #taylorstitch: https://posh.mk/P7rzTzf8Vsb
"Brandy Wendler, RN, MSN",#TaylorStitch #Sale20OFF #EventscouponsHot promotion: Why don’t you use this Taylor Stitch coupon to save up to 20% OFF? Let’s come to get a coupon code to save your money!==>Get deals now: http://bit.ly/2VPsYXV==>Taylor Stitch coupon: http://bit.ly/2x9w6nb,So good I had to share! Check out all the items I'm loving on @Poshmarkapp #poshmark #fashion #style #shopmycloset #hollister #romwe #taylorstitch: https://posh.mk/P7rzTzf8Vsb,"DEAL-30%The Lodge Beanie in CoffeeCheck out this deal and 8,503 others from today's top deals.http://pricefinder.ai/products/39604400685133…#TaylorStitch #beanie #sale #winter"
Sally Tuazon Zito,So good I had to share! Check out all the items I'm loving on @Poshmarkapp from @shopfashionlush #poshmark #fashion #style #shopmycloset #nfl #underarmour #taylorstitch: https://posh.mk/JjDvcQCYrub,"DEAL-30%The Lodge Beanie in CoffeeCheck out this deal and 8,503 others from today's top deals.http://pricefinder.ai/products/39604400685133…#TaylorStitch #beanie #sale #winter",#Flatlay by fashion savvy writer Beau Hayhoe (@beauhayhoe) with a #taylorstitch Ojai Jacket #denim #dailygrid #DailyWatch #EDC #everydaycarry #EveryDayCarry #mensfashion #mensgrooming #mensstyle #menswear #montres #OOTDMen #orologio #rawdenim #reloj #techne #TechneWatches
Techné watches,So good I had to share! Check out all the items I'm loving on @Poshmarkapp #poshmark #fashion #style #shopmycloset #hollister #romwe #taylorstitch: https://posh.mk/P7rzTzf8Vsb,So good I had to share! Check out all the items I'm loving on @Poshmarkapp #poshmark #fashion #style #shopmycloset #taylorstitch #unbranded #champion: https://posh.mk/wX7W9W4YEob,So good I had to share! Check out all the items I'm loving on @Poshmarkapp from @GonzoGirl55 #poshmark #fashion #style #shopmycloset #jcrew #taylorstitch #rewash: https://posh.mk/V6rUEJXsdkb
BeautyInnovate,#Flatlay by fashion savvy writer Beau Hayhoe (@beauhayhoe) with a #taylorstitch Ojai Jacket #denim #dailygrid #DailyWatch #EDC #everydaycarry #EveryDayCarry #mensfashion #mensgrooming #mensstyle #menswear #montres #OOTDMen #orologio #rawdenim #reloj #techne #TechneWatches,Keep warm while staying light on your feet with the 100% Recycled down fill of the #TaylorStitch x #MissionWorkshop Farallon Jacket.http://zpr.io/HTebw,"Taylor Stitch is looking for a Growth Marketing Manager (Portland, ME us) #TaylorStitch https://fantastichire.com/job/Taylor%20Stitch-Growth%20Marketing%20Manager-20200311000214…"
Fantastic Hire,So good I had to share! Check out all the items I'm loving on @Poshmarkapp from @GonzoGirl55 #poshmark #fashion #style #shopmycloset #jcrew #taylorstitch #rewash: https://posh.mk/V6rUEJXsdkb,indigo x black cherry•••••#menswear #menstyle #mensstyle #mensfashion #mensboots #workwear #workboots #taylorstitch #canvas #tannergoods #bravestarselvage #indigo #selvedge… https://instagram.com/p/BrvMuYonqC6/?utm_source=ig_twitter_share&igshid=1gvknttcc9rbr…,So good I had to share! Check out all the items I'm loving on @Poshmarkapp #poshmark #fashion #style #shopmycloset #taylorstitch #elisem #madewell: https://posh.mk/aG4JMrM8fdb
,"Top half from yesterday’s weekend look. @taylorstitch long haul jacket, @hertlingusa relaxed chinos, @spiermackay flannel shirt, and @equusleather belt....#taylorstitch #spierandmackay #hertling #equusleather #dapperlydone #mensfashionreview #mensclothing #dailystyle #da…",,
megan,"Top half from yesterday’s weekend look. @taylorstitch long haul jacket, @hertlingusa relaxed chinos, @spiermackay flannel shirt, and @equusleather belt....#taylorstitch #spierandmackay #hertling #equusleather #dapperlydone #mensfashionreview #mensclothing #dailystyle #da…",So good I had to share! Check out all the items I'm loving on @Poshmarkapp #poshmark #fashion #style #shopmycloset #taylorstitch #jcrew #samedelman: https://posh.mk/3nUe4nbNCxb,"The incredible texture of the @taylorstitch indigo waffle long haul jacket. Also paired with a @lucaavitabile Friday polo in khaki, and @blackhorselane denim....#taylorstitch #lucaavitabile #blackhorselane #dapperlydone #mensfashionreview #mensclothing #dailystyle #dappe…"
Burz,"The incredible texture of the @taylorstitch indigo waffle long haul jacket. Also paired with a @lucaavitabile Friday polo in khaki, and @blackhorselane denim....#taylorstitch #lucaavitabile #blackhorselane #dapperlydone #mensfashionreview #mensclothing #dailystyle #dappe…",Change your t-shirt and sneakers and you can elevate even the t-shirt and jeans look!#menswear #mensstyle #style #styletips #taylorstitch #mottandbow,So good I had to share! Check out all the items I'm loving on @Poshmarkapp from @SmtQuiltRetreat @scienceresell #poshmark #fashion #style #shopmycloset #anthonymarkhankins #taylorstitch #solutions: https://posh.mk/tij2W25pRwb
Barbara Harnsberger,So good I had to share! Check out all the items I'm loving on @Poshmarkapp from @SmtQuiltRetreat @scienceresell #poshmark #fashion #style #shopmycloset #anthonymarkhankins #taylorstitch #solutions: https://posh.mk/tij2W25pRwb,Hey Guys #TaylorStitch Just Put Their Entire Site 30% Off For The Fourth Of July! Shop Now!!https://ourfamily2yours.com/taylorstitchshortsleeveshirts…,Hey Guys Need a NEW Wardrobe? Head Over To #TAYLORSTITCH and Get 25% Off Sitewide! Shop Now!https://ourfamily2yours.com/taylorstitchspringsale…
Barbara Harnsberger,Hey Guys #TaylorStitch Just Put Their Entire Site 30% Off For The Fourth Of July! Shop Now!!https://ourfamily2yours.com/taylorstitchshortsleeveshirts…,So good I had to share! Check out all the items I'm loving on @Poshmarkapp #poshmark #fashion #style #shopmycloset #taylorstitch #madewell #gucci: https://posh.mk/YxjV5QkHvfb,So good I had to share! Check out all the items I'm loving on @Poshmarkapp from @JennaDevroy #poshmark #fashion #style #shopmycloset #michaelmichaelkors #calvinklein #taylorstitch: https://posh.mk/AfKn8XWevmb
M Kathleen Hendrix,Hey Guys Need a NEW Wardrobe? Head Over To #TAYLORSTITCH and Get 25% Off Sitewide! Shop Now!https://ourfamily2yours.com/taylorstitchspringsale…,So good I had to share! Check out all the items I'm loving on @Poshmarkapp from @JennaDevroy #poshmark #fashion #style #shopmycloset #michaelmichaelkors #calvinklein #taylorstitch: https://posh.mk/AfKn8XWevmb,"Add some spice to both your wardrobe and your margarita!New #taylorstitch Sunrise Print Shirt and #wandpdesign Spicy Margarita Mix!All available at http://journeymanshop.com Cheers, Todd"
Boynton Bargains,So good I had to share! Check out all the items I'm loving on @Poshmarkapp #poshmark #fashion #style #shopmycloset #taylorstitch #madewell #gucci: https://posh.mk/YxjV5QkHvfb,"Add some spice to both your wardrobe and your margarita!New #taylorstitch Sunrise Print Shirt and #wandpdesign Spicy Margarita Mix!All available at http://journeymanshop.com Cheers, Todd",CamoNow that the leaves are turning... I can stand out in this camo instead of blending in. Hope you are having a great #camtober@taylorstitch camo ojai@fieldnotesbrand pencil@redwingheritage Rover#camtober19 #camoflauge #taylorstitch #fieldnotes… https://ift.tt/30KRlFa
TL Sorenson,"Add some spice to both your wardrobe and your margarita!New #taylorstitch Sunrise Print Shirt and #wandpdesign Spicy Margarita Mix!All available at http://journeymanshop.com Cheers, Todd",Deal of the Day! Taylor Stitch is hosting their Last Call Sale and you're invited to save and EXTRA 20% off last call items when you use promo code 'EXTRA50' at checkout! See the sale here: https://bit.ly/DOTD777#DOTD #ShopGenius #TaylorStitch #LastCall #Sale #Deal #Retail,So good I had to share! Check out all the items I'm loving on @Poshmarkapp #poshmark #fashion #style #shopmycloset #madewell #taylorstitch #milly: https://posh.mk/hWLojyDupob
Jennifer Montilino,Deal of the Day! Taylor Stitch is hosting their Last Call Sale and you're invited to save and EXTRA 20% off last call items when you use promo code 'EXTRA50' at checkout! See the sale here: https://bit.ly/DOTD777#DOTD #ShopGenius #TaylorStitch #LastCall #Sale #Deal #Retail,Apothecary and vintage jars available on our website - fabulous decor #selvedge #taylorstitch #andythorntonltd #decor #tobacco #tattooparlour #restaurant #restaurantideas #decoration #vintage #vintagestyle #bottles #americandecor #apothecary #tobacconist… https://instagr.am/p/CKeZW4PncbF/,So good I had to share! Check out all the items I'm loving on @Poshmarkapp #poshmark #fashion #style #shopmycloset #taylorstitch #americaneagleoutfitters: https://posh.mk/76kYeXxdC7
Highly Divine,So good I had to share! Check out all the items I'm loving on @Poshmarkapp #poshmark #fashion #style #shopmycloset #taylorstitch #americaneagleoutfitters: https://posh.mk/76kYeXxdC7,DEAL23.44% off to $98Taylor Stitch - The Jack in Terrace PlaidCheck out this deal and thousands of others from today's top deals.http://pricefinder.ai/products/39621369462861…#TaylorStitch #mens #plaid #oxford #buttondown #rugged #longhaulers #Untucked,So good I had to share! Check out all the items I'm loving on @Poshmarkapp from @ARose4503 #poshmark #fashion #style #shopmycloset #taylorstitch #galaxygoldproducts #forever21: https://posh.mk/3mfnr5F8Cxb
Sandra Cline,DEAL23.44% off to $98Taylor Stitch - The Jack in Terrace PlaidCheck out this deal and thousands of others from today's top deals.http://pricefinder.ai/products/39621369462861…#TaylorStitch #mens #plaid #oxford #buttondown #rugged #longhaulers #Untucked,So good I had to share! Check out all the items I'm loving on @Poshmarkapp #poshmark #fashion #style #shopmycloset #dickies #taylorstitch #huf: https://posh.mk/zno7kiqFwdb,denim x leatherindigo x navy•••••#menswear #menstyle #mensstyle #mensfashion #mensboots #workboots #workwear #ruggedwear #ruggedstyle #denimandleather #selvedgedenim #taylorstitch #japanesedenim #conemills… https://instagram.com/p/B7L4NN3J_B3/?igshid=177m2m2t8vnr3…
Jason Le,So good I had to share! Check out all the items I'm loving on @Poshmarkapp #poshmark #fashion #style #shopmycloset #dickies #taylorstitch #huf: https://posh.mk/zno7kiqFwdb,So good I had to share! Check out all the items I'm loving on @Poshmarkapp from @8itten #poshmark #fashion #style #shopmycloset #coach #taylorstitch #farmacy: https://posh.mk/2NYlro3lftb,#TaylorStitch #Sale20OFF #EventscouponsHot promotion: Why don’t you use this Taylor Stitch coupon to save up to 20% OFF? Let’s come to get a coupon code to save your money!==>Get deals now: http://bit.ly/2VPsYXV==>Taylor Stitch coupon: http://bit.ly/2x9w6nb
Jeanine,denim x leatherindigo x navy•••••#menswear #menstyle #mensstyle #mensfashion #mensboots #workboots #workwear #ruggedwear #ruggedstyle #denimandleather #selvedgedenim #taylorstitch #japanesedenim #conemills… https://instagram.com/p/B7L4NN3J_B3/?igshid=177m2m2t8vnr3…,#TaylorStitch #Sale20OFF #EventscouponsHot promotion: Why don’t you use this Taylor Stitch coupon to save up to 20% OFF? Let’s come to get a coupon code to save your money!==>Get deals now: http://bit.ly/2VPsYXV==>Taylor Stitch coupon: http://bit.ly/2x9w6nb,So good I had to share! Check out all the items I'm loving on @Poshmarkapp from @shopfashionlush #poshmark #fashion #style #shopmycloset #nfl #underarmour #taylorstitch: https://posh.mk/JjDvcQCYrub
EventsCoupons,So good I had to share! Check out all the items I'm loving on @Poshmarkapp from @8itten #poshmark #fashion #style #shopmycloset #coach #taylorstitch #farmacy: https://posh.mk/2NYlro3lftb,So good I had to share! Check out all the items I'm loving on @Poshmarkapp from @shopfashionlush #poshmark #fashion #style #shopmycloset #nfl #underarmour #taylorstitch: https://posh.mk/JjDvcQCYrub,So good I had to share! Check out all the items I'm loving on @Poshmarkapp from @MaxMaxValue #poshmark #fashion #style #shopmycloset #thenorthface #taylorstitch #ivypark: https://posh.mk/2lzs6J6Fhob
TravNFT,#TaylorStitch #Sale20OFF #EventscouponsHot promotion: Why don’t you use this Taylor Stitch coupon to save up to 20% OFF? Let’s come to get a coupon code to save your money!==>Get deals now: http://bit.ly/2VPsYXV==>Taylor Stitch coupon: http://bit.ly/2x9w6nb,So good I had to share! Check out all the items I'm loving on @Poshmarkapp from @MaxMaxValue #poshmark #fashion #style #shopmycloset #thenorthface #taylorstitch #ivypark: https://posh.mk/2lzs6J6Fhob,So good I had to share! Check out all the items I'm loving on @Poshmarkapp #poshmark #fashion #style #shopmycloset #hollister #romwe #taylorstitch: https://posh.mk/P7rzTzf8Vsb
"Brandy Wendler, RN, MSN",So good I had to share! Check out all the items I'm loving on @Poshmarkapp from @shopfashionlush #poshmark #fashion #style #shopmycloset #nfl #underarmour #taylorstitch: https://posh.mk/JjDvcQCYrub,So good I had to share! Check out all the items I'm loving on @Poshmarkapp #poshmark #fashion #style #shopmycloset #hollister #romwe #taylorstitch: https://posh.mk/P7rzTzf8Vsb,"DEAL-30%The Lodge Beanie in CoffeeCheck out this deal and 8,503 others from today's top deals.http://pricefinder.ai/products/39604400685133…#TaylorStitch #beanie #sale #winter"
Sally Tuazon Zito,So good I had to share! Check out all the items I'm loving on @Poshmarkapp from @MaxMaxValue #poshmark #fashion #style #shopmycloset #thenorthface #taylorstitch #ivypark: https://posh.mk/2lzs6J6Fhob,"DEAL-30%The Lodge Beanie in CoffeeCheck out this deal and 8,503 others from today's top deals.http://pricefinder.ai/products/39604400685133…#TaylorStitch #beanie #sale #winter",#Flatlay by fashion savvy writer Beau Hayhoe (@beauhayhoe) with a #taylorstitch Ojai Jacket #denim #dailygrid #DailyWatch #EDC #everydaycarry #EveryDayCarry #mensfashion #mensgrooming #mensstyle #menswear #montres #OOTDMen #orologio #rawdenim #reloj #techne #TechneWatches
Techné watches,"DEAL-30%The Lodge Beanie in CoffeeCheck out this deal and 8,503 others from today's top deals.http://pricefinder.ai/products/39604400685133…#TaylorStitch #beanie #sale #winter",So good I had to share! Check out all the items I'm loving on @Poshmarkapp #poshmark #fashion #style #shopmycloset #taylorstitch #unbranded #champion: https://posh.mk/wX7W9W4YEob,So good I had to share! Check out all the items I'm loving on @Poshmarkapp from @GonzoGirl55 #poshmark #fashion #style #shopmycloset #jcrew #taylorstitch #rewash: https://posh.mk/V6rUEJXsdkb
BeautyInnovate,So good I had to share! Check out all the items I'm loving on @Poshmarkapp #poshmark #fashion #style #shopmycloset #taylorstitch #unbranded #champion: https://posh.mk/wX7W9W4YEob,Keep warm while staying light on your feet with the 100% Recycled down fill of the #TaylorStitch x #MissionWorkshop Farallon Jacket.http://zpr.io/HTebw,"Taylor Stitch is looking for a Growth Marketing Manager (Portland, ME us) #TaylorStitch https://fantastichire.com/job/Taylor%20Stitch-Growth%20Marketing%20Manager-20200311000214…"
Fantastic Hire,Keep warm while staying light on your feet with the 100% Recycled down fill of the #TaylorStitch x #MissionWorkshop Farallon Jacket.http://zpr.io/HTebw,"DEAL -25.25% The Weekend Cardigan in Navy Herringbone WoolCheck out this deal and 5,089 others from today's top deals.http://pricefinder.ai/products/39671838769229…#TaylorStitch #cardigan #wool",indigo x black cherry•••••#menswear #menstyle #mensstyle #mensfashion #mensboots #workwear #workboots #taylorstitch #canvas #tannergoods #bravestarselvage #indigo #selvedge… https://instagram.com/p/BrvMuYonqC6/?utm_source=ig_twitter_share&igshid=1gvknttcc9rbr…
Pricefinder,"Taylor Stitch is looking for a Growth Marketing Manager (Portland, ME us) #TaylorStitch https://fantastichire.com/job/Taylor%20Stitch-Growth%20Marketing%20Manager-20200311000214…",indigo x black cherry•••••#menswear #menstyle #mensstyle #mensfashion #mensboots #workwear #workboots #taylorstitch #canvas #tannergoods #bravestarselvage #indigo #selvedge… https://instagram.com/p/BrvMuYonqC6/?utm_source=ig_twitter_share&igshid=1gvknttcc9rbr…,So good I had to share! Check out all the items I'm loving on @Poshmarkapp #poshmark #fashion #style #shopmycloset #taylorstitch #elisem #madewell: https://posh.mk/aG4JMrM8fdb
Jason Le,"DEAL -25.25% The Weekend Cardigan in Navy Herringbone WoolCheck out this deal and 5,089 others from today's top deals.http://pricefinder.ai/products/39671838769229…#TaylorStitch #cardigan #wool",So good I had to share! Check out all the items I'm loving on @Poshmarkapp #poshmark #fashion #style #shopmycloset #taylorstitch #elisem #madewell: https://posh.mk/aG4JMrM8fdb,waxed canvas on canvas•••••#mensfashion #menstyle #menswear #mensstyle #ruggedwear #workwear #ruggedstyle #waxedcanvas #japaneseselvedge #workboots #mensboots #taylorstitch #1350leather #shipjohn… https://instagram.com/p/B8c0Hv3JaKB/?igshid=hm6etonfst1p…
Rixxi's Closet,indigo x black cherry•••••#menswear #menstyle #mensstyle #mensfashion #mensboots #workwear #workboots #taylorstitch #canvas #tannergoods #bravestarselvage #indigo #selvedge… https://instagram.com/p/BrvMuYonqC6/?utm_source=ig_twitter_share&igshid=1gvknttcc9rbr…,waxed canvas on canvas•••••#mensfashion #menstyle #menswear #mensstyle #ruggedwear #workwear #ruggedstyle #waxedcanvas #japaneseselvedge #workboots #mensboots #taylorstitch #1350leather #shipjohn… https://instagram.com/p/B8c0Hv3JaKB/?igshid=hm6etonfst1p…,